Lat,Lng, ConvOutlook_201407041200
48.4,-125.2,0.0
48.0,-125.2,0.0
47.6,-125.2,0.0
42.8,-125.2,0.0
48.8,-108.0,2.0
48.4,-108.0,2.0
48.0,-108.0,2.0
47.6,-108.0,2.0
47.2,-108.0,2.0
46.8,-108.0,2.0
46.4,-108.0,2.0
46.0,-108.0,2.0
45.6,-108.0,2.0
45.2,-108.0,2.0
44.4,-108.0,2.0
44.8,-108.0,2.0
43.2,-108.0,2.0
43.6,-108.0,2.0
44.0,-108.0,2.0
42.4,-108.0,2.0
42.8,-108.0,2.0
41.2,-108.0,2.0
41.6,-108.0,2.0
42.0,-108.0,2.0
40.4,-108.0,2.0
40.8,-108.0,2.0
39.2,-108.0,2.0
39.6,-108.0,2.0
40.0,-108.0,2.0
38.4,-108.0,2.0
38.8,-108.0,2.0
38.0,-108.0,2.0
37.6,-108.0,2.0
37.2,-108.0,2.0
36.8,-108.0,2.0
36.4,-108.0,2.0
36.0,-108.0,2.0
35.6,-108.0,2.0
35.2,-108.0,2.0
34.8,-108.0,2.0
34.4,-108.0,2.0
34.0,-108.0,2.0
33.2,-108.0,2.0
33.6,-108.0,2.0
32.4,-108.0,2.0
32.8,-108.0,2.0
31.6,-108.0,2.0
32.0,-108.0,2.0
48.4,-90.8,2.0
48.0,-90.8,2.0
47.6,-90.8,2.0
47.2,-90.8,2.0
46.8,-90.8,2.0
46.4,-90.8,2.0
46.0,-90.8,2.0
45.6,-90.8,2.0
45.2,-90.8,2.0
44.4,-90.8,0.0
44.8,-90.8,0.7777777777777778
43.2,-90.8,0.0
43.6,-90.8,0.0
44.0,-90.8,0.0
42.4,-90.8,0.0
42.8,-90.8,0.0
41.2,-90.8,0.0
41.6,-90.8,0.0
42.0,-90.8,0.0
40.4,-90.8,0.0
40.8,-90.8,0.0
39.2,-90.8,0.0
39.6,-90.8,0.0
40.0,-90.8,0.0
38.4,-90.8,0.0
38.8,-90.8,0.0
38.0,-90.8,0.0
37.6,-90.8,0.0
37.2,-90.8,0.0
36.8,-90.8,0.0
36.4,-90.8,0.0
36.0,-90.8,0.0
35.6,-90.8,0.0
35.2,-90.8,0.0
34.8,-90.8,0.0
34.4,-90.8,0.0
33.2,-90.8,0.0
33.6,-90.8,0.0
34.0,-90.8,0.0
32.4,-90.8,0.0
32.8,-90.8,0.0
31.6,-90.8,1.2835820895522387
31.2,-90.8,2.0
32.0,-90.8,0.0
30.8,-90.8,2.0
30.4,-90.8,2.0
30.0,-90.8,2.0
29.2,-90.8,2.0
29.6,-90.8,2.0
28.8,-90.8,2.0
45.2,-73.6,0.0
44.8,-73.6,0.0
44.4,-73.6,0.0
43.2,-73.6,0.03225806451612903
43.6,-73.6,0.0
44.0,-73.6,0.0
42.4,-73.6,2.0
42.8,-73.6,1.5873015873015872
41.2,-73.6,2.0
41.6,-73.6,2.0
42.0,-73.6,2.0
40.4,-73.6,2.0
40.8,-73.6,2.0
39.6,-73.6,2.0
40.0,-73.6,2.0
48.4,-124.0,0.0
48.0,-124.0,0.0
47.6,-124.0,0.0
47.2,-124.0,0.0
46.8,-124.0,0.0
46.4,-124.0,0.0
46.0,-124.0,0.0
45.6,-124.0,0.0
45.2,-124.0,0.0
44.8,-124.0,0.0
44.4,-124.0,0.0
44.0,-124.0,0.0
43.6,-124.0,0.0
43.2,-124.0,0.0
42.4,-124.0,0.0
42.8,-124.0,0.0
41.2,-124.0,0.0
41.6,-124.0,0.0
42.0,-124.0,0.0
40.4,-124.0,0.0
40.8,-124.0,0.0
39.2,-124.0,0.0
39.6,-124.0,0.0
40.0,-124.0,0.0
38.4,-124.0,0.0
38.8,-124.0,0.0
48.8,-106.8,2.0
48.4,-106.8,2.0
48.0,-106.8,2.0
47.6,-106.8,2.0
47.2,-106.8,2.0
46.8,-106.8,2.0
46.4,-106.8,2.0
46.0,-106.8,2.0
45.6,-106.8,2.0
45.2,-106.8,2.0
44.4,-106.8,2.0
44.8,-106.8,2.0
43.2,-106.8,2.0
43.6,-106.8,2.0
44.0,-106.8,2.0
42.4,-106.8,2.0
42.8,-106.8,2.0
41.2,-106.8,2.0
41.6,-106.8,2.0
42.0,-106.8,2.0
40.4,-106.8,2.0
40.8,-106.8,2.0
39.2,-106.8,2.0
39.6,-106.8,2.0
40.0,-106.8,2.0
38.4,-106.8,2.0
38.8,-106.8,2.0
38.0,-106.8,2.0
37.6,-106.8,2.0
37.2,-106.8,2.0
36.8,-106.8,2.0
36.4,-106.8,2.0
36.0,-106.8,2.0
35.6,-106.8,2.0
35.2,-106.8,2.0
34.8,-106.8,2.0
34.4,-106.8,2.0
33.2,-106.8,2.0
33.6,-106.8,2.0
34.0,-106.8,2.0
32.4,-106.8,2.0
32.8,-106.8,2.0
31.6,-106.8,2.0
32.0,-106.8,2.0
48.0,-89.6,2.0
47.6,-89.6,2.0
47.2,-89.6,2.0
46.8,-89.6,2.0
46.4,-89.6,2.0
46.0,-89.6,2.0
45.6,-89.6,2.0
45.2,-89.6,2.0
44.4,-89.6,1.0163934426229508
44.8,-89.6,2.0
43.2,-89.6,0.0
43.6,-89.6,0.0
44.0,-89.6,0.0
42.4,-89.6,0.0
42.8,-89.6,0.0
41.2,-89.6,0.0
41.6,-89.6,0.0
42.0,-89.6,0.0
40.4,-89.6,0.0
40.8,-89.6,0.0
39.2,-89.6,0.0
39.6,-89.6,0.0
40.0,-89.6,0.0
38.4,-89.6,0.0
38.8,-89.6,0.0
38.0,-89.6,0.0
37.6,-89.6,0.0
37.2,-89.6,0.0
36.8,-89.6,0.0
36.4,-89.6,0.0
36.0,-89.6,0.0
35.6,-89.6,0.0
35.2,-89.6,0.0
34.8,-89.6,0.0
34.4,-89.6,0.0
33.2,-89.6,0.0
33.6,-89.6,0.0
34.0,-89.6,0.0
32.4,-89.6,0.0
32.8,-89.6,0.0
31.6,-89.6,1.1764705882352942
31.2,-89.6,2.0
32.0,-89.6,0.0
30.8,-89.6,2.0
30.4,-89.6,2.0
30.0,-89.6,2.0
29.2,-89.6,2.0
29.6,-89.6,2.0
28.4,-89.6,2.0
28.8,-89.6,2.0
45.2,-72.4,0.0
44.8,-72.4,0.0
44.4,-72.4,0.0
43.2,-72.4,2.0
43.6,-72.4,0.53125
44.0,-72.4,0.0
42.4,-72.4,2.0
42.8,-72.4,2.0
41.2,-72.4,2.0
41.6,-72.4,2.0
42.0,-72.4,2.0
40.4,-72.4,2.0
40.8,-72.4,2.0
49.2,-122.8,0.0
48.8,-122.8,0.0
48.4,-122.8,0.0
48.0,-122.8,0.0
47.6,-122.8,0.0
47.2,-122.8,0.0
46.8,-122.8,0.0
46.4,-122.8,0.0
46.0,-122.8,0.0
45.6,-122.8,0.0
45.2,-122.8,0.0
44.8,-122.8,0.0
44.4,-122.8,0.0
44.0,-122.8,0.0
43.2,-122.8,0.0
43.6,-122.8,0.0
42.4,-122.8,0.0
42.8,-122.8,0.0
41.2,-122.8,0.0
41.6,-122.8,0.0
42.0,-122.8,0.0
40.4,-122.8,0.0
40.8,-122.8,0.0
39.2,-122.8,0.0
39.6,-122.8,0.0
40.0,-122.8,0.0
38.4,-122.8,0.0
38.8,-122.8,0.0
37.2,-122.8,0.0
37.6,-122.8,0.0
38.0,-122.8,0.0
36.8,-122.8,0.0
35.6,-122.8,0.0
49.2,-105.6,2.0
48.8,-105.6,1.9672131147540983
48.4,-105.6,2.0
48.0,-105.6,2.0
47.6,-105.6,2.0
47.2,-105.6,2.0
46.8,-105.6,2.0
46.4,-105.6,2.0
46.0,-105.6,2.0
45.6,-105.6,2.0
45.2,-105.6,2.0
44.4,-105.6,2.0
44.8,-105.6,2.0
43.2,-105.6,2.0
43.6,-105.6,2.0
44.0,-105.6,2.0
42.4,-105.6,2.0
42.8,-105.6,2.0
41.2,-105.6,2.0
41.6,-105.6,2.0
42.0,-105.6,2.0
40.4,-105.6,2.0
40.8,-105.6,2.0
39.2,-105.6,2.0
39.6,-105.6,2.0
40.0,-105.6,2.0
38.4,-105.6,2.0
38.8,-105.6,2.0
38.0,-105.6,2.0
37.6,-105.6,2.0
37.2,-105.6,2.0
36.8,-105.6,2.0
36.4,-105.6,2.0
36.0,-105.6,2.0
35.6,-105.6,2.0
35.2,-105.6,2.0
34.8,-105.6,2.0
34.4,-105.6,2.0
33.2,-105.6,2.0
33.6,-105.6,2.0
34.0,-105.6,2.0
32.4,-105.6,2.0
32.8,-105.6,2.0
31.6,-105.6,2.0
31.2,-105.6,2.0
32.0,-105.6,2.0
48.4,-88.4,2.0
30.8,-105.6,2.0
48.0,-88.4,2.0
47.6,-88.4,2.0
47.2,-88.4,2.0
46.8,-88.4,2.0
46.4,-88.4,2.0
46.0,-88.4,2.0
45.6,-88.4,2.0
45.2,-88.4,2.0
44.4,-88.4,1.4666666666666666
44.8,-88.4,2.0
43.2,-88.4,0.0
43.6,-88.4,0.0
44.0,-88.4,0.0
42.4,-88.4,0.0
42.8,-88.4,0.0
41.2,-88.4,0.0
41.6,-88.4,0.0
42.0,-88.4,0.0
40.4,-88.4,0.0
40.8,-88.4,0.0
39.2,-88.4,0.0
39.6,-88.4,0.0
40.0,-88.4,0.0
38.4,-88.4,0.0
38.8,-88.4,0.0
38.0,-88.4,0.0
37.6,-88.4,0.0
37.2,-88.4,0.0
36.8,-88.4,0.0
36.4,-88.4,0.0
36.0,-88.4,0.0
35.6,-88.4,0.0
35.2,-88.4,0.0
34.8,-88.4,0.0
34.4,-88.4,0.0
33.2,-88.4,0.0
33.6,-88.4,0.0
34.0,-88.4,0.0
32.4,-88.4,0.0
32.8,-88.4,0.0
31.6,-88.4,1.9701492537313432
31.2,-88.4,2.0
32.0,-88.4,0.15151515151515152
30.8,-88.4,2.0
30.4,-88.4,2.0
30.0,-88.4,2.0
29.6,-88.4,2.0
45.2,-71.2,0.0
44.8,-71.2,0.0
44.4,-71.2,0.0
43.2,-71.2,2.0
43.6,-71.2,2.0
44.0,-71.2,1.59375
42.4,-71.2,2.0
42.8,-71.2,2.0
41.2,-71.2,2.0
41.6,-71.2,2.0
42.0,-71.2,2.0
40.8,-71.2,2.0
49.2,-121.6,0.0
48.8,-121.6,0.0
48.4,-121.6,0.0
48.0,-121.6,0.0
47.6,-121.6,0.0
47.2,-121.6,0.0
46.8,-121.6,0.0
46.4,-121.6,0.0
46.0,-121.6,0.0
45.6,-121.6,0.0
45.2,-121.6,0.0
44.8,-121.6,0.0
44.4,-121.6,0.0
44.0,-121.6,0.0
43.2,-121.6,0.0
43.6,-121.6,0.0
42.4,-121.6,0.0
42.8,-121.6,0.0
41.2,-121.6,0.0
41.6,-121.6,0.0
42.0,-121.6,0.0
40.4,-121.6,0.0
40.8,-121.6,0.0
39.2,-121.6,0.0
39.6,-121.6,0.0
40.0,-121.6,0.0
38.4,-121.6,0.0
38.8,-121.6,0.0
37.2,-121.6,0.0
37.6,-121.6,0.0
38.0,-121.6,0.0
36.4,-121.6,0.0
36.8,-121.6,0.0
36.0,-121.6,0.0
35.6,-121.6,0.0
35.2,-121.6,0.0
34.8,-121.6,0.0
34.4,-121.6,0.0
48.8,-104.4,0.0
48.4,-104.4,0.8387096774193549
48.0,-104.4,2.0
47.6,-104.4,2.0
47.2,-104.4,2.0
46.8,-104.4,2.0
46.4,-104.4,2.0
46.0,-104.4,2.0
45.6,-104.4,2.0
45.2,-104.4,2.0
44.4,-104.4,2.0
44.8,-104.4,2.0
43.2,-104.4,2.0
43.6,-104.4,2.0
44.0,-104.4,2.0
42.4,-104.4,2.0
42.8,-104.4,2.0
41.2,-104.4,2.0
41.6,-104.4,2.0
42.0,-104.4,2.0
40.4,-104.4,2.0
40.8,-104.4,2.0
39.2,-104.4,2.0
39.6,-104.4,2.0
40.0,-104.4,2.0
38.4,-104.4,2.0
38.8,-104.4,2.0
38.0,-104.4,2.0
37.6,-104.4,2.0
37.2,-104.4,2.0
36.8,-104.4,2.0
36.4,-104.4,2.0
36.0,-104.4,2.0
35.6,-104.4,2.0
35.2,-104.4,2.0
34.8,-104.4,2.0
34.4,-104.4,2.0
33.2,-104.4,2.0
33.6,-104.4,2.0
34.0,-104.4,2.0
32.4,-104.4,2.0
32.8,-104.4,2.0
31.6,-104.4,2.0
31.2,-104.4,2.0
32.0,-104.4,2.0
30.8,-104.4,1.9402985074626866
30.4,-104.4,0.15625
48.0,-87.2,2.0
47.6,-87.2,2.0
47.2,-87.2,2.0
30.0,-104.4,0.0
29.6,-104.4,0.0
46.8,-87.2,2.0
46.4,-87.2,2.0
46.0,-87.2,2.0
45.6,-87.2,2.0
45.2,-87.2,2.0
44.4,-87.2,0.0
44.8,-87.2,1.0149253731343284
43.2,-87.2,0.0
43.6,-87.2,0.0
44.0,-87.2,0.0
42.4,-87.2,0.0
42.8,-87.2,0.0
41.2,-87.2,0.0
41.6,-87.2,0.0
42.0,-87.2,0.0
40.4,-87.2,0.0
40.8,-87.2,0.0
39.2,-87.2,0.0
39.6,-87.2,0.0
40.0,-87.2,0.0
38.4,-87.2,0.0
38.8,-87.2,0.0
38.0,-87.2,0.0
37.6,-87.2,0.0
37.2,-87.2,0.0
36.8,-87.2,0.0
36.4,-87.2,0.0
36.0,-87.2,0.0
35.6,-87.2,0.0
35.2,-87.2,0.0
34.8,-87.2,0.0
34.4,-87.2,0.0
33.2,-87.2,0.0
33.6,-87.2,0.0
34.0,-87.2,0.0
32.4,-87.2,0.0
32.8,-87.2,0.0
31.6,-87.2,2.0
31.2,-87.2,2.0
32.0,-87.2,1.7014925373134329
30.8,-87.2,2.0
30.4,-87.2,2.0
30.0,-87.2,2.0
46.8,-70.0,0.0
46.4,-70.0,0.0
46.0,-70.0,0.0
45.6,-70.0,0.0
45.2,-70.0,0.0
44.8,-70.0,1.1612903225806452
44.4,-70.0,2.0
44.0,-70.0,2.0
43.2,-70.0,2.0
43.6,-70.0,2.0
42.4,-70.0,2.0
42.8,-70.0,2.0
41.2,-70.0,2.0
41.6,-70.0,2.0
42.0,-70.0,2.0
40.8,-70.0,2.0
49.2,-120.4,0.0
48.8,-120.4,0.0
48.4,-120.4,0.0
48.0,-120.4,0.0
47.6,-120.4,0.0
47.2,-120.4,0.0
46.8,-120.4,0.0
46.4,-120.4,0.0
46.0,-120.4,0.0
45.6,-120.4,0.0
45.2,-120.4,0.0
44.8,-120.4,0.0
44.4,-120.4,0.0
44.0,-120.4,0.0
43.2,-120.4,0.0
43.6,-120.4,0.0
42.4,-120.4,0.0
42.8,-120.4,0.0
41.2,-120.4,0.0
41.6,-120.4,0.0
42.0,-120.4,0.0
40.4,-120.4,0.0
40.8,-120.4,0.0
39.2,-120.4,0.0
39.6,-120.4,0.0
40.0,-120.4,0.0
38.4,-120.4,0.0
38.8,-120.4,0.0
37.2,-120.4,0.0
37.6,-120.4,0.0
38.0,-120.4,0.0
36.4,-120.4,0.0
36.8,-120.4,0.0
36.0,-120.4,0.0
35.6,-120.4,0.0
35.2,-120.4,0.0
34.8,-120.4,0.0
34.4,-120.4,0.0
48.8,-103.2,0.0
48.4,-103.2,0.0
48.0,-103.2,0.0
47.6,-103.2,1.2258064516129032
47.2,-103.2,2.0
46.8,-103.2,2.0
46.4,-103.2,2.0
46.0,-103.2,2.0
45.6,-103.2,2.0
45.2,-103.2,2.0
44.4,-103.2,2.0
44.8,-103.2,2.0
43.2,-103.2,2.0
43.6,-103.2,2.0
44.0,-103.2,2.0
42.4,-103.2,2.0
42.8,-103.2,2.0
41.2,-103.2,2.0
41.6,-103.2,2.0
42.0,-103.2,2.0
40.4,-103.2,2.0
40.8,-103.2,2.0
39.2,-103.2,2.0
39.6,-103.2,2.0
40.0,-103.2,2.0
38.4,-103.2,2.0
38.8,-103.2,2.0
38.0,-103.2,2.0
37.6,-103.2,2.0
37.2,-103.2,2.0
36.8,-103.2,2.0
36.4,-103.2,2.0
36.0,-103.2,2.0
35.6,-103.2,2.0
35.2,-103.2,2.0
34.8,-103.2,2.0
34.4,-103.2,2.0
33.2,-103.2,2.0
33.6,-103.2,2.0
34.0,-103.2,2.0
32.4,-103.2,2.0
32.8,-103.2,2.0
31.6,-103.2,2.0
31.2,-103.2,1.911764705882353
32.0,-103.2,2.0
30.8,-103.2,0.06153846153846154
30.4,-103.2,0.0
47.6,-86.0,2.0
47.2,-86.0,2.0
30.0,-103.2,0.0
29.2,-103.2,0.5483870967741935
29.6,-103.2,0.0
46.8,-86.0,2.0
46.4,-86.0,2.0
28.8,-103.2,2.0
46.0,-86.0,2.0
45.6,-86.0,2.0
45.2,-86.0,0.45614035087719296
44.4,-86.0,0.0
44.8,-86.0,0.0
43.2,-86.0,0.0
43.6,-86.0,0.0
44.0,-86.0,0.0
42.4,-86.0,0.0
42.8,-86.0,0.0
41.2,-86.0,0.0
41.6,-86.0,0.0
42.0,-86.0,0.0
40.4,-86.0,0.0
40.8,-86.0,0.0
39.2,-86.0,0.0
39.6,-86.0,0.0
40.0,-86.0,0.0
38.4,-86.0,0.0
38.8,-86.0,0.0
38.0,-86.0,0.0
37.6,-86.0,0.0
37.2,-86.0,0.0
36.8,-86.0,0.0
36.4,-86.0,0.0
36.0,-86.0,0.0
35.6,-86.0,0.0
35.2,-86.0,0.0
34.8,-86.0,0.0
34.4,-86.0,0.0
33.2,-86.0,0.0
33.6,-86.0,0.0
34.0,-86.0,0.0
32.4,-86.0,1.3428571428571427
32.8,-86.0,0.0
31.6,-86.0,2.0
31.2,-86.0,2.0
32.0,-86.0,2.0
30.8,-86.0,2.0
30.4,-86.0,2.0
47.2,-68.8,0.0
30.0,-86.0,2.0
29.6,-86.0,2.0
46.8,-68.8,0.0
46.4,-68.8,0.0
46.0,-68.8,0.09836065573770492
45.6,-68.8,1.6825396825396826
45.2,-68.8,2.0
44.8,-68.8,2.0
44.4,-68.8,2.0
44.0,-68.8,2.0
43.6,-68.8,2.0
49.2,-119.2,0.0
48.8,-119.2,0.0
48.4,-119.2,0.0
48.0,-119.2,0.0
47.6,-119.2,0.0
47.2,-119.2,0.0
46.8,-119.2,0.0
46.4,-119.2,0.0
46.0,-119.2,0.0
45.6,-119.2,0.0
45.2,-119.2,0.0
44.8,-119.2,0.0
44.4,-119.2,0.0
43.2,-119.2,0.0
43.6,-119.2,0.0
44.0,-119.2,0.0
42.4,-119.2,0.0
42.8,-119.2,0.0
41.2,-119.2,0.0
41.6,-119.2,0.0
42.0,-119.2,0.0
40.4,-119.2,0.0
40.8,-119.2,0.0
39.2,-119.2,0.0
39.6,-119.2,0.0
40.0,-119.2,0.0
38.4,-119.2,0.0
38.8,-119.2,0.0
37.2,-119.2,0.0
37.6,-119.2,0.0
38.0,-119.2,0.0
36.8,-119.2,0.0
36.4,-119.2,0.0
36.0,-119.2,0.0
35.6,-119.2,0.0
35.2,-119.2,0.0
34.8,-119.2,0.0
34.4,-119.2,0.0
34.0,-119.2,0.0
33.6,-119.2,0.0
48.8,-102.0,0.0
48.4,-102.0,0.0
48.0,-102.0,0.0
47.6,-102.0,0.0
47.2,-102.0,0.15625
46.8,-102.0,1.9661016949152543
46.4,-102.0,2.0
46.0,-102.0,2.0
45.6,-102.0,2.0
45.2,-102.0,2.0
44.4,-102.0,2.0
44.8,-102.0,2.0
43.2,-102.0,2.0
43.6,-102.0,2.0
44.0,-102.0,2.0
42.4,-102.0,2.0
42.8,-102.0,2.0
41.2,-102.0,2.0
41.6,-102.0,2.0
42.0,-102.0,2.0
40.4,-102.0,2.0
40.8,-102.0,2.0
39.2,-102.0,2.0
39.6,-102.0,2.0
40.0,-102.0,2.0
38.4,-102.0,2.0
38.8,-102.0,2.0
38.0,-102.0,2.0
37.6,-102.0,2.0
37.2,-102.0,2.0
36.8,-102.0,2.0
36.4,-102.0,2.0
36.0,-102.0,2.0
35.6,-102.0,2.0
35.2,-102.0,2.0
34.8,-102.0,2.0
34.4,-102.0,2.0
33.2,-102.0,2.0
33.6,-102.0,2.0
34.0,-102.0,2.0
32.4,-102.0,2.0
32.8,-102.0,2.0
31.6,-102.0,2.0
31.2,-102.0,2.0
32.0,-102.0,2.0
30.8,-102.0,0.5230769230769231
30.4,-102.0,0.0
30.0,-102.0,0.0
46.8,-84.8,0.0
46.4,-84.8,0.0
46.0,-84.8,0.0
45.6,-84.8,0.0
45.2,-84.8,0.0
44.4,-84.8,0.0
44.8,-84.8,0.0
43.2,-84.8,0.0
43.6,-84.8,0.0
44.0,-84.8,0.0
42.4,-84.8,0.0
42.8,-84.8,0.0
41.2,-84.8,0.0
41.6,-84.8,0.0
42.0,-84.8,0.0
40.4,-84.8,0.0
40.8,-84.8,0.0
39.2,-84.8,0.0
39.6,-84.8,0.0
40.0,-84.8,0.0
38.4,-84.8,0.0
38.8,-84.8,0.0
38.0,-84.8,0.0
37.6,-84.8,0.0
37.2,-84.8,0.0
36.8,-84.8,0.0
36.4,-84.8,0.0
36.0,-84.8,0.0
35.6,-84.8,0.0
35.2,-84.8,0.0
34.8,-84.8,0.0
34.4,-84.8,0.0
33.2,-84.8,0.835820895522388
33.6,-84.8,0.0
34.0,-84.8,0.0
32.4,-84.8,2.0
32.8,-84.8,2.0
31.2,-84.8,2.0
31.6,-84.8,2.0
32.0,-84.8,2.0
30.8,-84.8,2.0
30.4,-84.8,2.0
30.0,-84.8,2.0
29.2,-84.8,2.0
29.6,-84.8,2.0
46.8,-67.6,0.0
46.4,-67.6,1.75
46.0,-67.6,2.0
45.6,-67.6,2.0
45.2,-67.6,2.0
44.8,-67.6,2.0
44.4,-67.6,2.0
44.0,-67.6,2.0
49.2,-118.0,2.0
48.8,-118.0,0.19672131147540983
48.4,-118.0,0.0
48.0,-118.0,0.0
47.6,-118.0,0.0
47.2,-118.0,0.0
46.8,-118.0,0.0
46.4,-118.0,0.0
46.0,-118.0,0.0
45.6,-118.0,0.0
45.2,-118.0,0.0
44.8,-118.0,0.0
44.4,-118.0,0.0
43.2,-118.0,0.0
43.6,-118.0,0.0
44.0,-118.0,0.0
42.4,-118.0,0.0
42.8,-118.0,0.0
41.2,-118.0,0.0
41.6,-118.0,0.0
42.0,-118.0,0.0
40.4,-118.0,0.0
40.8,-118.0,0.0
39.2,-118.0,0.0
39.6,-118.0,0.0
40.0,-118.0,0.0
38.4,-118.0,0.0
38.8,-118.0,0.0
37.2,-118.0,0.0
37.6,-118.0,0.0
38.0,-118.0,0.0
36.8,-118.0,0.0
36.4,-118.0,0.0
36.0,-118.0,0.0
35.6,-118.0,0.0
35.2,-118.0,0.0
34.8,-118.0,0.0
34.4,-118.0,0.0
34.0,-118.0,0.0
33.6,-118.0,0.0
33.2,-118.0,0.0
32.8,-118.0,0.0
48.8,-100.8,0.0
48.4,-100.8,0.0
48.0,-100.8,0.0
47.6,-100.8,0.0
47.2,-100.8,0.0
46.8,-100.8,0.03278688524590164
46.4,-100.8,1.8688524590163935
46.0,-100.8,2.0
45.6,-100.8,2.0
45.2,-100.8,2.0
44.4,-100.8,2.0
44.8,-100.8,2.0
43.2,-100.8,2.0
43.6,-100.8,2.0
44.0,-100.8,2.0
42.4,-100.8,2.0
42.8,-100.8,2.0
41.2,-100.8,2.0
41.6,-100.8,2.0
42.0,-100.8,2.0
40.4,-100.8,2.0
40.8,-100.8,2.0
39.2,-100.8,2.0
39.6,-100.8,2.0
40.0,-100.8,2.0
38.4,-100.8,2.0
38.8,-100.8,2.0
38.0,-100.8,2.0
37.6,-100.8,2.0
37.2,-100.8,2.0
36.8,-100.8,2.0
36.4,-100.8,2.0
36.0,-100.8,2.0
35.6,-100.8,2.0
35.2,-100.8,2.0
34.8,-100.8,2.0
34.4,-100.8,2.0
33.2,-100.8,2.0
33.6,-100.8,2.0
34.0,-100.8,2.0
32.4,-100.8,2.0
32.8,-100.8,2.0
31.6,-100.8,2.0
31.2,-100.8,2.0
32.0,-100.8,2.0
30.8,-100.8,2.0
30.4,-100.8,1.53125
30.0,-100.8,0.0
29.2,-100.8,0.12903225806451613
29.6,-100.8,0.0
28.8,-100.8,2.0
46.0,-83.6,0.0
45.6,-83.6,0.0
45.2,-83.6,0.0
44.4,-83.6,0.0
44.8,-83.6,0.0
43.2,-83.6,0.0
43.6,-83.6,0.0
44.0,-83.6,0.0
42.4,-83.6,0.0
42.8,-83.6,0.0
41.2,-83.6,0.0
41.6,-83.6,0.0
42.0,-83.6,0.0
40.4,-83.6,0.0
40.8,-83.6,0.0
39.2,-83.6,0.0
39.6,-83.6,0.0
40.0,-83.6,0.0
38.4,-83.6,0.0
38.8,-83.6,0.0
38.0,-83.6,0.0
37.6,-83.6,0.0
37.2,-83.6,0.0
36.8,-83.6,0.0
36.4,-83.6,0.0
36.0,-83.6,0.0
35.6,-83.6,0.0
35.2,-83.6,0.0
34.8,-83.6,0.0
34.4,-83.6,0.0
33.2,-83.6,2.0
33.6,-83.6,2.0
34.0,-83.6,1.0769230769230769
32.4,-83.6,2.0
32.8,-83.6,2.0
31.2,-83.6,2.0
31.6,-83.6,2.0
32.0,-83.6,2.0
30.8,-83.6,2.0
30.4,-83.6,2.0
30.0,-83.6,2.0
29.2,-83.6,2.0
29.6,-83.6,2.0
49.2,-116.8,2.0
48.8,-116.8,2.0
48.4,-116.8,1.935483870967742
48.0,-116.8,0.36065573770491804
47.6,-116.8,0.16129032258064516
47.2,-116.8,0.7096774193548387
46.8,-116.8,1.3666666666666667
46.4,-116.8,1.7419354838709677
46.0,-116.8,1.6451612903225807
45.6,-116.8,1.3442622950819672
45.2,-116.8,1.0793650793650793
44.8,-116.8,0.9354838709677419
44.4,-116.8,0.06451612903225806
43.2,-116.8,0.0
43.6,-116.8,0.0
44.0,-116.8,0.0
42.4,-116.8,0.0
42.8,-116.8,0.0
41.2,-116.8,0.0
41.6,-116.8,0.0
42.0,-116.8,0.0
40.4,-116.8,0.0
40.8,-116.8,0.0
39.2,-116.8,0.0
39.6,-116.8,0.0
40.0,-116.8,0.0
38.4,-116.8,0.0
38.8,-116.8,0.0
37.2,-116.8,0.0
37.6,-116.8,0.0
38.0,-116.8,0.0
36.8,-116.8,0.0
36.4,-116.8,0.0
36.0,-116.8,0.0
35.6,-116.8,0.0
35.2,-116.8,0.0
34.8,-116.8,0.0
34.4,-116.8,0.0
34.0,-116.8,0.0
33.6,-116.8,0.0
33.2,-116.8,0.0
32.4,-116.8,0.0
32.8,-116.8,0.0
48.8,-99.6,0.0
48.4,-99.6,0.0
48.0,-99.6,0.0
47.6,-99.6,0.0
47.2,-99.6,0.0
46.8,-99.6,0.0
46.4,-99.6,0.0
46.0,-99.6,1.7894736842105263
45.6,-99.6,2.0
45.2,-99.6,2.0
44.4,-99.6,2.0
44.8,-99.6,2.0
43.2,-99.6,2.0
43.6,-99.6,2.0
44.0,-99.6,2.0
42.4,-99.6,2.0
42.8,-99.6,2.0
41.2,-99.6,2.0
41.6,-99.6,2.0
42.0,-99.6,2.0
40.4,-99.6,2.0
40.8,-99.6,2.0
39.2,-99.6,2.0
39.6,-99.6,2.0
40.0,-99.6,2.0
38.4,-99.6,2.0
38.8,-99.6,2.0
38.0,-99.6,1.7538461538461538
37.6,-99.6,1.1612903225806452
37.2,-99.6,0.45161290322580644
36.8,-99.6,0.0
36.4,-99.6,0.0
36.0,-99.6,0.0
35.6,-99.6,1.0294117647058822
35.2,-99.6,1.9696969696969697
34.8,-99.6,2.0
34.4,-99.6,2.0
33.2,-99.6,2.0
33.6,-99.6,2.0
34.0,-99.6,2.0
32.4,-99.6,2.0
32.8,-99.6,2.0
31.6,-99.6,2.0
31.2,-99.6,2.0
32.0,-99.6,2.0
30.8,-99.6,2.0
30.4,-99.6,2.0
30.0,-99.6,2.0
29.2,-99.6,0.0
29.6,-99.6,0.5625
28.4,-99.6,2.0
28.8,-99.6,0.6666666666666666
28.0,-99.6,2.0
27.6,-99.6,2.0
27.2,-99.6,2.0
45.2,-82.4,0.0
26.8,-99.6,2.0
44.4,-82.4,0.0
44.8,-82.4,0.0
43.2,-82.4,0.0
43.6,-82.4,0.0
44.0,-82.4,0.0
42.4,-82.4,0.0
42.8,-82.4,0.0
41.2,-82.4,0.0
41.6,-82.4,0.0
40.4,-82.4,0.0
40.8,-82.4,0.0
39.2,-82.4,0.0
39.6,-82.4,0.0
40.0,-82.4,0.0
38.4,-82.4,0.0
38.8,-82.4,0.0
38.0,-82.4,0.0
37.6,-82.4,0.0
37.2,-82.4,0.0
36.8,-82.4,0.0
36.4,-82.4,0.0
36.0,-82.4,0.0
35.6,-82.4,0.0
35.2,-82.4,0.417910447761194
34.8,-82.4,1.84375
34.4,-82.4,2.0
34.0,-82.4,2.0
33.2,-82.4,2.0
33.6,-82.4,2.0
32.4,-82.4,2.0
32.8,-82.4,2.0
31.2,-82.4,2.0
31.6,-82.4,2.0
32.0,-82.4,2.0
30.8,-82.4,2.0
30.4,-82.4,2.0
30.0,-82.4,2.0
29.6,-82.4,2.0
29.2,-82.4,2.0
28.4,-82.4,2.0
28.8,-82.4,2.0
28.0,-82.4,2.0
27.6,-82.4,2.0
27.2,-82.4,2.0
26.4,-82.4,2.0
26.8,-82.4,2.0
26.0,-82.4,2.0
49.2,-115.6,2.0
48.8,-115.6,2.0
48.4,-115.6,2.0
48.0,-115.6,2.0
47.6,-115.6,2.0
47.2,-115.6,2.0
46.8,-115.6,2.0
46.4,-115.6,2.0
46.0,-115.6,2.0
45.6,-115.6,2.0
45.2,-115.6,2.0
44.8,-115.6,2.0
44.4,-115.6,2.0
43.2,-115.6,0.0
43.6,-115.6,0.6774193548387096
44.0,-115.6,2.0
42.4,-115.6,0.0
42.8,-115.6,0.0
41.2,-115.6,0.0
41.6,-115.6,0.0
42.0,-115.6,0.0
40.4,-115.6,0.0
40.8,-115.6,0.0
39.2,-115.6,0.0
39.6,-115.6,0.0
40.0,-115.6,0.0
38.4,-115.6,0.0
38.8,-115.6,0.0
37.2,-115.6,0.0
37.6,-115.6,0.0
38.0,-115.6,0.0
36.8,-115.6,0.0
36.4,-115.6,0.0
36.0,-115.6,0.0
35.6,-115.6,0.0
35.2,-115.6,0.0
34.8,-115.6,0.0
34.4,-115.6,0.0
34.0,-115.6,0.0
33.6,-115.6,0.0
33.2,-115.6,0.0
32.8,-115.6,0.0
48.8,-98.4,0.0
48.4,-98.4,0.0
48.0,-98.4,0.0
47.6,-98.4,0.0
47.2,-98.4,0.0
46.8,-98.4,0.0
46.4,-98.4,0.0
46.0,-98.4,0.0
45.6,-98.4,0.8888888888888888
45.2,-98.4,2.0
44.4,-98.4,2.0
44.8,-98.4,2.0
43.2,-98.4,2.0
43.6,-98.4,2.0
44.0,-98.4,2.0
42.4,-98.4,2.0
42.8,-98.4,2.0
41.2,-98.4,2.0
41.6,-98.4,2.0
42.0,-98.4,2.0
40.4,-98.4,2.0
40.8,-98.4,2.0
39.2,-98.4,1.5238095238095237
39.6,-98.4,2.0
40.0,-98.4,2.0
38.4,-98.4,0.0
38.8,-98.4,0.0
38.0,-98.4,0.0
37.6,-98.4,0.0
37.2,-98.4,0.0
36.8,-98.4,0.0
36.4,-98.4,0.0
36.0,-98.4,0.0
35.6,-98.4,0.0
35.2,-98.4,0.0
34.8,-98.4,0.0
34.4,-98.4,0.41935483870967744
33.2,-98.4,2.0
33.6,-98.4,2.0
34.0,-98.4,1.8591549295774648
32.4,-98.4,2.0
32.8,-98.4,2.0
31.6,-98.4,2.0
31.2,-98.4,2.0
32.0,-98.4,2.0
30.8,-98.4,2.0
30.4,-98.4,2.0
29.2,-98.4,2.0
29.6,-98.4,2.0
30.0,-98.4,2.0
28.8,-98.4,2.0
28.4,-98.4,2.0
28.0,-98.4,2.0
27.6,-98.4,2.0
27.2,-98.4,2.0
26.4,-98.4,2.0
26.8,-98.4,2.0
26.0,-98.4,2.0
42.4,-81.2,0.0
41.2,-81.2,0.0
41.6,-81.2,0.0
42.0,-81.2,0.0
40.4,-81.2,0.0
40.8,-81.2,0.0
39.2,-81.2,0.0
39.6,-81.2,0.0
40.0,-81.2,0.0
38.4,-81.2,0.0
38.8,-81.2,0.0
37.6,-81.2,0.0
37.2,-81.2,0.0
38.0,-81.2,0.0
36.8,-81.2,0.0
36.4,-81.2,0.4307692307692308
36.0,-81.2,1.8461538461538463
35.6,-81.2,2.0
35.2,-81.2,2.0
34.8,-81.2,2.0
34.4,-81.2,2.0
34.0,-81.2,2.0
33.2,-81.2,2.0
33.6,-81.2,2.0
32.4,-81.2,2.0
32.8,-81.2,2.0
31.2,-81.2,2.0
31.6,-81.2,2.0
32.0,-81.2,2.0
30.8,-81.2,2.0
30.4,-81.2,2.0
30.0,-81.2,2.0
29.6,-81.2,2.0
29.2,-81.2,2.0
28.4,-81.2,2.0
28.8,-81.2,2.0
28.0,-81.2,2.0
27.6,-81.2,2.0
27.2,-81.2,2.0
26.4,-81.2,2.0
26.8,-81.2,2.0
25.6,-81.2,2.0
25.2,-81.2,2.0
26.0,-81.2,2.0
24.8,-81.2,2.0
24.4,-81.2,2.0
48.8,-114.4,2.0
48.4,-114.4,2.0
48.0,-114.4,2.0
47.6,-114.4,2.0
47.2,-114.4,2.0
46.8,-114.4,2.0
46.4,-114.4,2.0
46.0,-114.4,2.0
45.6,-114.4,2.0
45.2,-114.4,2.0
44.8,-114.4,2.0
44.4,-114.4,2.0
43.2,-114.4,0.03225806451612903
43.6,-114.4,1.96875
44.0,-114.4,2.0
42.4,-114.4,0.0
42.8,-114.4,0.0
41.2,-114.4,0.0
41.6,-114.4,0.0
42.0,-114.4,0.0
40.4,-114.4,0.0
40.8,-114.4,0.0
39.2,-114.4,0.0
39.6,-114.4,0.0
40.0,-114.4,0.0
38.4,-114.4,0.0
38.8,-114.4,0.0
37.2,-114.4,0.0
37.6,-114.4,0.0
38.0,-114.4,0.0
36.8,-114.4,0.0
36.4,-114.4,0.0
36.0,-114.4,0.0
35.6,-114.4,0.0
35.2,-114.4,0.0
34.8,-114.4,0.0
34.4,-114.4,0.0
34.0,-114.4,0.0
33.6,-114.4,0.0
33.2,-114.4,0.0
32.4,-114.4,0.0
32.8,-114.4,0.0
48.8,-97.2,0.0
48.4,-97.2,0.0
48.0,-97.2,0.0
47.6,-97.2,0.0
47.2,-97.2,0.0
46.8,-97.2,0.0
46.4,-97.2,0.0
46.0,-97.2,0.0
45.6,-97.2,0.0
45.2,-97.2,0.0
44.4,-97.2,0.6779661016949152
44.8,-97.2,0.0
43.2,-97.2,2.0
43.6,-97.2,2.0
44.0,-97.2,1.7142857142857142
42.4,-97.2,2.0
42.8,-97.2,2.0
41.2,-97.2,2.0
41.6,-97.2,2.0
42.0,-97.2,2.0
40.4,-97.2,2.0
40.8,-97.2,2.0
39.2,-97.2,0.0
39.6,-97.2,1.619047619047619
40.0,-97.2,2.0
38.4,-97.2,0.0
38.8,-97.2,0.0
38.0,-97.2,0.0
37.6,-97.2,0.0
37.2,-97.2,0.0
36.8,-97.2,0.0
36.4,-97.2,0.0
36.0,-97.2,0.0
35.6,-97.2,0.0
35.2,-97.2,0.0
34.8,-97.2,0.0
34.4,-97.2,0.0
33.2,-97.2,2.0
33.6,-97.2,0.9714285714285714
34.0,-97.2,0.0
32.4,-97.2,2.0
32.8,-97.2,2.0
31.6,-97.2,2.0
31.2,-97.2,2.0
32.0,-97.2,2.0
30.8,-97.2,2.0
30.4,-97.2,2.0
29.2,-97.2,2.0
29.6,-97.2,2.0
30.0,-97.2,2.0
28.4,-97.2,2.0
28.8,-97.2,2.0
28.0,-97.2,2.0
27.6,-97.2,2.0
27.2,-97.2,2.0
26.4,-97.2,2.0
26.8,-97.2,2.0
26.0,-97.2,2.0
42.4,-80.0,0.0
41.2,-80.0,0.0
41.6,-80.0,0.0
42.0,-80.0,0.0
40.4,-80.0,0.0
40.8,-80.0,0.0
39.2,-80.0,0.0
39.6,-80.0,0.0
40.0,-80.0,0.0
38.4,-80.0,0.0
38.8,-80.0,0.0
37.6,-80.0,0.36923076923076925
37.2,-80.0,1.8461538461538463
38.0,-80.0,0.0
36.8,-80.0,2.0
36.4,-80.0,2.0
36.0,-80.0,2.0
35.6,-80.0,2.0
35.2,-80.0,2.0
34.8,-80.0,2.0
34.4,-80.0,2.0
34.0,-80.0,2.0
33.2,-80.0,2.0
33.6,-80.0,2.0
32.4,-80.0,2.0
32.8,-80.0,2.0
32.0,-80.0,2.0
28.0,-80.0,2.0
27.6,-80.0,2.0
27.2,-80.0,2.0
26.8,-80.0,2.0
26.4,-80.0,2.0
25.6,-80.0,2.0
25.2,-80.0,2.0
26.0,-80.0,2.0
24.8,-80.0,2.0
49.2,-113.2,2.0
48.8,-113.2,2.0
48.4,-113.2,2.0
48.0,-113.2,2.0
47.6,-113.2,2.0
47.2,-113.2,2.0
46.8,-113.2,2.0
46.4,-113.2,2.0
46.0,-113.2,2.0
45.6,-113.2,2.0
45.2,-113.2,2.0
44.8,-113.2,2.0
44.4,-113.2,2.0
43.2,-113.2,0.3548387096774194
43.6,-113.2,2.0
44.0,-113.2,2.0
42.4,-113.2,0.0
42.8,-113.2,0.0
41.2,-113.2,0.0
41.6,-113.2,0.0
42.0,-113.2,0.0
40.4,-113.2,0.0
40.8,-113.2,0.0
39.2,-113.2,0.0
39.6,-113.2,0.0
40.0,-113.2,0.0
38.4,-113.2,0.0
38.8,-113.2,0.0
37.2,-113.2,1.0769230769230769
37.6,-113.2,0.15625
38.0,-113.2,0.0
36.8,-113.2,1.90625
36.4,-113.2,2.0
36.0,-113.2,2.0
35.6,-113.2,2.0
35.2,-113.2,2.0
34.8,-113.2,2.0
34.4,-113.2,2.0
34.0,-113.2,2.0
33.6,-113.2,2.0
33.2,-113.2,1.462686567164179
32.4,-113.2,1.0303030303030303
32.8,-113.2,1.1076923076923078
32.0,-113.2,0.9444444444444444
48.8,-96.0,0.0
48.4,-96.0,0.0
48.0,-96.0,0.0
47.6,-96.0,0.0
47.2,-96.0,0.0
46.8,-96.0,0.0
46.4,-96.0,0.0
46.0,-96.0,0.0
45.2,-96.0,0.0
45.6,-96.0,0.0
44.4,-96.0,0.0
44.8,-96.0,0.0
43.2,-96.0,0.0
43.6,-96.0,0.0
44.0,-96.0,0.0
42.4,-96.0,0.06349206349206349
42.8,-96.0,0.0
41.2,-96.0,1.1746031746031746
41.6,-96.0,1.619047619047619
42.0,-96.0,0.8571428571428571
40.4,-96.0,0.0
40.8,-96.0,0.47619047619047616
39.2,-96.0,0.0
39.6,-96.0,0.0
40.0,-96.0,0.0
38.4,-96.0,0.0
38.8,-96.0,0.0
38.0,-96.0,0.0
37.6,-96.0,0.0
37.2,-96.0,0.0
36.8,-96.0,0.0
36.4,-96.0,0.0
36.0,-96.0,0.0
35.6,-96.0,0.0
35.2,-96.0,0.0
34.8,-96.0,0.0
34.4,-96.0,0.0
33.2,-96.0,0.7777777777777778
33.6,-96.0,0.0
34.0,-96.0,0.0
32.4,-96.0,2.0
32.8,-96.0,2.0
31.6,-96.0,2.0
31.2,-96.0,2.0
32.0,-96.0,2.0
30.8,-96.0,2.0
30.4,-96.0,2.0
29.2,-96.0,2.0
29.6,-96.0,2.0
30.0,-96.0,2.0
28.8,-96.0,2.0
28.4,-96.0,2.0
28.0,-96.0,2.0
43.2,-78.8,0.0
43.6,-78.8,0.0
42.4,-78.8,0.0
42.8,-78.8,0.0
41.2,-78.8,0.0
41.6,-78.8,0.0
42.0,-78.8,0.0
40.4,-78.8,0.0
40.8,-78.8,0.0
39.2,-78.8,0.0
39.6,-78.8,0.0
40.0,-78.8,0.0
38.4,-78.8,1.71875
38.8,-78.8,0.21875
37.6,-78.8,2.0
37.2,-78.8,2.0
38.0,-78.8,2.0
36.8,-78.8,2.0
36.4,-78.8,2.0
36.0,-78.8,2.0
35.6,-78.8,2.0
35.2,-78.8,2.0
34.8,-78.8,2.0
34.4,-78.8,2.0
34.0,-78.8,2.0
33.2,-78.8,2.0
33.6,-78.8,2.0
32.8,-78.8,2.0
49.2,-112.0,2.0
48.8,-112.0,2.0
48.4,-112.0,2.0
48.0,-112.0,2.0
47.6,-112.0,2.0
47.2,-112.0,2.0
46.8,-112.0,2.0
46.4,-112.0,2.0
46.0,-112.0,2.0
45.6,-112.0,2.0
45.2,-112.0,2.0
44.4,-112.0,2.0
44.8,-112.0,2.0
43.2,-112.0,2.0
43.6,-112.0,2.0
44.0,-112.0,2.0
42.4,-112.0,0.9032258064516129
42.8,-112.0,1.935483870967742
41.2,-112.0,0.0
41.6,-112.0,0.0
42.0,-112.0,0.09523809523809523
40.4,-112.0,0.0
40.8,-112.0,0.0
39.2,-112.0,1.7142857142857142
39.6,-112.0,0.5396825396825397
40.0,-112.0,0.0
38.4,-112.0,2.0
38.8,-112.0,2.0
37.6,-112.0,2.0
37.2,-112.0,2.0
38.0,-112.0,2.0
36.8,-112.0,2.0
36.4,-112.0,2.0
36.0,-112.0,2.0
35.6,-112.0,2.0
35.2,-112.0,2.0
34.8,-112.0,2.0
34.4,-112.0,2.0
34.0,-112.0,2.0
33.2,-112.0,2.0
33.6,-112.0,2.0
32.4,-112.0,2.0
32.8,-112.0,2.0
49.2,-94.8,0.0
31.6,-112.0,2.0
32.0,-112.0,2.0
48.8,-94.8,0.0
48.4,-94.8,0.0
48.0,-94.8,0.0
47.6,-94.8,0.0
47.2,-94.8,0.0
46.8,-94.8,0.0
46.4,-94.8,0.0
46.0,-94.8,0.0
45.2,-94.8,0.0
45.6,-94.8,0.0
44.4,-94.8,0.0
44.8,-94.8,0.0
43.2,-94.8,0.0
43.6,-94.8,0.0
44.0,-94.8,0.0
42.4,-94.8,0.0
42.8,-94.8,0.0
41.2,-94.8,0.0
41.6,-94.8,0.0
42.0,-94.8,0.0
40.4,-94.8,0.0
40.8,-94.8,0.0
39.2,-94.8,0.0
39.6,-94.8,0.0
40.0,-94.8,0.0
38.4,-94.8,0.0
38.8,-94.8,0.0
38.0,-94.8,0.0
37.6,-94.8,0.0
37.2,-94.8,0.0
36.8,-94.8,0.0
36.4,-94.8,0.0
36.0,-94.8,0.0
35.6,-94.8,0.0
35.2,-94.8,0.0
34.8,-94.8,0.0
34.4,-94.8,0.0
33.2,-94.8,0.0
33.6,-94.8,0.0
34.0,-94.8,0.0
32.4,-94.8,1.9375
32.8,-94.8,0.2777777777777778
31.6,-94.8,2.0
31.2,-94.8,2.0
32.0,-94.8,2.0
30.8,-94.8,2.0
30.4,-94.8,2.0
29.2,-94.8,2.0
29.6,-94.8,2.0
30.0,-94.8,2.0
28.8,-94.8,2.0
43.2,-77.6,0.0
43.6,-77.6,0.0
42.4,-77.6,0.0
42.8,-77.6,0.0
41.2,-77.6,0.0
41.6,-77.6,0.0
42.0,-77.6,0.0
40.4,-77.6,0.0
40.8,-77.6,0.0
39.2,-77.6,2.0
39.6,-77.6,1.3968253968253967
40.0,-77.6,0.031746031746031744
38.4,-77.6,2.0
38.8,-77.6,2.0
37.2,-77.6,2.0
37.6,-77.6,2.0
38.0,-77.6,2.0
36.8,-77.6,2.0
36.4,-77.6,2.0
36.0,-77.6,2.0
35.6,-77.6,2.0
35.2,-77.6,2.0
34.8,-77.6,2.0
34.4,-77.6,2.0
34.0,-77.6,2.0
33.6,-77.6,2.0
49.2,-110.8,2.0
48.8,-110.8,2.0
48.4,-110.8,2.0
48.0,-110.8,2.0
47.6,-110.8,2.0
47.2,-110.8,2.0
46.8,-110.8,2.0
46.4,-110.8,2.0
46.0,-110.8,2.0
45.6,-110.8,2.0
45.2,-110.8,2.0
44.4,-110.8,2.0
44.8,-110.8,2.0
43.2,-110.8,2.0
43.6,-110.8,2.0
44.0,-110.8,2.0
42.4,-110.8,2.0
42.8,-110.8,2.0
41.2,-110.8,2.0
41.6,-110.8,2.0
42.0,-110.8,2.0
40.4,-110.8,2.0
40.8,-110.8,2.0
39.2,-110.8,2.0
39.6,-110.8,2.0
40.0,-110.8,2.0
38.4,-110.8,2.0
38.8,-110.8,2.0
37.6,-110.8,2.0
37.2,-110.8,2.0
38.0,-110.8,2.0
36.8,-110.8,2.0
36.4,-110.8,2.0
36.0,-110.8,2.0
35.6,-110.8,2.0
35.2,-110.8,2.0
34.8,-110.8,2.0
34.4,-110.8,2.0
34.0,-110.8,2.0
33.2,-110.8,2.0
33.6,-110.8,2.0
32.4,-110.8,2.0
32.8,-110.8,2.0
31.2,-110.8,2.0
31.6,-110.8,2.0
32.0,-110.8,2.0
48.4,-93.6,1.8775510204081634
48.0,-93.6,1.6666666666666667
47.6,-93.6,1.4444444444444444
47.2,-93.6,0.3
46.8,-93.6,0.0
46.4,-93.6,0.0
46.0,-93.6,0.0
45.2,-93.6,0.0
45.6,-93.6,0.0
44.4,-93.6,0.0
44.8,-93.6,0.0
43.2,-93.6,0.0
43.6,-93.6,0.0
44.0,-93.6,0.0
42.4,-93.6,0.0
42.8,-93.6,0.0
41.2,-93.6,0.0
41.6,-93.6,0.0
42.0,-93.6,0.0
40.4,-93.6,0.0
40.8,-93.6,0.0
39.2,-93.6,0.0
39.6,-93.6,0.0
40.0,-93.6,0.0
38.4,-93.6,0.0
38.8,-93.6,0.0
38.0,-93.6,0.0
37.6,-93.6,0.0
37.2,-93.6,0.0
36.8,-93.6,0.0
36.4,-93.6,0.0
36.0,-93.6,0.0
35.6,-93.6,0.0
35.2,-93.6,0.0
34.8,-93.6,0.0
34.4,-93.6,0.0
33.2,-93.6,0.0
33.6,-93.6,0.0
34.0,-93.6,0.0
32.4,-93.6,0.0
32.8,-93.6,0.0
31.6,-93.6,2.0
31.2,-93.6,2.0
32.0,-93.6,0.5714285714285714
30.8,-93.6,2.0
30.4,-93.6,2.0
29.2,-93.6,2.0
29.6,-93.6,2.0
30.0,-93.6,2.0
43.2,-76.4,0.0
43.6,-76.4,0.0
44.0,-76.4,0.0
42.4,-76.4,0.0
42.8,-76.4,0.0
41.2,-76.4,0.0
41.6,-76.4,0.0
42.0,-76.4,0.0
40.4,-76.4,2.0
40.8,-76.4,0.7741935483870968
39.2,-76.4,2.0
39.6,-76.4,2.0
40.0,-76.4,2.0
38.4,-76.4,2.0
38.8,-76.4,2.0
37.2,-76.4,2.0
37.6,-76.4,2.0
38.0,-76.4,2.0
36.8,-76.4,2.0
36.4,-76.4,2.0
36.0,-76.4,2.0
35.6,-76.4,2.0
35.2,-76.4,2.0
34.8,-76.4,2.0
34.4,-76.4,2.0
49.2,-109.6,2.0
48.8,-109.6,2.0
48.4,-109.6,2.0
48.0,-109.6,2.0
47.6,-109.6,2.0
47.2,-109.6,2.0
46.8,-109.6,2.0
46.4,-109.6,2.0
46.0,-109.6,2.0
45.6,-109.6,2.0
45.2,-109.6,2.0
44.4,-109.6,2.0
44.8,-109.6,2.0
43.2,-109.6,2.0
43.6,-109.6,2.0
44.0,-109.6,2.0
42.4,-109.6,2.0
42.8,-109.6,2.0
41.2,-109.6,2.0
41.6,-109.6,2.0
42.0,-109.6,2.0
40.4,-109.6,2.0
40.8,-109.6,2.0
39.2,-109.6,2.0
39.6,-109.6,2.0
40.0,-109.6,2.0
38.4,-109.6,2.0
38.8,-109.6,2.0
37.6,-109.6,2.0
37.2,-109.6,2.0
38.0,-109.6,2.0
36.8,-109.6,2.0
36.4,-109.6,2.0
36.0,-109.6,2.0
35.6,-109.6,2.0
35.2,-109.6,2.0
34.8,-109.6,2.0
34.4,-109.6,2.0
34.0,-109.6,2.0
33.2,-109.6,2.0
33.6,-109.6,2.0
32.4,-109.6,2.0
32.8,-109.6,2.0
31.2,-109.6,2.0
31.6,-109.6,2.0
32.0,-109.6,2.0
48.4,-92.4,2.0
48.0,-92.4,2.0
47.6,-92.4,2.0
47.2,-92.4,2.0
46.8,-92.4,2.0
46.4,-92.4,2.0
46.0,-92.4,2.0
45.6,-92.4,1.6785714285714286
45.2,-92.4,0.02857142857142857
44.4,-92.4,0.0
44.8,-92.4,0.0
43.2,-92.4,0.0
43.6,-92.4,0.0
44.0,-92.4,0.0
42.4,-92.4,0.0
42.8,-92.4,0.0
41.2,-92.4,0.0
41.6,-92.4,0.0
42.0,-92.4,0.0
40.4,-92.4,0.0
40.8,-92.4,0.0
39.2,-92.4,0.0
39.6,-92.4,0.0
40.0,-92.4,0.0
38.4,-92.4,0.0
38.8,-92.4,0.0
38.0,-92.4,0.0
37.6,-92.4,0.0
37.2,-92.4,0.0
36.8,-92.4,0.0
36.4,-92.4,0.0
36.0,-92.4,0.0
35.6,-92.4,0.0
35.2,-92.4,0.0
34.8,-92.4,0.0
34.4,-92.4,0.0
33.2,-92.4,0.0
33.6,-92.4,0.0
34.0,-92.4,0.0
32.4,-92.4,0.0
32.8,-92.4,0.0
31.6,-92.4,1.7647058823529411
31.2,-92.4,2.0
32.0,-92.4,0.0
30.8,-92.4,2.0
30.4,-92.4,2.0
29.2,-92.4,2.0
29.6,-92.4,2.0
30.0,-92.4,2.0
44.8,-75.2,0.0
44.4,-75.2,0.0
43.2,-75.2,0.0
43.6,-75.2,0.0
44.0,-75.2,0.0
42.4,-75.2,0.0
42.8,-75.2,0.0
41.2,-75.2,2.0
41.6,-75.2,1.746031746031746
42.0,-75.2,0.15873015873015872
40.4,-75.2,2.0
40.8,-75.2,2.0
39.2,-75.2,2.0
39.6,-75.2,2.0
40.0,-75.2,2.0
38.4,-75.2,2.0
38.8,-75.2,2.0
37.2,-75.2,2.0
37.6,-75.2,2.0
38.0,-75.2,2.0
36.0,-75.2,2.0
35.6,-75.2,2.0
35.2,-75.2,2.0
34.8,-75.2,2.0
49.2,-108.4,2.0
48.8,-108.4,2.0
48.4,-108.4,2.0
48.0,-108.4,2.0
47.6,-108.4,2.0
47.2,-108.4,2.0
46.8,-108.4,2.0
46.4,-108.4,2.0
46.0,-108.4,2.0
45.6,-108.4,2.0
45.2,-108.4,2.0
44.4,-108.4,2.0
44.8,-108.4,2.0
43.2,-108.4,2.0
43.6,-108.4,2.0
44.0,-108.4,2.0
42.4,-108.4,2.0
42.8,-108.4,2.0
41.2,-108.4,2.0
41.6,-108.4,2.0
42.0,-108.4,2.0
40.4,-108.4,2.0
40.8,-108.4,2.0
39.2,-108.4,2.0
39.6,-108.4,2.0
40.0,-108.4,2.0
38.4,-108.4,2.0
38.8,-108.4,2.0
37.6,-108.4,2.0
37.2,-108.4,2.0
38.0,-108.4,2.0
36.8,-108.4,2.0
36.4,-108.4,2.0
36.0,-108.4,2.0
35.6,-108.4,2.0
35.2,-108.4,2.0
34.8,-108.4,2.0
34.4,-108.4,2.0
34.0,-108.4,2.0
33.2,-108.4,2.0
33.6,-108.4,2.0
32.4,-108.4,2.0
32.8,-108.4,2.0
31.2,-108.4,2.0
31.6,-108.4,2.0
32.0,-108.4,2.0
48.0,-91.2,2.0
47.6,-91.2,2.0
47.2,-91.2,2.0
46.8,-91.2,2.0
46.4,-91.2,2.0
46.0,-91.2,2.0
45.6,-91.2,2.0
45.2,-91.2,1.9298245614035088
44.4,-91.2,0.0
44.8,-91.2,0.11940298507462686
43.2,-91.2,0.0
43.6,-91.2,0.0
44.0,-91.2,0.0
42.4,-91.2,0.0
42.8,-91.2,0.0
41.2,-91.2,0.0
41.6,-91.2,0.0
42.0,-91.2,0.0
40.4,-91.2,0.0
40.8,-91.2,0.0
39.2,-91.2,0.0
39.6,-91.2,0.0
40.0,-91.2,0.0
38.4,-91.2,0.0
38.8,-91.2,0.0
38.0,-91.2,0.0
37.6,-91.2,0.0
37.2,-91.2,0.0
36.8,-91.2,0.0
36.4,-91.2,0.0
36.0,-91.2,0.0
35.6,-91.2,0.0
35.2,-91.2,0.0
34.8,-91.2,0.0
34.4,-91.2,0.0
33.2,-91.2,0.0
33.6,-91.2,0.0
34.0,-91.2,0.0
32.4,-91.2,0.0
32.8,-91.2,0.0
31.6,-91.2,1.411764705882353
31.2,-91.2,2.0
32.0,-91.2,0.0
30.8,-91.2,2.0
30.4,-91.2,2.0
30.0,-91.2,2.0
29.2,-91.2,2.0
29.6,-91.2,2.0
28.8,-91.2,2.0
45.2,-74.0,0.0
44.8,-74.0,0.0
44.4,-74.0,0.0
43.2,-74.0,0.0
43.6,-74.0,0.0
44.0,-74.0,0.0
42.4,-74.0,2.0
42.8,-74.0,0.5161290322580645
41.2,-74.0,2.0
41.6,-74.0,2.0
42.0,-74.0,2.0
40.4,-74.0,2.0
40.8,-74.0,2.0
39.2,-74.0,2.0
39.6,-74.0,2.0
40.0,-74.0,2.0
48.4,-124.4,0.0
48.0,-124.4,0.0
47.6,-124.4,0.0
47.2,-124.4,0.0
46.8,-124.4,0.0
46.4,-124.4,0.0
46.0,-124.4,0.0
45.6,-124.4,0.0
45.2,-124.4,0.0
44.8,-124.4,0.0
44.4,-124.4,0.0
44.0,-124.4,0.0
43.6,-124.4,0.0
43.2,-124.4,0.0
42.4,-124.4,0.0
42.8,-124.4,0.0
41.2,-124.4,0.0
41.6,-124.4,0.0
42.0,-124.4,0.0
40.4,-124.4,0.0
40.8,-124.4,0.0
39.2,-124.4,0.0
39.6,-124.4,0.0
40.0,-124.4,0.0
48.8,-107.2,2.0
48.4,-107.2,2.0
48.0,-107.2,2.0
47.6,-107.2,2.0
47.2,-107.2,2.0
46.8,-107.2,2.0
46.4,-107.2,2.0
46.0,-107.2,2.0
45.6,-107.2,2.0
45.2,-107.2,2.0
44.4,-107.2,2.0
44.8,-107.2,2.0
43.2,-107.2,2.0
43.6,-107.2,2.0
44.0,-107.2,2.0
42.4,-107.2,2.0
42.8,-107.2,2.0
41.2,-107.2,2.0
41.6,-107.2,2.0
42.0,-107.2,2.0
40.4,-107.2,2.0
40.8,-107.2,2.0
39.2,-107.2,2.0
39.6,-107.2,2.0
40.0,-107.2,2.0
38.4,-107.2,2.0
38.8,-107.2,2.0
38.0,-107.2,2.0
37.6,-107.2,2.0
37.2,-107.2,2.0
36.8,-107.2,2.0
36.4,-107.2,2.0
36.0,-107.2,2.0
35.6,-107.2,2.0
35.2,-107.2,2.0
34.8,-107.2,2.0
34.4,-107.2,2.0
33.2,-107.2,2.0
33.6,-107.2,2.0
34.0,-107.2,2.0
32.4,-107.2,2.0
32.8,-107.2,2.0
31.6,-107.2,2.0
32.0,-107.2,2.0
48.0,-90.0,2.0
47.6,-90.0,2.0
47.2,-90.0,2.0
46.8,-90.0,2.0
46.4,-90.0,2.0
46.0,-90.0,2.0
45.6,-90.0,2.0
45.2,-90.0,2.0
44.4,-90.0,0.2857142857142857
44.8,-90.0,2.0
43.2,-90.0,0.0
43.6,-90.0,0.0
44.0,-90.0,0.0
42.4,-90.0,0.0
42.8,-90.0,0.0
41.2,-90.0,0.0
41.6,-90.0,0.0
42.0,-90.0,0.0
40.4,-90.0,0.0
40.8,-90.0,0.0
39.2,-90.0,0.0
39.6,-90.0,0.0
40.0,-90.0,0.0
38.4,-90.0,0.0
38.8,-90.0,0.0
38.0,-90.0,0.0
37.6,-90.0,0.0
37.2,-90.0,0.0
36.8,-90.0,0.0
36.4,-90.0,0.0
36.0,-90.0,0.0
35.6,-90.0,0.0
35.2,-90.0,0.0
34.8,-90.0,0.0
34.4,-90.0,0.0
33.2,-90.0,0.0
33.6,-90.0,0.0
34.0,-90.0,0.0
32.4,-90.0,0.0
32.8,-90.0,0.0
31.6,-90.0,1.1612903225806452
31.2,-90.0,2.0
32.0,-90.0,0.0
30.8,-90.0,2.0
30.4,-90.0,2.0
30.0,-90.0,2.0
29.2,-90.0,2.0
29.6,-90.0,2.0
28.8,-90.0,2.0
45.2,-72.8,0.0
44.8,-72.8,0.0
44.4,-72.8,0.0
43.2,-72.8,1.4838709677419355
43.6,-72.8,0.0
44.0,-72.8,0.0
42.4,-72.8,2.0
42.8,-72.8,2.0
41.2,-72.8,2.0
41.6,-72.8,2.0
42.0,-72.8,2.0
40.4,-72.8,2.0
40.8,-72.8,2.0
49.2,-123.2,0.0
48.8,-123.2,0.0
48.4,-123.2,0.0
48.0,-123.2,0.0
47.6,-123.2,0.0
47.2,-123.2,0.0
46.8,-123.2,0.0
46.4,-123.2,0.0
46.0,-123.2,0.0
45.6,-123.2,0.0
45.2,-123.2,0.0
44.8,-123.2,0.0
44.4,-123.2,0.0
44.0,-123.2,0.0
43.6,-123.2,0.0
43.2,-123.2,0.0
42.4,-123.2,0.0
42.8,-123.2,0.0
41.2,-123.2,0.0
41.6,-123.2,0.0
42.0,-123.2,0.0
40.4,-123.2,0.0
40.8,-123.2,0.0
39.2,-123.2,0.0
39.6,-123.2,0.0
40.0,-123.2,0.0
38.4,-123.2,0.0
38.8,-123.2,0.0
37.2,-123.2,0.0
37.6,-123.2,0.0
38.0,-123.2,0.0
48.8,-106.0,2.0
48.4,-106.0,2.0
48.0,-106.0,2.0
47.6,-106.0,2.0
47.2,-106.0,2.0
46.8,-106.0,2.0
46.4,-106.0,2.0
46.0,-106.0,2.0
45.6,-106.0,2.0
45.2,-106.0,2.0
44.4,-106.0,2.0
44.8,-106.0,2.0
43.2,-106.0,2.0
43.6,-106.0,2.0
44.0,-106.0,2.0
42.4,-106.0,2.0
42.8,-106.0,2.0
41.2,-106.0,2.0
41.6,-106.0,2.0
42.0,-106.0,2.0
40.4,-106.0,2.0
40.8,-106.0,2.0
39.2,-106.0,2.0
39.6,-106.0,2.0
40.0,-106.0,2.0
38.4,-106.0,2.0
38.8,-106.0,2.0
38.0,-106.0,2.0
37.6,-106.0,2.0
37.2,-106.0,2.0
36.8,-106.0,2.0
36.4,-106.0,2.0
36.0,-106.0,2.0
35.6,-106.0,2.0
35.2,-106.0,2.0
34.8,-106.0,2.0
34.4,-106.0,2.0
33.2,-106.0,2.0
33.6,-106.0,2.0
34.0,-106.0,2.0
32.4,-106.0,2.0
32.8,-106.0,2.0
31.2,-106.0,2.0
31.6,-106.0,2.0
32.0,-106.0,2.0
48.4,-88.8,2.0
48.0,-88.8,2.0
47.6,-88.8,2.0
47.2,-88.8,2.0
46.8,-88.8,2.0
46.4,-88.8,2.0
46.0,-88.8,2.0
45.6,-88.8,2.0
45.2,-88.8,2.0
44.4,-88.8,2.0
44.8,-88.8,2.0
43.2,-88.8,0.0
43.6,-88.8,0.0
44.0,-88.8,0.36065573770491804
42.4,-88.8,0.0
42.8,-88.8,0.0
41.2,-88.8,0.0
41.6,-88.8,0.0
42.0,-88.8,0.0
40.4,-88.8,0.0
40.8,-88.8,0.0
39.2,-88.8,0.0
39.6,-88.8,0.0
40.0,-88.8,0.0
38.4,-88.8,0.0
38.8,-88.8,0.0
38.0,-88.8,0.0
37.6,-88.8,0.0
37.2,-88.8,0.0
36.8,-88.8,0.0
36.4,-88.8,0.0
36.0,-88.8,0.0
35.6,-88.8,0.0
35.2,-88.8,0.0
34.8,-88.8,0.0
34.4,-88.8,0.0
33.2,-88.8,0.0
33.6,-88.8,0.0
34.0,-88.8,0.0
32.4,-88.8,0.0
32.8,-88.8,0.0
31.6,-88.8,1.6615384615384616
31.2,-88.8,2.0
32.0,-88.8,0.0
30.8,-88.8,2.0
30.4,-88.8,2.0
30.0,-88.8,2.0
29.2,-88.8,2.0
29.6,-88.8,2.0
28.8,-88.8,2.0
45.2,-71.6,0.0
44.8,-71.6,0.0
44.4,-71.6,0.0
43.2,-71.6,2.0
43.6,-71.6,2.0
44.0,-71.6,0.5901639344262295
42.4,-71.6,2.0
42.8,-71.6,2.0
41.2,-71.6,2.0
41.6,-71.6,2.0
42.0,-71.6,2.0
40.8,-71.6,2.0
49.2,-122.0,0.0
48.8,-122.0,0.0
48.4,-122.0,0.0
48.0,-122.0,0.0
47.6,-122.0,0.0
47.2,-122.0,0.0
46.8,-122.0,0.0
46.4,-122.0,0.0
46.0,-122.0,0.0
45.6,-122.0,0.0
45.2,-122.0,0.0
44.8,-122.0,0.0
44.4,-122.0,0.0
44.0,-122.0,0.0
43.2,-122.0,0.0
43.6,-122.0,0.0
42.4,-122.0,0.0
42.8,-122.0,0.0
41.2,-122.0,0.0
41.6,-122.0,0.0
42.0,-122.0,0.0
40.4,-122.0,0.0
40.8,-122.0,0.0
39.2,-122.0,0.0
39.6,-122.0,0.0
40.0,-122.0,0.0
38.4,-122.0,0.0
38.8,-122.0,0.0
37.2,-122.0,0.0
37.6,-122.0,0.0
38.0,-122.0,0.0
36.4,-122.0,0.0
36.8,-122.0,0.0
36.0,-122.0,0.0
35.6,-122.0,0.0
35.2,-122.0,0.0
34.8,-122.0,0.0
34.4,-122.0,0.0
48.8,-104.8,0.13559322033898305
48.4,-104.8,1.8125
48.0,-104.8,2.0
47.6,-104.8,2.0
47.2,-104.8,2.0
46.8,-104.8,2.0
46.4,-104.8,2.0
46.0,-104.8,2.0
45.6,-104.8,2.0
45.2,-104.8,2.0
44.4,-104.8,2.0
44.8,-104.8,2.0
43.2,-104.8,2.0
43.6,-104.8,2.0
44.0,-104.8,2.0
42.4,-104.8,2.0
42.8,-104.8,2.0
41.2,-104.8,2.0
41.6,-104.8,2.0
42.0,-104.8,2.0
40.4,-104.8,2.0
40.8,-104.8,2.0
39.2,-104.8,2.0
39.6,-104.8,2.0
40.0,-104.8,2.0
38.4,-104.8,2.0
38.8,-104.8,2.0
38.0,-104.8,2.0
37.6,-104.8,2.0
37.2,-104.8,2.0
36.8,-104.8,2.0
36.4,-104.8,2.0
36.0,-104.8,2.0
35.6,-104.8,2.0
35.2,-104.8,2.0
34.8,-104.8,2.0
34.4,-104.8,2.0
33.2,-104.8,2.0
33.6,-104.8,2.0
34.0,-104.8,2.0
32.4,-104.8,2.0
32.8,-104.8,2.0
31.6,-104.8,2.0
31.2,-104.8,2.0
32.0,-104.8,2.0
30.8,-104.8,1.9393939393939394
30.4,-104.8,0.15384615384615385
48.0,-87.6,2.0
47.6,-87.6,2.0
47.2,-87.6,2.0
30.0,-104.8,0.0
29.6,-104.8,0.0
46.8,-87.6,2.0
46.4,-87.6,2.0
46.0,-87.6,2.0
45.6,-87.6,2.0
45.2,-87.6,2.0
44.4,-87.6,0.03125
44.8,-87.6,1.7543859649122806
43.2,-87.6,0.0
43.6,-87.6,0.0
44.0,-87.6,0.0
42.4,-87.6,0.0
42.8,-87.6,0.0
41.2,-87.6,0.0
41.6,-87.6,0.0
42.0,-87.6,0.0
40.4,-87.6,0.0
40.8,-87.6,0.0
39.2,-87.6,0.0
39.6,-87.6,0.0
40.0,-87.6,0.0
38.4,-87.6,0.0
38.8,-87.6,0.0
38.0,-87.6,0.0
37.6,-87.6,0.0
37.2,-87.6,0.0
36.8,-87.6,0.0
36.4,-87.6,0.0
36.0,-87.6,0.0
35.6,-87.6,0.0
35.2,-87.6,0.0
34.8,-87.6,0.0
34.4,-87.6,0.0
33.2,-87.6,0.0
33.6,-87.6,0.0
34.0,-87.6,0.0
32.4,-87.6,0.0
32.8,-87.6,0.0
31.6,-87.6,2.0
31.2,-87.6,2.0
32.0,-87.6,1.353846153846154
30.8,-87.6,2.0
30.4,-87.6,2.0
30.0,-87.6,2.0
46.4,-70.4,0.0
46.0,-70.4,0.0
45.6,-70.4,0.0
45.2,-70.4,0.0
44.8,-70.4,0.03225806451612903
44.4,-70.4,1.540983606557377
43.2,-70.4,2.0
43.6,-70.4,2.0
44.0,-70.4,2.0
42.4,-70.4,2.0
42.8,-70.4,2.0
41.2,-70.4,2.0
41.6,-70.4,2.0
42.0,-70.4,2.0
40.8,-70.4,2.0
49.2,-120.8,0.0
48.8,-120.8,0.0
48.4,-120.8,0.0
48.0,-120.8,0.0
47.6,-120.8,0.0
47.2,-120.8,0.0
46.8,-120.8,0.0
46.4,-120.8,0.0
46.0,-120.8,0.0
45.6,-120.8,0.0
45.2,-120.8,0.0
44.8,-120.8,0.0
44.4,-120.8,0.0
44.0,-120.8,0.0
43.2,-120.8,0.0
43.6,-120.8,0.0
42.4,-120.8,0.0
42.8,-120.8,0.0
41.2,-120.8,0.0
41.6,-120.8,0.0
42.0,-120.8,0.0
40.4,-120.8,0.0
40.8,-120.8,0.0
39.2,-120.8,0.0
39.6,-120.8,0.0
40.0,-120.8,0.0
38.4,-120.8,0.0
38.8,-120.8,0.0
37.2,-120.8,0.0
37.6,-120.8,0.0
38.0,-120.8,0.0
36.4,-120.8,0.0
36.8,-120.8,0.0
36.0,-120.8,0.0
35.6,-120.8,0.0
35.2,-120.8,0.0
34.8,-120.8,0.0
34.4,-120.8,0.0
48.8,-103.6,0.0
48.4,-103.6,0.0
48.0,-103.6,0.5
47.6,-103.6,2.0
47.2,-103.6,2.0
46.8,-103.6,2.0
46.4,-103.6,2.0
46.0,-103.6,2.0
45.6,-103.6,2.0
45.2,-103.6,2.0
44.4,-103.6,2.0
44.8,-103.6,2.0
43.2,-103.6,2.0
43.6,-103.6,2.0
44.0,-103.6,2.0
42.4,-103.6,2.0
42.8,-103.6,2.0
41.2,-103.6,2.0
41.6,-103.6,2.0
42.0,-103.6,2.0
40.4,-103.6,2.0
40.8,-103.6,2.0
39.2,-103.6,2.0
39.6,-103.6,2.0
40.0,-103.6,2.0
38.4,-103.6,2.0
38.8,-103.6,2.0
38.0,-103.6,2.0
37.6,-103.6,2.0
37.2,-103.6,2.0
36.8,-103.6,2.0
36.4,-103.6,2.0
36.0,-103.6,2.0
35.6,-103.6,2.0
35.2,-103.6,2.0
34.8,-103.6,2.0
34.4,-103.6,2.0
33.2,-103.6,2.0
33.6,-103.6,2.0
34.0,-103.6,2.0
32.4,-103.6,2.0
32.8,-103.6,2.0
31.6,-103.6,2.0
31.2,-103.6,2.0
32.0,-103.6,2.0
30.8,-103.6,0.6176470588235294
30.4,-103.6,0.0
47.6,-86.4,2.0
47.2,-86.4,2.0
30.0,-103.6,0.0
29.2,-103.6,0.0
29.6,-103.6,0.0
46.8,-86.4,2.0
46.4,-86.4,2.0
46.0,-86.4,2.0
45.6,-86.4,2.0
45.2,-86.4,1.28125
44.4,-86.4,0.0
44.8,-86.4,0.0
43.2,-86.4,0.0
43.6,-86.4,0.0
44.0,-86.4,0.0
42.4,-86.4,0.0
42.8,-86.4,0.0
41.2,-86.4,0.0
41.6,-86.4,0.0
42.0,-86.4,0.0
40.4,-86.4,0.0
40.8,-86.4,0.0
39.2,-86.4,0.0
39.6,-86.4,0.0
40.0,-86.4,0.0
38.4,-86.4,0.0
38.8,-86.4,0.0
38.0,-86.4,0.0
37.6,-86.4,0.0
37.2,-86.4,0.0
36.8,-86.4,0.0
36.4,-86.4,0.0
36.0,-86.4,0.0
35.6,-86.4,0.0
35.2,-86.4,0.0
34.8,-86.4,0.0
34.4,-86.4,0.0
33.2,-86.4,0.0
33.6,-86.4,0.0
34.0,-86.4,0.0
32.4,-86.4,0.8571428571428571
32.8,-86.4,0.0
31.6,-86.4,2.0
31.2,-86.4,2.0
32.0,-86.4,2.0
30.8,-86.4,2.0
30.4,-86.4,2.0
47.6,-69.2,0.0
47.2,-69.2,0.0
30.0,-86.4,2.0
46.8,-69.2,0.0
46.4,-69.2,0.0
46.0,-69.2,0.0
45.6,-69.2,0.32786885245901637
45.2,-69.2,1.967741935483871
44.8,-69.2,2.0
44.4,-69.2,2.0
44.0,-69.2,2.0
43.6,-69.2,2.0
49.2,-119.6,0.0
48.8,-119.6,0.0
48.4,-119.6,0.0
48.0,-119.6,0.0
47.6,-119.6,0.0
47.2,-119.6,0.0
46.8,-119.6,0.0
46.4,-119.6,0.0
46.0,-119.6,0.0
45.6,-119.6,0.0
45.2,-119.6,0.0
44.8,-119.6,0.0
44.4,-119.6,0.0
43.2,-119.6,0.0
43.6,-119.6,0.0
44.0,-119.6,0.0
42.4,-119.6,0.0
42.8,-119.6,0.0
41.2,-119.6,0.0
41.6,-119.6,0.0
42.0,-119.6,0.0
40.4,-119.6,0.0
40.8,-119.6,0.0
39.2,-119.6,0.0
39.6,-119.6,0.0
40.0,-119.6,0.0
38.4,-119.6,0.0
38.8,-119.6,0.0
37.2,-119.6,0.0
37.6,-119.6,0.0
38.0,-119.6,0.0
36.4,-119.6,0.0
36.8,-119.6,0.0
36.0,-119.6,0.0
35.6,-119.6,0.0
35.2,-119.6,0.0
34.8,-119.6,0.0
34.4,-119.6,0.0
34.0,-119.6,0.0
48.8,-102.4,0.0
48.4,-102.4,0.0
48.0,-102.4,0.0
47.6,-102.4,0.0
47.2,-102.4,0.8524590163934426
46.8,-102.4,2.0
46.4,-102.4,2.0
46.0,-102.4,2.0
45.6,-102.4,2.0
45.2,-102.4,2.0
44.4,-102.4,2.0
44.8,-102.4,2.0
43.2,-102.4,2.0
43.6,-102.4,2.0
44.0,-102.4,2.0
42.4,-102.4,2.0
42.8,-102.4,2.0
41.2,-102.4,2.0
41.6,-102.4,2.0
42.0,-102.4,2.0
40.4,-102.4,2.0
40.8,-102.4,2.0
39.2,-102.4,2.0
39.6,-102.4,2.0
40.0,-102.4,2.0
38.4,-102.4,2.0
38.8,-102.4,2.0
38.0,-102.4,2.0
37.6,-102.4,2.0
37.2,-102.4,2.0
36.8,-102.4,2.0
36.4,-102.4,2.0
36.0,-102.4,2.0
35.6,-102.4,2.0
35.2,-102.4,2.0
34.8,-102.4,2.0
34.4,-102.4,2.0
33.2,-102.4,2.0
33.6,-102.4,2.0
34.0,-102.4,2.0
32.4,-102.4,2.0
32.8,-102.4,2.0
31.6,-102.4,2.0
31.2,-102.4,1.542857142857143
32.0,-102.4,2.0
30.8,-102.4,0.0
30.4,-102.4,0.0
47.2,-85.2,0.0
30.0,-102.4,0.0
29.6,-102.4,0.0
46.8,-85.2,0.0
46.4,-85.2,0.0
46.0,-85.2,0.0
45.6,-85.2,0.0
45.2,-85.2,0.0
44.4,-85.2,0.0
44.8,-85.2,0.0
43.2,-85.2,0.0
43.6,-85.2,0.0
44.0,-85.2,0.0
42.4,-85.2,0.0
42.8,-85.2,0.0
41.2,-85.2,0.0
41.6,-85.2,0.0
42.0,-85.2,0.0
40.4,-85.2,0.0
40.8,-85.2,0.0
39.2,-85.2,0.0
39.6,-85.2,0.0
40.0,-85.2,0.0
38.4,-85.2,0.0
38.8,-85.2,0.0
38.0,-85.2,0.0
37.6,-85.2,0.0
37.2,-85.2,0.0
36.8,-85.2,0.0
36.4,-85.2,0.0
36.0,-85.2,0.0
35.6,-85.2,0.0
35.2,-85.2,0.0
34.8,-85.2,0.0
34.4,-85.2,0.0
33.2,-85.2,0.03125
33.6,-85.2,0.0
34.0,-85.2,0.0
32.4,-85.2,2.0
32.8,-85.2,1.4545454545454546
31.6,-85.2,2.0
31.2,-85.2,2.0
32.0,-85.2,2.0
30.8,-85.2,2.0
30.4,-85.2,2.0
47.2,-68.0,0.0
30.0,-85.2,2.0
29.2,-85.2,2.0
29.6,-85.2,2.0
46.8,-68.0,0.0
46.4,-68.0,0.8387096774193549
46.0,-68.0,2.0
45.6,-68.0,2.0
45.2,-68.0,2.0
44.8,-68.0,2.0
44.4,-68.0,2.0
44.0,-68.0,2.0
49.2,-118.4,0.0
48.8,-118.4,0.0
48.4,-118.4,0.0
48.0,-118.4,0.0
47.6,-118.4,0.0
47.2,-118.4,0.0
46.8,-118.4,0.0
46.4,-118.4,0.0
46.0,-118.4,0.0
45.6,-118.4,0.0
45.2,-118.4,0.0
44.8,-118.4,0.0
44.4,-118.4,0.0
43.2,-118.4,0.0
43.6,-118.4,0.0
44.0,-118.4,0.0
42.4,-118.4,0.0
42.8,-118.4,0.0
41.2,-118.4,0.0
41.6,-118.4,0.0
42.0,-118.4,0.0
40.4,-118.4,0.0
40.8,-118.4,0.0
39.2,-118.4,0.0
39.6,-118.4,0.0
40.0,-118.4,0.0
38.4,-118.4,0.0
38.8,-118.4,0.0
37.2,-118.4,0.0
37.6,-118.4,0.0
38.0,-118.4,0.0
36.8,-118.4,0.0
36.4,-118.4,0.0
36.0,-118.4,0.0
35.6,-118.4,0.0
35.2,-118.4,0.0
34.8,-118.4,0.0
34.4,-118.4,0.0
34.0,-118.4,0.0
33.6,-118.4,0.0
33.2,-118.4,0.0
48.8,-101.2,0.0
48.4,-101.2,0.0
48.0,-101.2,0.0
47.6,-101.2,0.0
47.2,-101.2,0.0
46.8,-101.2,0.75
46.4,-101.2,2.0
46.0,-101.2,2.0
45.6,-101.2,2.0
45.2,-101.2,2.0
44.4,-101.2,2.0
44.8,-101.2,2.0
43.2,-101.2,2.0
43.6,-101.2,2.0
44.0,-101.2,2.0
42.4,-101.2,2.0
42.8,-101.2,2.0
41.2,-101.2,2.0
41.6,-101.2,2.0
42.0,-101.2,2.0
40.4,-101.2,2.0
40.8,-101.2,2.0
39.2,-101.2,2.0
39.6,-101.2,2.0
40.0,-101.2,2.0
38.4,-101.2,2.0
38.8,-101.2,2.0
38.0,-101.2,2.0
37.6,-101.2,2.0
37.2,-101.2,2.0
36.8,-101.2,2.0
36.4,-101.2,2.0
36.0,-101.2,2.0
35.6,-101.2,2.0
35.2,-101.2,2.0
34.8,-101.2,2.0
34.4,-101.2,2.0
33.2,-101.2,2.0
33.6,-101.2,2.0
34.0,-101.2,2.0
32.4,-101.2,2.0
32.8,-101.2,2.0
31.6,-101.2,2.0
31.2,-101.2,2.0
32.0,-101.2,2.0
30.8,-101.2,2.0
30.4,-101.2,0.5352112676056338
30.0,-101.2,0.0
29.6,-101.2,0.0
46.4,-84.0,0.0
46.0,-84.0,0.0
45.6,-84.0,0.0
45.2,-84.0,0.0
44.4,-84.0,0.0
44.8,-84.0,0.0
43.2,-84.0,0.0
43.6,-84.0,0.0
44.0,-84.0,0.0
42.4,-84.0,0.0
42.8,-84.0,0.0
41.2,-84.0,0.0
41.6,-84.0,0.0
42.0,-84.0,0.0
40.4,-84.0,0.0
40.8,-84.0,0.0
39.2,-84.0,0.0
39.6,-84.0,0.0
40.0,-84.0,0.0
38.4,-84.0,0.0
38.8,-84.0,0.0
38.0,-84.0,0.0
37.6,-84.0,0.0
37.2,-84.0,0.0
36.8,-84.0,0.0
36.4,-84.0,0.0
36.0,-84.0,0.0
35.6,-84.0,0.0
35.2,-84.0,0.0
34.8,-84.0,0.0
34.4,-84.0,0.0
33.2,-84.0,2.0
33.6,-84.0,1.4328358208955223
34.0,-84.0,0.03076923076923077
32.4,-84.0,2.0
32.8,-84.0,2.0
31.2,-84.0,2.0
31.6,-84.0,2.0
32.0,-84.0,2.0
30.8,-84.0,2.0
30.4,-84.0,2.0
30.0,-84.0,2.0
29.6,-84.0,2.0
44.8,-66.8,2.0
49.2,-117.2,2.0
48.8,-117.2,2.0
48.4,-117.2,0.8571428571428571
48.0,-117.2,0.0
47.6,-117.2,0.0
47.2,-117.2,0.0
46.8,-117.2,0.0
46.4,-117.2,0.0
46.0,-117.2,0.0
45.6,-117.2,0.0
45.2,-117.2,0.0
44.8,-117.2,0.0
44.4,-117.2,0.0
43.2,-117.2,0.0
43.6,-117.2,0.0
44.0,-117.2,0.0
42.4,-117.2,0.0
42.8,-117.2,0.0
41.2,-117.2,0.0
41.6,-117.2,0.0
42.0,-117.2,0.0
40.4,-117.2,0.0
40.8,-117.2,0.0
39.2,-117.2,0.0
39.6,-117.2,0.0
40.0,-117.2,0.0
38.4,-117.2,0.0
38.8,-117.2,0.0
37.2,-117.2,0.0
37.6,-117.2,0.0
38.0,-117.2,0.0
36.8,-117.2,0.0
36.4,-117.2,0.0
36.0,-117.2,0.0
35.6,-117.2,0.0
35.2,-117.2,0.0
34.8,-117.2,0.0
34.4,-117.2,0.0
34.0,-117.2,0.0
33.6,-117.2,0.0
33.2,-117.2,0.0
32.4,-117.2,0.0
32.8,-117.2,0.0
48.8,-100.0,0.0
48.4,-100.0,0.0
48.0,-100.0,0.0
47.6,-100.0,0.0
47.2,-100.0,0.0
46.8,-100.0,0.0
46.4,-100.0,0.48148148148148145
46.0,-100.0,2.0
45.6,-100.0,2.0
45.2,-100.0,2.0
44.4,-100.0,2.0
44.8,-100.0,2.0
43.2,-100.0,2.0
43.6,-100.0,2.0
44.0,-100.0,2.0
42.4,-100.0,2.0
42.8,-100.0,2.0
41.2,-100.0,2.0
41.6,-100.0,2.0
42.0,-100.0,2.0
40.4,-100.0,2.0
40.8,-100.0,2.0
39.2,-100.0,2.0
39.6,-100.0,2.0
40.0,-100.0,2.0
38.4,-100.0,2.0
38.8,-100.0,2.0
38.0,-100.0,2.0
37.6,-100.0,2.0
37.2,-100.0,2.0
36.8,-100.0,1.9090909090909092
36.4,-100.0,1.2063492063492063
36.0,-100.0,1.393939393939394
35.6,-100.0,2.0
35.2,-100.0,2.0
34.8,-100.0,2.0
34.4,-100.0,2.0
33.2,-100.0,2.0
33.6,-100.0,2.0
34.0,-100.0,2.0
32.4,-100.0,2.0
32.8,-100.0,2.0
31.6,-100.0,2.0
31.2,-100.0,2.0
32.0,-100.0,2.0
30.8,-100.0,2.0
30.4,-100.0,2.0
29.2,-100.0,0.0
29.6,-100.0,0.0
30.0,-100.0,1.476923076923077
28.4,-100.0,2.0
28.8,-100.0,1.3529411764705883
45.6,-82.8,0.0
28.0,-100.0,2.0
45.2,-82.8,0.0
44.4,-82.8,0.0
44.8,-82.8,0.0
43.2,-82.8,0.0
43.6,-82.8,0.0
44.0,-82.8,0.0
42.4,-82.8,0.0
42.8,-82.8,0.0
41.2,-82.8,0.0
41.6,-82.8,0.0
40.4,-82.8,0.0
40.8,-82.8,0.0
39.2,-82.8,0.0
39.6,-82.8,0.0
40.0,-82.8,0.0
38.4,-82.8,0.0
38.8,-82.8,0.0
38.0,-82.8,0.0
37.6,-82.8,0.0
37.2,-82.8,0.0
36.8,-82.8,0.0
36.4,-82.8,0.0
36.0,-82.8,0.0
35.6,-82.8,0.0
35.2,-82.8,0.0
34.8,-82.8,0.49230769230769234
34.4,-82.8,2.0
34.0,-82.8,2.0
33.2,-82.8,2.0
33.6,-82.8,2.0
32.4,-82.8,2.0
32.8,-82.8,2.0
31.2,-82.8,2.0
31.6,-82.8,2.0
32.0,-82.8,2.0
30.8,-82.8,2.0
30.4,-82.8,2.0
30.0,-82.8,2.0
29.6,-82.8,2.0
29.2,-82.8,2.0
28.4,-82.8,2.0
28.8,-82.8,2.0
28.0,-82.8,2.0
27.6,-82.8,2.0
27.2,-82.8,2.0
26.8,-82.8,2.0
49.2,-116.0,2.0
48.8,-116.0,2.0
48.4,-116.0,2.0
48.0,-116.0,2.0
47.6,-116.0,2.0
47.2,-116.0,2.0
46.8,-116.0,2.0
46.4,-116.0,2.0
46.0,-116.0,2.0
45.6,-116.0,2.0
45.2,-116.0,2.0
44.8,-116.0,2.0
44.4,-116.0,2.0
43.2,-116.0,0.0
43.6,-116.0,0.0
44.0,-116.0,1.0625
42.4,-116.0,0.0
42.8,-116.0,0.0
41.2,-116.0,0.0
41.6,-116.0,0.0
42.0,-116.0,0.0
40.4,-116.0,0.0
40.8,-116.0,0.0
39.2,-116.0,0.0
39.6,-116.0,0.0
40.0,-116.0,0.0
38.4,-116.0,0.0
38.8,-116.0,0.0
37.2,-116.0,0.0
37.6,-116.0,0.0
38.0,-116.0,0.0
36.8,-116.0,0.0
36.4,-116.0,0.0
36.0,-116.0,0.0
35.6,-116.0,0.0
35.2,-116.0,0.0
34.8,-116.0,0.0
34.4,-116.0,0.0
34.0,-116.0,0.0
33.6,-116.0,0.0
33.2,-116.0,0.0
32.8,-116.0,0.0
48.8,-98.8,0.0
48.4,-98.8,0.0
48.0,-98.8,0.0
47.6,-98.8,0.0
47.2,-98.8,0.0
46.8,-98.8,0.0
46.4,-98.8,0.0
46.0,-98.8,0.1694915254237288
45.6,-98.8,1.9
45.2,-98.8,2.0
44.4,-98.8,2.0
44.8,-98.8,2.0
43.2,-98.8,2.0
43.6,-98.8,2.0
44.0,-98.8,2.0
42.4,-98.8,2.0
42.8,-98.8,2.0
41.2,-98.8,2.0
41.6,-98.8,2.0
42.0,-98.8,2.0
40.4,-98.8,2.0
40.8,-98.8,2.0
39.2,-98.8,2.0
39.6,-98.8,2.0
40.0,-98.8,2.0
38.4,-98.8,0.0
38.8,-98.8,0.19047619047619047
38.0,-98.8,0.0
37.6,-98.8,0.0
37.2,-98.8,0.0
36.8,-98.8,0.0
36.4,-98.8,0.0
36.0,-98.8,0.0
35.6,-98.8,0.0
35.2,-98.8,0.0
34.8,-98.8,0.5151515151515151
34.4,-98.8,1.8235294117647058
33.2,-98.8,2.0
33.6,-98.8,2.0
34.0,-98.8,2.0
32.4,-98.8,2.0
32.8,-98.8,2.0
31.6,-98.8,2.0
31.2,-98.8,2.0
32.0,-98.8,2.0
30.8,-98.8,2.0
30.4,-98.8,2.0
30.0,-98.8,2.0
29.2,-98.8,1.121212121212121
29.6,-98.8,2.0
28.8,-98.8,2.0
28.4,-98.8,2.0
28.0,-98.8,2.0
27.6,-98.8,2.0
27.2,-98.8,2.0
26.4,-98.8,2.0
26.8,-98.8,2.0
41.2,-81.6,0.0
41.6,-81.6,0.0
42.0,-81.6,0.0
40.4,-81.6,0.0
40.8,-81.6,0.0
39.2,-81.6,0.0
39.6,-81.6,0.0
40.0,-81.6,0.0
38.4,-81.6,0.0
38.8,-81.6,0.0
37.6,-81.6,0.0
37.2,-81.6,0.0
38.0,-81.6,0.0
36.8,-81.6,0.0
36.4,-81.6,0.0
36.0,-81.6,0.49230769230769234
35.6,-81.6,1.876923076923077
35.2,-81.6,2.0
34.8,-81.6,2.0
34.4,-81.6,2.0
34.0,-81.6,2.0
33.2,-81.6,2.0
33.6,-81.6,2.0
32.4,-81.6,2.0
32.8,-81.6,2.0
31.2,-81.6,2.0
31.6,-81.6,2.0
32.0,-81.6,2.0
30.8,-81.6,2.0
30.4,-81.6,2.0
30.0,-81.6,2.0
29.6,-81.6,2.0
29.2,-81.6,2.0
28.4,-81.6,2.0
28.8,-81.6,2.0
28.0,-81.6,2.0
27.6,-81.6,2.0
27.2,-81.6,2.0
26.4,-81.6,2.0
26.8,-81.6,2.0
26.0,-81.6,2.0
25.6,-81.6,2.0
25.2,-81.6,2.0
24.8,-81.6,2.0
24.4,-81.6,2.0
49.2,-114.8,2.0
48.8,-114.8,2.0
48.4,-114.8,2.0
48.0,-114.8,2.0
47.6,-114.8,2.0
47.2,-114.8,2.0
46.8,-114.8,2.0
46.4,-114.8,2.0
46.0,-114.8,2.0
45.6,-114.8,2.0
45.2,-114.8,2.0
44.8,-114.8,2.0
44.4,-114.8,2.0
43.2,-114.8,0.0
43.6,-114.8,1.8709677419354838
44.0,-114.8,2.0
42.4,-114.8,0.0
42.8,-114.8,0.0
41.2,-114.8,0.0
41.6,-114.8,0.0
42.0,-114.8,0.0
40.4,-114.8,0.0
40.8,-114.8,0.0
39.2,-114.8,0.0
39.6,-114.8,0.0
40.0,-114.8,0.0
38.4,-114.8,0.0
38.8,-114.8,0.0
37.2,-114.8,0.0
37.6,-114.8,0.0
38.0,-114.8,0.0
36.8,-114.8,0.0
36.4,-114.8,0.0
36.0,-114.8,0.0
35.6,-114.8,0.0
35.2,-114.8,0.0
34.8,-114.8,0.0
34.4,-114.8,0.0
34.0,-114.8,0.0
33.6,-114.8,0.0
33.2,-114.8,0.0
32.4,-114.8,0.0
32.8,-114.8,0.0
48.8,-97.6,0.0
48.4,-97.6,0.0
48.0,-97.6,0.0
47.6,-97.6,0.0
47.2,-97.6,0.0
46.8,-97.6,0.0
46.4,-97.6,0.0
46.0,-97.6,0.0
45.6,-97.6,0.0
45.2,-97.6,0.34285714285714286
44.4,-97.6,2.0
44.8,-97.6,1.5238095238095237
43.2,-97.6,2.0
43.6,-97.6,2.0
44.0,-97.6,2.0
42.4,-97.6,2.0
42.8,-97.6,2.0
41.2,-97.6,2.0
41.6,-97.6,2.0
42.0,-97.6,2.0
40.4,-97.6,2.0
40.8,-97.6,2.0
39.2,-97.6,0.25396825396825395
39.6,-97.6,2.0
40.0,-97.6,2.0
38.4,-97.6,0.0
38.8,-97.6,0.0
38.0,-97.6,0.0
37.6,-97.6,0.0
37.2,-97.6,0.0
36.8,-97.6,0.0
36.4,-97.6,0.0
36.0,-97.6,0.0
35.6,-97.6,0.0
35.2,-97.6,0.0
34.8,-97.6,0.0
34.4,-97.6,0.0
33.2,-97.6,2.0
33.6,-97.6,1.7966101694915255
34.0,-97.6,0.0
32.4,-97.6,2.0
32.8,-97.6,2.0
31.6,-97.6,2.0
31.2,-97.6,2.0
32.0,-97.6,2.0
30.8,-97.6,2.0
30.4,-97.6,2.0
29.2,-97.6,2.0
29.6,-97.6,2.0
30.0,-97.6,2.0
28.8,-97.6,2.0
28.4,-97.6,2.0
28.0,-97.6,2.0
27.6,-97.6,2.0
27.2,-97.6,2.0
26.4,-97.6,2.0
26.8,-97.6,2.0
26.0,-97.6,2.0
42.4,-80.4,0.0
41.2,-80.4,0.0
41.6,-80.4,0.0
42.0,-80.4,0.0
40.4,-80.4,0.0
40.8,-80.4,0.0
39.2,-80.4,0.0
39.6,-80.4,0.0
40.0,-80.4,0.0
38.4,-80.4,0.0
38.8,-80.4,0.0
37.6,-80.4,0.0
37.2,-80.4,0.375
38.0,-80.4,0.0
36.8,-80.4,1.9076923076923078
36.4,-80.4,2.0
36.0,-80.4,2.0
35.6,-80.4,2.0
35.2,-80.4,2.0
34.8,-80.4,2.0
34.4,-80.4,2.0
34.0,-80.4,2.0
33.2,-80.4,2.0
33.6,-80.4,2.0
32.4,-80.4,2.0
32.8,-80.4,2.0
32.0,-80.4,2.0
29.2,-80.4,2.0
28.4,-80.4,2.0
28.8,-80.4,2.0
28.0,-80.4,2.0
27.6,-80.4,2.0
27.2,-80.4,2.0
26.8,-80.4,2.0
26.4,-80.4,2.0
25.6,-80.4,2.0
25.2,-80.4,2.0
26.0,-80.4,2.0
24.4,-80.4,2.0
24.8,-80.4,2.0
49.2,-113.6,2.0
48.8,-113.6,2.0
48.4,-113.6,2.0
48.0,-113.6,2.0
47.6,-113.6,2.0
47.2,-113.6,2.0
46.8,-113.6,2.0
46.4,-113.6,2.0
46.0,-113.6,2.0
45.6,-113.6,2.0
45.2,-113.6,2.0
44.8,-113.6,2.0
44.4,-113.6,2.0
43.2,-113.6,0.25396825396825395
43.6,-113.6,2.0
44.0,-113.6,2.0
42.4,-113.6,0.0
42.8,-113.6,0.0
41.2,-113.6,0.0
41.6,-113.6,0.0
42.0,-113.6,0.0
40.4,-113.6,0.0
40.8,-113.6,0.0
39.2,-113.6,0.0
39.6,-113.6,0.0
40.0,-113.6,0.0
38.4,-113.6,0.0
38.8,-113.6,0.0
37.2,-113.6,0.0
37.6,-113.6,0.0
38.0,-113.6,0.0
36.8,-113.6,0.031746031746031744
36.4,-113.6,0.78125
36.0,-113.6,1.5692307692307692
35.6,-113.6,1.9696969696969697
35.2,-113.6,2.0
34.8,-113.6,2.0
34.4,-113.6,1.9692307692307693
34.0,-113.6,1.2121212121212122
33.6,-113.6,0.3333333333333333
33.2,-113.6,0.0
32.4,-113.6,0.0
32.8,-113.6,0.0
32.0,-113.6,0.0
48.8,-96.4,0.0
48.4,-96.4,0.0
48.0,-96.4,0.0
47.6,-96.4,0.0
47.2,-96.4,0.0
46.8,-96.4,0.0
46.4,-96.4,0.0
46.0,-96.4,0.0
45.2,-96.4,0.0
45.6,-96.4,0.0
44.4,-96.4,0.0
44.8,-96.4,0.0
43.2,-96.4,0.09836065573770492
43.6,-96.4,0.0
44.0,-96.4,0.0
42.4,-96.4,1.8412698412698412
42.8,-96.4,0.9428571428571428
41.2,-96.4,2.0
41.6,-96.4,2.0
42.0,-96.4,2.0
40.4,-96.4,1.7647058823529411
40.8,-96.4,2.0
39.2,-96.4,0.0
39.6,-96.4,0.09836065573770492
40.0,-96.4,1.1384615384615384
38.4,-96.4,0.0
38.8,-96.4,0.0
38.0,-96.4,0.0
37.6,-96.4,0.0
37.2,-96.4,0.0
36.8,-96.4,0.0
36.4,-96.4,0.0
36.0,-96.4,0.0
35.6,-96.4,0.0
35.2,-96.4,0.0
34.8,-96.4,0.0
34.4,-96.4,0.0
33.2,-96.4,1.492063492063492
33.6,-96.4,0.0
34.0,-96.4,0.0
32.4,-96.4,2.0
32.8,-96.4,2.0
31.6,-96.4,2.0
31.2,-96.4,2.0
32.0,-96.4,2.0
30.8,-96.4,2.0
30.4,-96.4,2.0
29.2,-96.4,2.0
29.6,-96.4,2.0
30.0,-96.4,2.0
28.8,-96.4,2.0
28.4,-96.4,2.0
28.0,-96.4,2.0
43.2,-79.2,0.0
43.6,-79.2,0.0
42.4,-79.2,0.0
42.8,-79.2,0.0
41.2,-79.2,0.0
41.6,-79.2,0.0
42.0,-79.2,0.0
40.4,-79.2,0.0
40.8,-79.2,0.0
39.2,-79.2,0.0
39.6,-79.2,0.0
40.0,-79.2,0.0
38.4,-79.2,0.2222222222222222
38.8,-79.2,0.0
37.6,-79.2,2.0
37.2,-79.2,2.0
38.0,-79.2,1.78125
36.8,-79.2,2.0
36.4,-79.2,2.0
36.0,-79.2,2.0
35.6,-79.2,2.0
35.2,-79.2,2.0
34.8,-79.2,2.0
34.4,-79.2,2.0
34.0,-79.2,2.0
33.2,-79.2,2.0
33.6,-79.2,2.0
32.8,-79.2,2.0
49.2,-112.4,2.0
48.8,-112.4,2.0
48.4,-112.4,2.0
48.0,-112.4,2.0
47.6,-112.4,2.0
47.2,-112.4,2.0
46.8,-112.4,2.0
46.4,-112.4,2.0
46.0,-112.4,2.0
45.6,-112.4,2.0
45.2,-112.4,2.0
44.4,-112.4,2.0
44.8,-112.4,2.0
43.2,-112.4,1.3015873015873016
43.6,-112.4,2.0
44.0,-112.4,2.0
42.4,-112.4,0.0
42.8,-112.4,0.19047619047619047
41.2,-112.4,0.0
41.6,-112.4,0.0
42.0,-112.4,0.0
40.4,-112.4,0.0
40.8,-112.4,0.0
39.2,-112.4,0.03125
39.6,-112.4,0.0
40.0,-112.4,0.0
38.4,-112.4,1.875
38.8,-112.4,0.78125
37.6,-112.4,2.0
37.2,-112.4,2.0
38.0,-112.4,2.0
36.8,-112.4,2.0
36.4,-112.4,2.0
36.0,-112.4,2.0
35.6,-112.4,2.0
35.2,-112.4,2.0
34.8,-112.4,2.0
34.4,-112.4,2.0
34.0,-112.4,2.0
33.6,-112.4,2.0
33.2,-112.4,2.0
32.4,-112.4,2.0
32.8,-112.4,2.0
49.2,-95.2,0.0
31.6,-112.4,2.0
32.0,-112.4,2.0
48.8,-95.2,0.0
48.4,-95.2,0.0
48.0,-95.2,0.0
47.6,-95.2,0.0
47.2,-95.2,0.0
46.8,-95.2,0.0
46.4,-95.2,0.0
46.0,-95.2,0.0
45.2,-95.2,0.0
45.6,-95.2,0.0
44.4,-95.2,0.0
44.8,-95.2,0.0
43.2,-95.2,0.0
43.6,-95.2,0.0
44.0,-95.2,0.0
42.4,-95.2,0.0
42.8,-95.2,0.0
41.2,-95.2,0.0
41.6,-95.2,0.0
42.0,-95.2,0.0
40.4,-95.2,0.0
40.8,-95.2,0.0
39.2,-95.2,0.0
39.6,-95.2,0.0
40.0,-95.2,0.0
38.4,-95.2,0.0
38.8,-95.2,0.0
38.0,-95.2,0.0
37.6,-95.2,0.0
37.2,-95.2,0.0
36.8,-95.2,0.0
36.4,-95.2,0.0
36.0,-95.2,0.0
35.6,-95.2,0.0
35.2,-95.2,0.0
34.8,-95.2,0.0
34.4,-95.2,0.0
33.2,-95.2,0.0
33.6,-95.2,0.0
34.0,-95.2,0.0
32.4,-95.2,2.0
32.8,-95.2,1.2698412698412698
31.6,-95.2,2.0
31.2,-95.2,2.0
32.0,-95.2,2.0
30.8,-95.2,2.0
30.4,-95.2,2.0
29.2,-95.2,2.0
29.6,-95.2,2.0
30.0,-95.2,2.0
28.8,-95.2,2.0
28.4,-95.2,2.0
43.2,-78.0,0.0
43.6,-78.0,0.0
42.4,-78.0,0.0
42.8,-78.0,0.0
41.2,-78.0,0.0
41.6,-78.0,0.0
42.0,-78.0,0.0
40.4,-78.0,0.0
40.8,-78.0,0.0
39.2,-78.0,1.53125
39.6,-78.0,0.06349206349206349
40.0,-78.0,0.0
38.4,-78.0,2.0
38.8,-78.0,2.0
37.6,-78.0,2.0
37.2,-78.0,2.0
38.0,-78.0,2.0
36.8,-78.0,2.0
36.4,-78.0,2.0
36.0,-78.0,2.0
35.6,-78.0,2.0
35.2,-78.0,2.0
34.8,-78.0,2.0
34.4,-78.0,2.0
34.0,-78.0,2.0
33.6,-78.0,2.0
49.2,-111.2,2.0
48.8,-111.2,2.0
48.4,-111.2,2.0
48.0,-111.2,2.0
47.6,-111.2,2.0
47.2,-111.2,2.0
46.8,-111.2,2.0
46.4,-111.2,2.0
46.0,-111.2,2.0
45.6,-111.2,2.0
45.2,-111.2,2.0
44.4,-111.2,2.0
44.8,-111.2,2.0
43.2,-111.2,2.0
43.6,-111.2,2.0
44.0,-111.2,2.0
42.4,-111.2,2.0
42.8,-111.2,2.0
41.2,-111.2,2.0
41.6,-111.2,2.0
42.0,-111.2,2.0
40.4,-111.2,2.0
40.8,-111.2,2.0
39.2,-111.2,2.0
39.6,-111.2,2.0
40.0,-111.2,2.0
38.4,-111.2,2.0
38.8,-111.2,2.0
37.6,-111.2,2.0
37.2,-111.2,2.0
38.0,-111.2,2.0
36.8,-111.2,2.0
36.4,-111.2,2.0
36.0,-111.2,2.0
35.6,-111.2,2.0
35.2,-111.2,2.0
34.8,-111.2,2.0
34.4,-111.2,2.0
34.0,-111.2,2.0
33.2,-111.2,2.0
33.6,-111.2,2.0
32.4,-111.2,2.0
32.8,-111.2,2.0
31.2,-111.2,2.0
31.6,-111.2,2.0
32.0,-111.2,2.0
48.8,-94.0,0.0
48.4,-94.0,0.0
48.0,-94.0,0.0
47.6,-94.0,0.0
47.2,-94.0,0.0
46.8,-94.0,0.0
46.4,-94.0,0.0
46.0,-94.0,0.0
45.2,-94.0,0.0
45.6,-94.0,0.0
44.4,-94.0,0.0
44.8,-94.0,0.0
43.2,-94.0,0.0
43.6,-94.0,0.0
44.0,-94.0,0.0
42.4,-94.0,0.0
42.8,-94.0,0.0
41.2,-94.0,0.0
41.6,-94.0,0.0
42.0,-94.0,0.0
40.4,-94.0,0.0
40.8,-94.0,0.0
39.2,-94.0,0.0
39.6,-94.0,0.0
40.0,-94.0,0.0
38.4,-94.0,0.0
38.8,-94.0,0.0
38.0,-94.0,0.0
37.6,-94.0,0.0
37.2,-94.0,0.0
36.8,-94.0,0.0
36.4,-94.0,0.0
36.0,-94.0,0.0
35.6,-94.0,0.0
35.2,-94.0,0.0
34.8,-94.0,0.0
34.4,-94.0,0.0
33.2,-94.0,0.0
33.6,-94.0,0.0
34.0,-94.0,0.0
32.4,-94.0,0.03125
32.8,-94.0,0.0
31.6,-94.0,2.0
31.2,-94.0,2.0
32.0,-94.0,1.6666666666666667
30.8,-94.0,2.0
30.4,-94.0,2.0
29.2,-94.0,2.0
29.6,-94.0,2.0
30.0,-94.0,2.0
43.2,-76.8,0.0
43.6,-76.8,0.0
44.0,-76.8,0.0
42.4,-76.8,0.0
42.8,-76.8,0.0
41.2,-76.8,0.0
41.6,-76.8,0.0
42.0,-76.8,0.0
40.4,-76.8,1.0158730158730158
40.8,-76.8,0.0
39.2,-76.8,2.0
39.6,-76.8,2.0
40.0,-76.8,2.0
38.4,-76.8,2.0
38.8,-76.8,2.0
37.2,-76.8,2.0
37.6,-76.8,2.0
38.0,-76.8,2.0
36.8,-76.8,2.0
36.4,-76.8,2.0
36.0,-76.8,2.0
35.6,-76.8,2.0
35.2,-76.8,2.0
34.8,-76.8,2.0
34.4,-76.8,2.0
49.2,-110.0,2.0
48.8,-110.0,2.0
48.4,-110.0,2.0
48.0,-110.0,2.0
47.6,-110.0,2.0
47.2,-110.0,2.0
46.8,-110.0,2.0
46.4,-110.0,2.0
46.0,-110.0,2.0
45.6,-110.0,2.0
45.2,-110.0,2.0
44.4,-110.0,2.0
44.8,-110.0,2.0
43.2,-110.0,2.0
43.6,-110.0,2.0
44.0,-110.0,2.0
42.4,-110.0,2.0
42.8,-110.0,2.0
41.2,-110.0,2.0
41.6,-110.0,2.0
42.0,-110.0,2.0
40.4,-110.0,2.0
40.8,-110.0,2.0
39.2,-110.0,2.0
39.6,-110.0,2.0
40.0,-110.0,2.0
38.4,-110.0,2.0
38.8,-110.0,2.0
37.6,-110.0,2.0
37.2,-110.0,2.0
38.0,-110.0,2.0
36.8,-110.0,2.0
36.4,-110.0,2.0
36.0,-110.0,2.0
35.6,-110.0,2.0
35.2,-110.0,2.0
34.8,-110.0,2.0
34.4,-110.0,2.0
34.0,-110.0,2.0
33.2,-110.0,2.0
33.6,-110.0,2.0
32.4,-110.0,2.0
32.8,-110.0,2.0
31.2,-110.0,2.0
31.6,-110.0,2.0
32.0,-110.0,2.0
48.4,-92.8,2.0
48.0,-92.8,2.0
47.6,-92.8,2.0
47.2,-92.8,2.0
46.8,-92.8,2.0
46.4,-92.8,1.8235294117647058
46.0,-92.8,0.8571428571428571
45.6,-92.8,0.06349206349206349
45.2,-92.8,0.0
44.4,-92.8,0.0
44.8,-92.8,0.0
43.2,-92.8,0.0
43.6,-92.8,0.0
44.0,-92.8,0.0
42.4,-92.8,0.0
42.8,-92.8,0.0
41.2,-92.8,0.0
41.6,-92.8,0.0
42.0,-92.8,0.0
40.4,-92.8,0.0
40.8,-92.8,0.0
39.2,-92.8,0.0
39.6,-92.8,0.0
40.0,-92.8,0.0
38.4,-92.8,0.0
38.8,-92.8,0.0
38.0,-92.8,0.0
37.6,-92.8,0.0
37.2,-92.8,0.0
36.8,-92.8,0.0
36.4,-92.8,0.0
36.0,-92.8,0.0
35.6,-92.8,0.0
35.2,-92.8,0.0
34.8,-92.8,0.0
34.4,-92.8,0.0
33.2,-92.8,0.0
33.6,-92.8,0.0
34.0,-92.8,0.0
32.4,-92.8,0.0
32.8,-92.8,0.0
31.6,-92.8,1.791044776119403
31.2,-92.8,2.0
32.0,-92.8,0.0
30.8,-92.8,2.0
30.4,-92.8,2.0
29.2,-92.8,2.0
29.6,-92.8,2.0
30.0,-92.8,2.0
44.8,-75.6,0.0
44.4,-75.6,0.0
43.2,-75.6,0.0
43.6,-75.6,0.0
44.0,-75.6,0.0
42.4,-75.6,0.0
42.8,-75.6,0.0
41.2,-75.6,1.90625
41.6,-75.6,0.2857142857142857
42.0,-75.6,0.0
40.4,-75.6,2.0
40.8,-75.6,2.0
39.2,-75.6,2.0
39.6,-75.6,2.0
40.0,-75.6,2.0
38.4,-75.6,2.0
38.8,-75.6,2.0
37.2,-75.6,2.0
37.6,-75.6,2.0
38.0,-75.6,2.0
36.8,-75.6,2.0
36.4,-75.6,2.0
36.0,-75.6,2.0
35.6,-75.6,2.0
35.2,-75.6,2.0
34.8,-75.6,2.0
49.2,-108.8,2.0
48.8,-108.8,2.0
48.4,-108.8,2.0
48.0,-108.8,2.0
47.6,-108.8,2.0
47.2,-108.8,2.0
46.8,-108.8,2.0
46.4,-108.8,2.0
46.0,-108.8,2.0
45.6,-108.8,2.0
45.2,-108.8,2.0
44.4,-108.8,2.0
44.8,-108.8,2.0
43.2,-108.8,2.0
43.6,-108.8,2.0
44.0,-108.8,2.0
42.4,-108.8,2.0
42.8,-108.8,2.0
41.2,-108.8,2.0
41.6,-108.8,2.0
42.0,-108.8,2.0
40.4,-108.8,2.0
40.8,-108.8,2.0
39.2,-108.8,2.0
39.6,-108.8,2.0
40.0,-108.8,2.0
38.4,-108.8,2.0
38.8,-108.8,2.0
37.6,-108.8,2.0
37.2,-108.8,2.0
38.0,-108.8,2.0
36.8,-108.8,2.0
36.4,-108.8,2.0
36.0,-108.8,2.0
35.6,-108.8,2.0
35.2,-108.8,2.0
34.8,-108.8,2.0
34.4,-108.8,2.0
34.0,-108.8,2.0
33.2,-108.8,2.0
33.6,-108.8,2.0
32.4,-108.8,2.0
32.8,-108.8,2.0
31.2,-108.8,2.0
31.6,-108.8,2.0
32.0,-108.8,2.0
48.4,-91.6,2.0
48.0,-91.6,2.0
47.6,-91.6,2.0
47.2,-91.6,2.0
46.8,-91.6,2.0
46.4,-91.6,2.0
46.0,-91.6,2.0
45.6,-91.6,2.0
45.2,-91.6,1.2698412698412698
44.4,-91.6,0.0
44.8,-91.6,0.0
43.2,-91.6,0.0
43.6,-91.6,0.0
44.0,-91.6,0.0
42.4,-91.6,0.0
42.8,-91.6,0.0
41.2,-91.6,0.0
41.6,-91.6,0.0
42.0,-91.6,0.0
40.4,-91.6,0.0
40.8,-91.6,0.0
39.2,-91.6,0.0
39.6,-91.6,0.0
40.0,-91.6,0.0
38.4,-91.6,0.0
38.8,-91.6,0.0
38.0,-91.6,0.0
37.6,-91.6,0.0
37.2,-91.6,0.0
36.8,-91.6,0.0
36.4,-91.6,0.0
36.0,-91.6,0.0
35.6,-91.6,0.0
35.2,-91.6,0.0
34.8,-91.6,0.0
34.4,-91.6,0.0
33.2,-91.6,0.0
33.6,-91.6,0.0
34.0,-91.6,0.0
32.4,-91.6,0.0
32.8,-91.6,0.0
31.6,-91.6,1.625
31.2,-91.6,2.0
32.0,-91.6,0.0
30.8,-91.6,2.0
30.4,-91.6,2.0
29.2,-91.6,2.0
29.6,-91.6,2.0
30.0,-91.6,2.0
45.2,-74.4,0.0
44.8,-74.4,0.0
44.4,-74.4,0.0
43.2,-74.4,0.0
43.6,-74.4,0.0
44.0,-74.4,0.0
42.4,-74.4,1.25
42.8,-74.4,0.0
41.2,-74.4,2.0
41.6,-74.4,2.0
42.0,-74.4,2.0
40.4,-74.4,2.0
40.8,-74.4,2.0
39.2,-74.4,2.0
39.6,-74.4,2.0
40.0,-74.4,2.0
38.8,-74.4,2.0
48.4,-124.8,0.0
48.0,-124.8,0.0
47.6,-124.8,0.0
47.2,-124.8,0.0
46.8,-124.8,0.0
43.6,-124.8,0.0
43.2,-124.8,0.0
42.4,-124.8,0.0
42.8,-124.8,0.0
41.6,-124.8,0.0
42.0,-124.8,0.0
40.4,-124.8,0.0
40.8,-124.8,0.0
40.0,-124.8,0.0
49.2,-107.6,2.0
48.8,-107.6,2.0
48.4,-107.6,2.0
48.0,-107.6,2.0
47.6,-107.6,2.0
47.2,-107.6,2.0
46.8,-107.6,2.0
46.4,-107.6,2.0
46.0,-107.6,2.0
45.6,-107.6,2.0
45.2,-107.6,2.0
44.4,-107.6,2.0
44.8,-107.6,2.0
43.2,-107.6,2.0
43.6,-107.6,2.0
44.0,-107.6,2.0
42.4,-107.6,2.0
42.8,-107.6,2.0
41.2,-107.6,2.0
41.6,-107.6,2.0
42.0,-107.6,2.0
40.4,-107.6,2.0
40.8,-107.6,2.0
39.2,-107.6,2.0
39.6,-107.6,2.0
40.0,-107.6,2.0
38.4,-107.6,2.0
38.8,-107.6,2.0
38.0,-107.6,2.0
37.6,-107.6,2.0
37.2,-107.6,2.0
36.8,-107.6,2.0
36.4,-107.6,2.0
36.0,-107.6,2.0
35.6,-107.6,2.0
35.2,-107.6,2.0
34.8,-107.6,2.0
34.4,-107.6,2.0
33.2,-107.6,2.0
33.6,-107.6,2.0
34.0,-107.6,2.0
32.4,-107.6,2.0
32.8,-107.6,2.0
31.6,-107.6,2.0
32.0,-107.6,2.0
48.0,-90.4,2.0
47.6,-90.4,2.0
47.2,-90.4,2.0
46.8,-90.4,2.0
46.4,-90.4,2.0
46.0,-90.4,2.0
45.6,-90.4,2.0
45.2,-90.4,2.0
44.4,-90.4,0.0
44.8,-90.4,1.492063492063492
43.2,-90.4,0.0
43.6,-90.4,0.0
44.0,-90.4,0.0
42.4,-90.4,0.0
42.8,-90.4,0.0
41.2,-90.4,0.0
41.6,-90.4,0.0
42.0,-90.4,0.0
40.4,-90.4,0.0
40.8,-90.4,0.0
39.2,-90.4,0.0
39.6,-90.4,0.0
40.0,-90.4,0.0
38.4,-90.4,0.0
38.8,-90.4,0.0
38.0,-90.4,0.0
37.6,-90.4,0.0
37.2,-90.4,0.0
36.8,-90.4,0.0
36.4,-90.4,0.0
36.0,-90.4,0.0
35.6,-90.4,0.0
35.2,-90.4,0.0
34.8,-90.4,0.0
34.4,-90.4,0.0
33.2,-90.4,0.0
33.6,-90.4,0.0
34.0,-90.4,0.0
32.4,-90.4,0.0
32.8,-90.4,0.0
31.6,-90.4,1.3823529411764706
31.2,-90.4,2.0
32.0,-90.4,0.0
30.8,-90.4,2.0
30.4,-90.4,2.0
30.0,-90.4,2.0
29.2,-90.4,2.0
29.6,-90.4,2.0
28.8,-90.4,2.0
45.2,-73.2,0.0
44.8,-73.2,0.0
44.4,-73.2,0.0
43.2,-73.2,0.6031746031746031
43.6,-73.2,0.0
44.0,-73.2,0.0
42.4,-73.2,2.0
42.8,-73.2,2.0
41.2,-73.2,2.0
41.6,-73.2,2.0
42.0,-73.2,2.0
40.4,-73.2,2.0
40.8,-73.2,2.0
48.4,-123.6,0.0
48.0,-123.6,0.0
47.6,-123.6,0.0
47.2,-123.6,0.0
46.8,-123.6,0.0
46.4,-123.6,0.0
46.0,-123.6,0.0
45.6,-123.6,0.0
45.2,-123.6,0.0
44.8,-123.6,0.0
44.4,-123.6,0.0
44.0,-123.6,0.0
43.6,-123.6,0.0
43.2,-123.6,0.0
42.4,-123.6,0.0
42.8,-123.6,0.0
41.2,-123.6,0.0
41.6,-123.6,0.0
42.0,-123.6,0.0
40.4,-123.6,0.0
40.8,-123.6,0.0
39.2,-123.6,0.0
39.6,-123.6,0.0
40.0,-123.6,0.0
38.4,-123.6,0.0
38.8,-123.6,0.0
37.6,-123.6,0.0
38.0,-123.6,0.0
48.8,-106.4,2.0
48.4,-106.4,2.0
48.0,-106.4,2.0
47.6,-106.4,2.0
47.2,-106.4,2.0
46.8,-106.4,2.0
46.4,-106.4,2.0
46.0,-106.4,2.0
45.6,-106.4,2.0
45.2,-106.4,2.0
44.4,-106.4,2.0
44.8,-106.4,2.0
43.2,-106.4,2.0
43.6,-106.4,2.0
44.0,-106.4,2.0
42.4,-106.4,2.0
42.8,-106.4,2.0
41.2,-106.4,2.0
41.6,-106.4,2.0
42.0,-106.4,2.0
40.4,-106.4,2.0
40.8,-106.4,2.0
39.2,-106.4,2.0
39.6,-106.4,2.0
40.0,-106.4,2.0
38.4,-106.4,2.0
38.8,-106.4,2.0
38.0,-106.4,2.0
37.6,-106.4,2.0
37.2,-106.4,2.0
36.8,-106.4,2.0
36.4,-106.4,2.0
36.0,-106.4,2.0
35.6,-106.4,2.0
35.2,-106.4,2.0
34.8,-106.4,2.0
34.4,-106.4,2.0
33.2,-106.4,2.0
33.6,-106.4,2.0
34.0,-106.4,2.0
32.4,-106.4,2.0
32.8,-106.4,2.0
31.6,-106.4,2.0
32.0,-106.4,2.0
48.0,-89.2,2.0
47.6,-89.2,2.0
47.2,-89.2,2.0
46.8,-89.2,2.0
46.4,-89.2,2.0
46.0,-89.2,2.0
45.6,-89.2,2.0
45.2,-89.2,2.0
44.4,-89.2,1.8095238095238095
44.8,-89.2,2.0
43.2,-89.2,0.0
43.6,-89.2,0.0
44.0,-89.2,0.031746031746031744
42.4,-89.2,0.0
42.8,-89.2,0.0
41.2,-89.2,0.0
41.6,-89.2,0.0
42.0,-89.2,0.0
40.4,-89.2,0.0
40.8,-89.2,0.0
39.2,-89.2,0.0
39.6,-89.2,0.0
40.0,-89.2,0.0
38.4,-89.2,0.0
38.8,-89.2,0.0
38.0,-89.2,0.0
37.6,-89.2,0.0
37.2,-89.2,0.0
36.8,-89.2,0.0
36.4,-89.2,0.0
36.0,-89.2,0.0
35.6,-89.2,0.0
35.2,-89.2,0.0
34.8,-89.2,0.0
34.4,-89.2,0.0
33.2,-89.2,0.0
33.6,-89.2,0.0
34.0,-89.2,0.0
32.4,-89.2,0.0
32.8,-89.2,0.0
31.6,-89.2,1.1044776119402986
31.2,-89.2,2.0
32.0,-89.2,0.0
30.8,-89.2,2.0
30.4,-89.2,2.0
30.0,-89.2,2.0
29.2,-89.2,2.0
29.6,-89.2,2.0
28.8,-89.2,2.0
45.2,-72.0,0.0
44.8,-72.0,0.0
44.4,-72.0,0.0
43.2,-72.0,2.0
43.6,-72.0,1.5806451612903225
44.0,-72.0,0.0
42.4,-72.0,2.0
42.8,-72.0,2.0
41.2,-72.0,2.0
41.6,-72.0,2.0
42.0,-72.0,2.0
40.8,-72.0,2.0
49.2,-122.4,0.0
48.8,-122.4,0.0
48.4,-122.4,0.0
48.0,-122.4,0.0
47.6,-122.4,0.0
47.2,-122.4,0.0
46.8,-122.4,0.0
46.4,-122.4,0.0
46.0,-122.4,0.0
45.6,-122.4,0.0
45.2,-122.4,0.0
44.8,-122.4,0.0
44.4,-122.4,0.0
44.0,-122.4,0.0
43.2,-122.4,0.0
43.6,-122.4,0.0
42.4,-122.4,0.0
42.8,-122.4,0.0
41.2,-122.4,0.0
41.6,-122.4,0.0
42.0,-122.4,0.0
40.4,-122.4,0.0
40.8,-122.4,0.0
39.2,-122.4,0.0
39.6,-122.4,0.0
40.0,-122.4,0.0
38.4,-122.4,0.0
38.8,-122.4,0.0
37.2,-122.4,0.0
37.6,-122.4,0.0
38.0,-122.4,0.0
36.4,-122.4,0.0
36.8,-122.4,0.0
35.6,-122.4,0.0
35.2,-122.4,0.0
36.0,-122.4,0.0
48.8,-105.2,1.1428571428571428
48.4,-105.2,2.0
48.0,-105.2,2.0
47.6,-105.2,2.0
47.2,-105.2,2.0
46.8,-105.2,2.0
46.4,-105.2,2.0
46.0,-105.2,2.0
45.6,-105.2,2.0
45.2,-105.2,2.0
44.4,-105.2,2.0
44.8,-105.2,2.0
43.2,-105.2,2.0
43.6,-105.2,2.0
44.0,-105.2,2.0
42.4,-105.2,2.0
42.8,-105.2,2.0
41.2,-105.2,2.0
41.6,-105.2,2.0
42.0,-105.2,2.0
40.4,-105.2,2.0
40.8,-105.2,2.0
39.2,-105.2,2.0
39.6,-105.2,2.0
40.0,-105.2,2.0
38.4,-105.2,2.0
38.8,-105.2,2.0
38.0,-105.2,2.0
37.6,-105.2,2.0
37.2,-105.2,2.0
36.8,-105.2,2.0
36.4,-105.2,2.0
36.0,-105.2,2.0
35.6,-105.2,2.0
35.2,-105.2,2.0
34.8,-105.2,2.0
34.4,-105.2,2.0
33.2,-105.2,2.0
33.6,-105.2,2.0
34.0,-105.2,2.0
32.4,-105.2,2.0
32.8,-105.2,2.0
31.2,-105.2,2.0
31.6,-105.2,2.0
32.0,-105.2,2.0
48.4,-88.0,2.0
30.8,-105.2,2.0
48.0,-88.0,2.0
47.6,-88.0,2.0
47.2,-88.0,2.0
46.8,-88.0,2.0
46.4,-88.0,2.0
46.0,-88.0,2.0
45.6,-88.0,2.0
45.2,-88.0,2.0
44.4,-88.0,0.7096774193548387
44.8,-88.0,2.0
43.2,-88.0,0.0
43.6,-88.0,0.0
44.0,-88.0,0.0
42.4,-88.0,0.0
42.8,-88.0,0.0
41.2,-88.0,0.0
41.6,-88.0,0.0
42.0,-88.0,0.0
40.4,-88.0,0.0
40.8,-88.0,0.0
39.2,-88.0,0.0
39.6,-88.0,0.0
40.0,-88.0,0.0
38.4,-88.0,0.0
38.8,-88.0,0.0
38.0,-88.0,0.0
37.6,-88.0,0.0
37.2,-88.0,0.0
36.8,-88.0,0.0
36.4,-88.0,0.0
36.0,-88.0,0.0
35.6,-88.0,0.0
35.2,-88.0,0.0
34.8,-88.0,0.0
34.4,-88.0,0.0
33.2,-88.0,0.0
33.6,-88.0,0.0
34.0,-88.0,0.0
32.4,-88.0,0.0
32.8,-88.0,0.0
31.6,-88.0,2.0
31.2,-88.0,2.0
32.0,-88.0,0.696969696969697
30.8,-88.0,2.0
30.4,-88.0,2.0
30.0,-88.0,2.0
45.6,-70.8,0.0
45.2,-70.8,0.0
44.8,-70.8,0.0
44.4,-70.8,0.59375
43.2,-70.8,2.0
43.6,-70.8,2.0
44.0,-70.8,2.0
42.4,-70.8,2.0
42.8,-70.8,2.0
41.2,-70.8,2.0
41.6,-70.8,2.0
42.0,-70.8,2.0
40.8,-70.8,2.0
49.2,-121.2,0.0
48.8,-121.2,0.0
48.4,-121.2,0.0
48.0,-121.2,0.0
47.6,-121.2,0.0
47.2,-121.2,0.0
46.8,-121.2,0.0
46.4,-121.2,0.0
46.0,-121.2,0.0
45.6,-121.2,0.0
45.2,-121.2,0.0
44.8,-121.2,0.0
44.4,-121.2,0.0
44.0,-121.2,0.0
43.2,-121.2,0.0
43.6,-121.2,0.0
42.4,-121.2,0.0
42.8,-121.2,0.0
41.2,-121.2,0.0
41.6,-121.2,0.0
42.0,-121.2,0.0
40.4,-121.2,0.0
40.8,-121.2,0.0
39.2,-121.2,0.0
39.6,-121.2,0.0
40.0,-121.2,0.0
38.4,-121.2,0.0
38.8,-121.2,0.0
37.2,-121.2,0.0
37.6,-121.2,0.0
38.0,-121.2,0.0
36.4,-121.2,0.0
36.8,-121.2,0.0
36.0,-121.2,0.0
35.6,-121.2,0.0
35.2,-121.2,0.0
34.8,-121.2,0.0
34.4,-121.2,0.0
48.8,-104.0,0.0
48.4,-104.0,0.0
48.0,-104.0,1.6507936507936507
47.6,-104.0,2.0
47.2,-104.0,2.0
46.8,-104.0,2.0
46.4,-104.0,2.0
46.0,-104.0,2.0
45.6,-104.0,2.0
45.2,-104.0,2.0
44.4,-104.0,2.0
44.8,-104.0,2.0
43.2,-104.0,2.0
43.6,-104.0,2.0
44.0,-104.0,2.0
42.4,-104.0,2.0
42.8,-104.0,2.0
41.2,-104.0,2.0
41.6,-104.0,2.0
42.0,-104.0,2.0
40.4,-104.0,2.0
40.8,-104.0,2.0
39.2,-104.0,2.0
39.6,-104.0,2.0
40.0,-104.0,2.0
38.4,-104.0,2.0
38.8,-104.0,2.0
38.0,-104.0,2.0
37.6,-104.0,2.0
37.2,-104.0,2.0
36.8,-104.0,2.0
36.4,-104.0,2.0
36.0,-104.0,2.0
35.6,-104.0,2.0
35.2,-104.0,2.0
34.8,-104.0,2.0
34.4,-104.0,2.0
33.2,-104.0,2.0
33.6,-104.0,2.0
34.0,-104.0,2.0
32.4,-104.0,2.0
32.8,-104.0,2.0
31.6,-104.0,2.0
31.2,-104.0,2.0
32.0,-104.0,2.0
30.8,-104.0,1.3846153846153846
30.4,-104.0,0.0
47.6,-86.8,2.0
47.2,-86.8,2.0
30.0,-104.0,0.0
29.2,-104.0,0.0
29.6,-104.0,0.0
46.8,-86.8,2.0
46.4,-86.8,2.0
46.0,-86.8,2.0
45.6,-86.8,2.0
45.2,-86.8,1.967741935483871
44.4,-86.8,0.0
44.8,-86.8,0.16666666666666666
43.2,-86.8,0.0
43.6,-86.8,0.0
44.0,-86.8,0.0
42.4,-86.8,0.0
42.8,-86.8,0.0
41.2,-86.8,0.0
41.6,-86.8,0.0
42.0,-86.8,0.0
40.4,-86.8,0.0
40.8,-86.8,0.0
39.2,-86.8,0.0
39.6,-86.8,0.0
40.0,-86.8,0.0
38.4,-86.8,0.0
38.8,-86.8,0.0
38.0,-86.8,0.0
37.6,-86.8,0.0
37.2,-86.8,0.0
36.8,-86.8,0.0
36.4,-86.8,0.0
36.0,-86.8,0.0
35.6,-86.8,0.0
35.2,-86.8,0.0
34.8,-86.8,0.0
34.4,-86.8,0.0
33.2,-86.8,0.0
33.6,-86.8,0.0
34.0,-86.8,0.0
32.4,-86.8,0.35294117647058826
32.8,-86.8,0.0
31.6,-86.8,2.0
31.2,-86.8,2.0
32.0,-86.8,2.0
30.8,-86.8,2.0
30.4,-86.8,2.0
47.2,-69.6,0.0
30.0,-86.8,2.0
46.8,-69.6,0.0
46.4,-69.6,0.0
46.0,-69.6,0.0
45.6,-69.6,0.0
45.2,-69.6,0.7096774193548387
44.8,-69.6,2.0
44.4,-69.6,2.0
44.0,-69.6,2.0
43.2,-69.6,2.0
43.6,-69.6,2.0
42.4,-69.6,2.0
41.2,-69.6,2.0
41.6,-69.6,2.0
42.0,-69.6,2.0
40.8,-69.6,2.0
49.2,-120.0,0.0
48.8,-120.0,0.0
48.4,-120.0,0.0
48.0,-120.0,0.0
47.6,-120.0,0.0
47.2,-120.0,0.0
46.8,-120.0,0.0
46.4,-120.0,0.0
46.0,-120.0,0.0
45.6,-120.0,0.0
45.2,-120.0,0.0
44.8,-120.0,0.0
44.4,-120.0,0.0
43.2,-120.0,0.0
43.6,-120.0,0.0
44.0,-120.0,0.0
42.4,-120.0,0.0
42.8,-120.0,0.0
41.2,-120.0,0.0
41.6,-120.0,0.0
42.0,-120.0,0.0
40.4,-120.0,0.0
40.8,-120.0,0.0
39.2,-120.0,0.0
39.6,-120.0,0.0
40.0,-120.0,0.0
38.4,-120.0,0.0
38.8,-120.0,0.0
37.2,-120.0,0.0
37.6,-120.0,0.0
38.0,-120.0,0.0
36.4,-120.0,0.0
36.8,-120.0,0.0
36.0,-120.0,0.0
35.6,-120.0,0.0
35.2,-120.0,0.0
34.8,-120.0,0.0
34.4,-120.0,0.0
34.0,-120.0,0.0
48.8,-102.8,0.0
48.4,-102.8,0.0
48.0,-102.8,0.0
47.6,-102.8,0.06666666666666667
47.2,-102.8,1.6774193548387097
46.8,-102.8,2.0
46.4,-102.8,2.0
46.0,-102.8,2.0
45.6,-102.8,2.0
45.2,-102.8,2.0
44.4,-102.8,2.0
44.8,-102.8,2.0
43.2,-102.8,2.0
43.6,-102.8,2.0
44.0,-102.8,2.0
42.4,-102.8,2.0
42.8,-102.8,2.0
41.2,-102.8,2.0
41.6,-102.8,2.0
42.0,-102.8,2.0
40.4,-102.8,2.0
40.8,-102.8,2.0
39.2,-102.8,2.0
39.6,-102.8,2.0
40.0,-102.8,2.0
38.4,-102.8,2.0
38.8,-102.8,2.0
38.0,-102.8,2.0
37.6,-102.8,2.0
37.2,-102.8,2.0
36.8,-102.8,2.0
36.4,-102.8,2.0
36.0,-102.8,2.0
35.6,-102.8,2.0
35.2,-102.8,2.0
34.8,-102.8,2.0
34.4,-102.8,2.0
33.2,-102.8,2.0
33.6,-102.8,2.0
34.0,-102.8,2.0
32.4,-102.8,2.0
32.8,-102.8,2.0
31.6,-102.8,2.0
31.2,-102.8,1.2
32.0,-102.8,2.0
30.8,-102.8,0.0
30.4,-102.8,0.0
47.2,-85.6,0.6875
30.0,-102.8,0.0
29.2,-102.8,2.0
29.6,-102.8,0.48
46.8,-85.6,0.5517241379310345
46.4,-85.6,0.7076923076923077
46.0,-85.6,0.6557377049180327
45.6,-85.6,0.7457627118644068
45.2,-85.6,0.0
44.4,-85.6,0.0
44.8,-85.6,0.0
43.2,-85.6,0.0
43.6,-85.6,0.0
44.0,-85.6,0.0
42.4,-85.6,0.0
42.8,-85.6,0.0
41.2,-85.6,0.0
41.6,-85.6,0.0
42.0,-85.6,0.0
40.4,-85.6,0.0
40.8,-85.6,0.0
39.2,-85.6,0.0
39.6,-85.6,0.0
40.0,-85.6,0.0
38.4,-85.6,0.0
38.8,-85.6,0.0
38.0,-85.6,0.0
37.6,-85.6,0.0
37.2,-85.6,0.0
36.8,-85.6,0.0
36.4,-85.6,0.0
36.0,-85.6,0.0
35.6,-85.6,0.0
35.2,-85.6,0.0
34.8,-85.6,0.0
34.4,-85.6,0.0
33.2,-85.6,0.0
33.6,-85.6,0.0
34.0,-85.6,0.0
32.4,-85.6,1.935483870967742
32.8,-85.6,0.208955223880597
31.6,-85.6,2.0
31.2,-85.6,2.0
32.0,-85.6,2.0
30.8,-85.6,2.0
30.4,-85.6,2.0
47.2,-68.4,0.0
30.0,-85.6,2.0
29.2,-85.6,2.0
29.6,-85.6,2.0
46.8,-68.4,0.0
46.4,-68.4,0.0
46.0,-68.4,1.3548387096774193
45.6,-68.4,2.0
45.2,-68.4,2.0
44.8,-68.4,2.0
44.4,-68.4,2.0
44.0,-68.4,2.0
43.6,-68.4,2.0
49.2,-118.8,0.0
48.8,-118.8,0.0
48.4,-118.8,0.0
48.0,-118.8,0.0
47.6,-118.8,0.0
47.2,-118.8,0.0
46.8,-118.8,0.0
46.4,-118.8,0.0
46.0,-118.8,0.0
45.6,-118.8,0.0
45.2,-118.8,0.0
44.8,-118.8,0.0
44.4,-118.8,0.0
43.2,-118.8,0.0
43.6,-118.8,0.0
44.0,-118.8,0.0
42.4,-118.8,0.0
42.8,-118.8,0.0
41.2,-118.8,0.0
41.6,-118.8,0.0
42.0,-118.8,0.0
40.4,-118.8,0.0
40.8,-118.8,0.0
39.2,-118.8,0.0
39.6,-118.8,0.0
40.0,-118.8,0.0
38.4,-118.8,0.0
38.8,-118.8,0.0
37.2,-118.8,0.0
37.6,-118.8,0.0
38.0,-118.8,0.0
36.8,-118.8,0.0
36.4,-118.8,0.0
36.0,-118.8,0.0
35.6,-118.8,0.0
35.2,-118.8,0.0
34.8,-118.8,0.0
34.4,-118.8,0.0
34.0,-118.8,0.0
33.6,-118.8,0.0
33.2,-118.8,0.0
48.8,-101.6,0.0
48.4,-101.6,0.0
48.0,-101.6,0.0
47.6,-101.6,0.0
47.2,-101.6,0.0
46.8,-101.6,1.3529411764705883
46.4,-101.6,2.0
46.0,-101.6,2.0
45.6,-101.6,2.0
45.2,-101.6,2.0
44.4,-101.6,2.0
44.8,-101.6,2.0
43.2,-101.6,2.0
43.6,-101.6,2.0
44.0,-101.6,2.0
42.4,-101.6,2.0
42.8,-101.6,2.0
41.2,-101.6,2.0
41.6,-101.6,2.0
42.0,-101.6,2.0
40.4,-101.6,2.0
40.8,-101.6,2.0
39.2,-101.6,2.0
39.6,-101.6,2.0
40.0,-101.6,2.0
38.4,-101.6,2.0
38.8,-101.6,2.0
38.0,-101.6,2.0
37.6,-101.6,2.0
37.2,-101.6,2.0
36.8,-101.6,2.0
36.4,-101.6,2.0
36.0,-101.6,2.0
35.6,-101.6,2.0
35.2,-101.6,2.0
34.8,-101.6,2.0
34.4,-101.6,2.0
33.2,-101.6,2.0
33.6,-101.6,2.0
34.0,-101.6,2.0
32.4,-101.6,2.0
32.8,-101.6,2.0
31.6,-101.6,2.0
31.2,-101.6,2.0
32.0,-101.6,2.0
30.8,-101.6,1.462686567164179
30.4,-101.6,0.0
30.0,-101.6,0.0
29.6,-101.6,0.0
46.4,-84.4,0.0
46.0,-84.4,0.0
45.6,-84.4,0.0
45.2,-84.4,0.0
44.4,-84.4,0.0
44.8,-84.4,0.0
43.2,-84.4,0.0
43.6,-84.4,0.0
44.0,-84.4,0.0
42.4,-84.4,0.0
42.8,-84.4,0.0
41.2,-84.4,0.0
41.6,-84.4,0.0
42.0,-84.4,0.0
40.4,-84.4,0.0
40.8,-84.4,0.0
39.2,-84.4,0.0
39.6,-84.4,0.0
40.0,-84.4,0.0
38.4,-84.4,0.0
38.8,-84.4,0.0
38.0,-84.4,0.0
37.6,-84.4,0.0
37.2,-84.4,0.0
36.8,-84.4,0.0
36.4,-84.4,0.0
36.0,-84.4,0.0
35.6,-84.4,0.0
35.2,-84.4,0.0
34.8,-84.4,0.0
34.4,-84.4,0.0
33.2,-84.4,1.875
33.6,-84.4,0.3076923076923077
34.0,-84.4,0.0
32.4,-84.4,2.0
32.8,-84.4,2.0
31.2,-84.4,2.0
31.6,-84.4,2.0
32.0,-84.4,2.0
30.8,-84.4,2.0
30.4,-84.4,2.0
30.0,-84.4,2.0
29.6,-84.4,2.0
45.2,-67.2,2.0
44.8,-67.2,2.0
44.4,-67.2,2.0
44.0,-67.2,2.0
49.2,-117.6,2.0
48.8,-117.6,1.3666666666666667
48.4,-117.6,0.03225806451612903
48.0,-117.6,0.0
47.6,-117.6,0.0
47.2,-117.6,0.0
46.8,-117.6,0.0
46.4,-117.6,0.0
46.0,-117.6,0.0
45.6,-117.6,0.0
45.2,-117.6,0.0
44.8,-117.6,0.0
44.4,-117.6,0.0
43.2,-117.6,0.0
43.6,-117.6,0.0
44.0,-117.6,0.0
42.4,-117.6,0.0
42.8,-117.6,0.0
41.2,-117.6,0.0
41.6,-117.6,0.0
42.0,-117.6,0.0
40.4,-117.6,0.0
40.8,-117.6,0.0
39.2,-117.6,0.0
39.6,-117.6,0.0
40.0,-117.6,0.0
38.4,-117.6,0.0
38.8,-117.6,0.0
37.2,-117.6,0.0
37.6,-117.6,0.0
38.0,-117.6,0.0
36.8,-117.6,0.0
36.4,-117.6,0.0
36.0,-117.6,0.0
35.6,-117.6,0.0
35.2,-117.6,0.0
34.8,-117.6,0.0
34.4,-117.6,0.0
34.0,-117.6,0.0
33.6,-117.6,0.0
33.2,-117.6,0.0
32.4,-117.6,0.0
32.8,-117.6,0.0
48.8,-100.4,0.0
48.4,-100.4,0.0
48.0,-100.4,0.0
47.6,-100.4,0.0
47.2,-100.4,0.0
46.8,-100.4,0.0
46.4,-100.4,1.3015873015873016
46.0,-100.4,2.0
45.6,-100.4,2.0
45.2,-100.4,2.0
44.4,-100.4,2.0
44.8,-100.4,2.0
43.2,-100.4,2.0
43.6,-100.4,2.0
44.0,-100.4,2.0
42.4,-100.4,2.0
42.8,-100.4,2.0
41.2,-100.4,2.0
41.6,-100.4,2.0
42.0,-100.4,2.0
40.4,-100.4,2.0
40.8,-100.4,2.0
39.2,-100.4,2.0
39.6,-100.4,2.0
40.0,-100.4,2.0
38.4,-100.4,2.0
38.8,-100.4,2.0
38.0,-100.4,2.0
37.6,-100.4,2.0
37.2,-100.4,2.0
36.8,-100.4,2.0
36.4,-100.4,2.0
36.0,-100.4,2.0
35.6,-100.4,2.0
35.2,-100.4,2.0
34.8,-100.4,2.0
34.4,-100.4,2.0
33.2,-100.4,2.0
33.6,-100.4,2.0
34.0,-100.4,2.0
32.4,-100.4,2.0
32.8,-100.4,2.0
31.6,-100.4,2.0
31.2,-100.4,2.0
32.0,-100.4,2.0
30.8,-100.4,2.0
30.4,-100.4,2.0
30.0,-100.4,0.6461538461538462
29.2,-100.4,0.1111111111111111
29.6,-100.4,0.0
28.4,-100.4,2.0
28.8,-100.4,1.8928571428571428
45.6,-83.2,0.0
45.2,-83.2,0.0
44.4,-83.2,0.0
44.8,-83.2,0.0
43.2,-83.2,0.0
43.6,-83.2,0.0
44.0,-83.2,0.0
42.4,-83.2,0.0
42.8,-83.2,0.0
41.2,-83.2,0.0
41.6,-83.2,0.0
42.0,-83.2,0.0
40.4,-83.2,0.0
40.8,-83.2,0.0
39.2,-83.2,0.0
39.6,-83.2,0.0
40.0,-83.2,0.0
38.4,-83.2,0.0
38.8,-83.2,0.0
38.0,-83.2,0.0
37.6,-83.2,0.0
37.2,-83.2,0.0
36.8,-83.2,0.0
36.4,-83.2,0.0
36.0,-83.2,0.0
35.6,-83.2,0.0
35.2,-83.2,0.0
34.8,-83.2,0.0
34.4,-83.2,0.8484848484848485
33.2,-83.2,2.0
33.6,-83.2,2.0
34.0,-83.2,2.0
32.4,-83.2,2.0
32.8,-83.2,2.0
31.2,-83.2,2.0
31.6,-83.2,2.0
32.0,-83.2,2.0
30.8,-83.2,2.0
30.4,-83.2,2.0
30.0,-83.2,2.0
29.2,-83.2,2.0
29.6,-83.2,2.0
28.4,-83.2,2.0
28.8,-83.2,2.0
28.0,-83.2,2.0
27.6,-83.2,2.0
27.2,-83.2,2.0
49.2,-116.4,2.0
48.8,-116.4,2.0
48.4,-116.4,2.0
48.0,-116.4,1.873015873015873
47.6,-116.4,1.9672131147540983
47.2,-116.4,2.0
46.8,-116.4,2.0
46.4,-116.4,2.0
46.0,-116.4,2.0
45.6,-116.4,2.0
45.2,-116.4,2.0
44.8,-116.4,2.0
44.4,-116.4,1.3548387096774193
43.2,-116.4,0.0
43.6,-116.4,0.0
44.0,-116.4,0.0
42.4,-116.4,0.0
42.8,-116.4,0.0
41.2,-116.4,0.0
41.6,-116.4,0.0
42.0,-116.4,0.0
40.4,-116.4,0.0
40.8,-116.4,0.0
39.2,-116.4,0.0
39.6,-116.4,0.0
40.0,-116.4,0.0
38.4,-116.4,0.0
38.8,-116.4,0.0
37.2,-116.4,0.0
37.6,-116.4,0.0
38.0,-116.4,0.0
36.8,-116.4,0.0
36.4,-116.4,0.0
36.0,-116.4,0.0
35.6,-116.4,0.0
35.2,-116.4,0.0
34.8,-116.4,0.0
34.4,-116.4,0.0
34.0,-116.4,0.0
33.6,-116.4,0.0
33.2,-116.4,0.0
32.4,-116.4,0.0
32.8,-116.4,0.0
48.8,-99.2,0.0
48.4,-99.2,0.0
48.0,-99.2,0.0
47.6,-99.2,0.0
47.2,-99.2,0.0
46.8,-99.2,0.0
46.4,-99.2,0.0
46.0,-99.2,1.1147540983606556
45.6,-99.2,2.0
45.2,-99.2,2.0
44.4,-99.2,2.0
44.8,-99.2,2.0
43.2,-99.2,2.0
43.6,-99.2,2.0
44.0,-99.2,2.0
42.4,-99.2,2.0
42.8,-99.2,2.0
41.2,-99.2,2.0
41.6,-99.2,2.0
42.0,-99.2,2.0
40.4,-99.2,2.0
40.8,-99.2,2.0
39.2,-99.2,2.0
39.6,-99.2,2.0
40.0,-99.2,2.0
38.4,-99.2,0.31746031746031744
38.8,-99.2,1.2698412698412698
38.0,-99.2,0.0
37.6,-99.2,0.0
37.2,-99.2,0.0
36.8,-99.2,0.0
36.4,-99.2,0.0
36.0,-99.2,0.0
35.6,-99.2,0.0
35.2,-99.2,0.6666666666666666
34.8,-99.2,1.878787878787879
34.4,-99.2,2.0
33.2,-99.2,2.0
33.6,-99.2,2.0
34.0,-99.2,2.0
32.4,-99.2,2.0
32.8,-99.2,2.0
31.6,-99.2,2.0
31.2,-99.2,2.0
32.0,-99.2,2.0
30.8,-99.2,2.0
30.4,-99.2,2.0
30.0,-99.2,2.0
29.2,-99.2,0.0
29.6,-99.2,1.6
28.4,-99.2,2.0
28.8,-99.2,1.4098360655737705
28.0,-99.2,2.0
27.6,-99.2,2.0
27.2,-99.2,2.0
26.4,-99.2,2.0
26.8,-99.2,2.0
43.2,-82.0,0.0
43.6,-82.0,0.0
44.0,-82.0,0.0
41.2,-82.0,0.0
41.6,-82.0,0.0
42.0,-82.0,0.0
40.4,-82.0,0.0
40.8,-82.0,0.0
39.2,-82.0,0.0
39.6,-82.0,0.0
40.0,-82.0,0.0
38.4,-82.0,0.0
38.8,-82.0,0.0
37.6,-82.0,0.0
37.2,-82.0,0.0
38.0,-82.0,0.0
36.8,-82.0,0.0
36.4,-82.0,0.0
36.0,-82.0,0.0
35.6,-82.0,0.375
35.2,-82.0,1.873015873015873
34.8,-82.0,2.0
34.4,-82.0,2.0
34.0,-82.0,2.0
33.2,-82.0,2.0
33.6,-82.0,2.0
32.4,-82.0,2.0
32.8,-82.0,2.0
31.2,-82.0,2.0
31.6,-82.0,2.0
32.0,-82.0,2.0
30.8,-82.0,2.0
30.4,-82.0,2.0
30.0,-82.0,2.0
29.6,-82.0,2.0
29.2,-82.0,2.0
28.4,-82.0,2.0
28.8,-82.0,2.0
28.0,-82.0,2.0
27.6,-82.0,2.0
27.2,-82.0,2.0
26.4,-82.0,2.0
26.8,-82.0,2.0
26.0,-82.0,2.0
25.6,-82.0,2.0
24.8,-82.0,2.0
24.4,-82.0,2.0
49.2,-115.2,2.0
48.8,-115.2,2.0
48.4,-115.2,2.0
48.0,-115.2,2.0
47.6,-115.2,2.0
47.2,-115.2,2.0
46.8,-115.2,2.0
46.4,-115.2,2.0
46.0,-115.2,2.0
45.6,-115.2,2.0
45.2,-115.2,2.0
44.8,-115.2,2.0
44.4,-115.2,2.0
43.2,-115.2,0.0
43.6,-115.2,1.7741935483870968
44.0,-115.2,2.0
42.4,-115.2,0.0
42.8,-115.2,0.0
41.2,-115.2,0.0
41.6,-115.2,0.0
42.0,-115.2,0.0
40.4,-115.2,0.0
40.8,-115.2,0.0
39.2,-115.2,0.0
39.6,-115.2,0.0
40.0,-115.2,0.0
38.4,-115.2,0.0
38.8,-115.2,0.0
37.2,-115.2,0.0
37.6,-115.2,0.0
38.0,-115.2,0.0
36.8,-115.2,0.0
36.4,-115.2,0.0
36.0,-115.2,0.0
35.6,-115.2,0.0
35.2,-115.2,0.0
34.8,-115.2,0.0
34.4,-115.2,0.0
34.0,-115.2,0.0
33.6,-115.2,0.0
33.2,-115.2,0.0
32.8,-115.2,0.0
48.8,-98.0,0.0
48.4,-98.0,0.0
48.0,-98.0,0.0
47.6,-98.0,0.0
47.2,-98.0,0.0
46.8,-98.0,0.0
46.4,-98.0,0.0
46.0,-98.0,0.0
45.6,-98.0,0.0
45.2,-98.0,1.6140350877192982
44.4,-98.0,2.0
44.8,-98.0,2.0
43.2,-98.0,2.0
43.6,-98.0,2.0
44.0,-98.0,2.0
42.4,-98.0,2.0
42.8,-98.0,2.0
41.2,-98.0,2.0
41.6,-98.0,2.0
42.0,-98.0,2.0
40.4,-98.0,2.0
40.8,-98.0,2.0
39.2,-98.0,0.8888888888888888
39.6,-98.0,2.0
40.0,-98.0,2.0
38.4,-98.0,0.0
38.8,-98.0,0.0
38.0,-98.0,0.0
37.6,-98.0,0.0
37.2,-98.0,0.0
36.8,-98.0,0.0
36.4,-98.0,0.0
36.0,-98.0,0.0
35.6,-98.0,0.0
35.2,-98.0,0.0
34.8,-98.0,0.0
34.4,-98.0,0.0
33.2,-98.0,2.0
33.6,-98.0,2.0
34.0,-98.0,0.4482758620689655
32.4,-98.0,2.0
32.8,-98.0,2.0
31.6,-98.0,2.0
31.2,-98.0,2.0
32.0,-98.0,2.0
30.8,-98.0,2.0
30.4,-98.0,2.0
29.2,-98.0,2.0
29.6,-98.0,2.0
30.0,-98.0,2.0
28.8,-98.0,2.0
28.4,-98.0,2.0
28.0,-98.0,2.0
27.6,-98.0,2.0
27.2,-98.0,2.0
26.4,-98.0,2.0
26.8,-98.0,2.0
26.0,-98.0,2.0
42.4,-80.8,0.0
41.2,-80.8,0.0
41.6,-80.8,0.0
42.0,-80.8,0.0
40.4,-80.8,0.0
40.8,-80.8,0.0
39.2,-80.8,0.0
39.6,-80.8,0.0
40.0,-80.8,0.0
38.4,-80.8,0.0
38.8,-80.8,0.0
37.6,-80.8,0.0
37.2,-80.8,0.0
38.0,-80.8,0.0
36.8,-80.8,0.34375
36.4,-80.8,1.90625
36.0,-80.8,2.0
35.6,-80.8,2.0
35.2,-80.8,2.0
34.8,-80.8,2.0
34.4,-80.8,2.0
34.0,-80.8,2.0
33.2,-80.8,2.0
33.6,-80.8,2.0
32.4,-80.8,2.0
32.8,-80.8,2.0
31.2,-80.8,2.0
31.6,-80.8,2.0
32.0,-80.8,2.0
30.0,-80.8,2.0
29.6,-80.8,2.0
29.2,-80.8,2.0
28.4,-80.8,2.0
28.8,-80.8,2.0
28.0,-80.8,2.0
27.6,-80.8,2.0
27.2,-80.8,2.0
26.4,-80.8,2.0
26.8,-80.8,2.0
25.6,-80.8,2.0
25.2,-80.8,2.0
26.0,-80.8,2.0
24.8,-80.8,2.0
24.4,-80.8,2.0
49.2,-114.0,2.0
48.8,-114.0,2.0
48.4,-114.0,2.0
48.0,-114.0,2.0
47.6,-114.0,2.0
47.2,-114.0,2.0
46.8,-114.0,2.0
46.4,-114.0,2.0
46.0,-114.0,2.0
45.6,-114.0,2.0
45.2,-114.0,2.0
44.8,-114.0,2.0
44.4,-114.0,2.0
43.2,-114.0,0.1
43.6,-114.0,2.0
44.0,-114.0,2.0
42.4,-114.0,0.0
42.8,-114.0,0.0
41.2,-114.0,0.0
41.6,-114.0,0.0
42.0,-114.0,0.0
40.4,-114.0,0.0
40.8,-114.0,0.0
39.2,-114.0,0.0
39.6,-114.0,0.0
40.0,-114.0,0.0
38.4,-114.0,0.0
38.8,-114.0,0.0
37.2,-114.0,0.0
37.6,-114.0,0.0
38.0,-114.0,0.0
36.8,-114.0,0.0
36.4,-114.0,0.0
36.0,-114.0,0.0
35.6,-114.0,0.3125
35.2,-114.0,1.09375
34.8,-114.0,1.0625
34.4,-114.0,0.21212121212121213
34.0,-114.0,0.0
33.6,-114.0,0.0
33.2,-114.0,0.0
32.4,-114.0,0.0
32.8,-114.0,0.0
48.8,-96.8,0.0
48.4,-96.8,0.0
48.0,-96.8,0.0
47.6,-96.8,0.0
47.2,-96.8,0.0
46.8,-96.8,0.0
46.4,-96.8,0.0
46.0,-96.8,0.0
45.2,-96.8,0.0
45.6,-96.8,0.0
44.4,-96.8,0.0
44.8,-96.8,0.0
43.2,-96.8,1.75
43.6,-96.8,0.7301587301587301
44.0,-96.8,0.03076923076923077
42.4,-96.8,2.0
42.8,-96.8,2.0
41.2,-96.8,2.0
41.6,-96.8,2.0
42.0,-96.8,2.0
40.4,-96.8,2.0
40.8,-96.8,2.0
39.2,-96.8,0.0
39.6,-96.8,0.71875
40.0,-96.8,2.0
38.4,-96.8,0.0
38.8,-96.8,0.0
38.0,-96.8,0.0
37.6,-96.8,0.0
37.2,-96.8,0.0
36.8,-96.8,0.0
36.4,-96.8,0.0
36.0,-96.8,0.0
35.6,-96.8,0.0
35.2,-96.8,0.0
34.8,-96.8,0.0
34.4,-96.8,0.0
33.2,-96.8,2.0
33.6,-96.8,0.3384615384615385
34.0,-96.8,0.0
32.4,-96.8,2.0
32.8,-96.8,2.0
31.6,-96.8,2.0
31.2,-96.8,2.0
32.0,-96.8,2.0
30.8,-96.8,2.0
30.4,-96.8,2.0
29.2,-96.8,2.0
29.6,-96.8,2.0
30.0,-96.8,2.0
28.4,-96.8,2.0
28.8,-96.8,2.0
28.0,-96.8,2.0
27.6,-96.8,2.0
27.2,-96.8,2.0
26.4,-96.8,2.0
26.8,-96.8,2.0
26.0,-96.8,2.0
42.4,-79.6,0.0
42.8,-79.6,0.0
41.2,-79.6,0.0
41.6,-79.6,0.0
42.0,-79.6,0.0
40.4,-79.6,0.0
40.8,-79.6,0.0
39.2,-79.6,0.0
39.6,-79.6,0.0
40.0,-79.6,0.0
38.4,-79.6,0.0
38.8,-79.6,0.0
37.6,-79.6,1.8412698412698412
37.2,-79.6,2.0
38.0,-79.6,0.3125
36.8,-79.6,2.0
36.4,-79.6,2.0
36.0,-79.6,2.0
35.6,-79.6,2.0
35.2,-79.6,2.0
34.8,-79.6,2.0
34.4,-79.6,2.0
34.0,-79.6,2.0
33.2,-79.6,2.0
33.6,-79.6,2.0
32.4,-79.6,2.0
32.8,-79.6,2.0
27.2,-79.6,2.0
26.8,-79.6,2.0
26.4,-79.6,2.0
49.2,-112.8,2.0
48.8,-112.8,2.0
48.4,-112.8,2.0
48.0,-112.8,2.0
47.6,-112.8,2.0
47.2,-112.8,2.0
46.8,-112.8,2.0
46.4,-112.8,2.0
46.0,-112.8,2.0
45.6,-112.8,2.0
45.2,-112.8,2.0
44.8,-112.8,2.0
44.4,-112.8,2.0
43.2,-112.8,0.4838709677419355
43.6,-112.8,2.0
44.0,-112.8,2.0
42.4,-112.8,0.0
42.8,-112.8,0.0
41.2,-112.8,0.0
41.6,-112.8,0.0
42.0,-112.8,0.0
40.4,-112.8,0.0
40.8,-112.8,0.0
39.2,-112.8,0.0
39.6,-112.8,0.0
40.0,-112.8,0.0
38.4,-112.8,0.06349206349206349
38.8,-112.8,0.0
37.2,-112.8,2.0
37.6,-112.8,1.9047619047619047
38.0,-112.8,0.96875
36.8,-112.8,2.0
36.4,-112.8,2.0
36.0,-112.8,2.0
35.6,-112.8,2.0
35.2,-112.8,2.0
34.8,-112.8,2.0
34.4,-112.8,2.0
34.0,-112.8,2.0
33.6,-112.8,2.0
33.2,-112.8,2.0
32.4,-112.8,2.0
32.8,-112.8,2.0
32.0,-112.8,2.0
48.8,-95.6,0.0
48.4,-95.6,0.0
48.0,-95.6,0.0
47.6,-95.6,0.0
47.2,-95.6,0.0
46.8,-95.6,0.0
46.4,-95.6,0.0
46.0,-95.6,0.0
45.2,-95.6,0.0
45.6,-95.6,0.0
44.4,-95.6,0.0
44.8,-95.6,0.0
43.2,-95.6,0.0
43.6,-95.6,0.0
44.0,-95.6,0.0
42.4,-95.6,0.0
42.8,-95.6,0.0
41.2,-95.6,0.0
41.6,-95.6,0.0
42.0,-95.6,0.0
40.4,-95.6,0.0
40.8,-95.6,0.0
39.2,-95.6,0.0
39.6,-95.6,0.0
40.0,-95.6,0.0
38.4,-95.6,0.0
38.8,-95.6,0.0
38.0,-95.6,0.0
37.6,-95.6,0.0
37.2,-95.6,0.0
36.8,-95.6,0.0
36.4,-95.6,0.0
36.0,-95.6,0.0
35.6,-95.6,0.0
35.2,-95.6,0.0
34.8,-95.6,0.0
34.4,-95.6,0.0
33.2,-95.6,0.06349206349206349
33.6,-95.6,0.0
34.0,-95.6,0.0
32.4,-95.6,2.0
32.8,-95.6,1.873015873015873
31.6,-95.6,2.0
31.2,-95.6,2.0
32.0,-95.6,2.0
30.8,-95.6,2.0
30.4,-95.6,2.0
29.2,-95.6,2.0
29.6,-95.6,2.0
30.0,-95.6,2.0
28.8,-95.6,2.0
28.4,-95.6,2.0
43.2,-78.4,0.0
43.6,-78.4,0.0
42.4,-78.4,0.0
42.8,-78.4,0.0
41.2,-78.4,0.0
41.6,-78.4,0.0
42.0,-78.4,0.0
40.4,-78.4,0.0
40.8,-78.4,0.0
39.2,-78.4,0.12698412698412698
39.6,-78.4,0.0
40.0,-78.4,0.0
38.4,-78.4,2.0
38.8,-78.4,1.619047619047619
37.6,-78.4,2.0
37.2,-78.4,2.0
38.0,-78.4,2.0
36.8,-78.4,2.0
36.4,-78.4,2.0
36.0,-78.4,2.0
35.6,-78.4,2.0
35.2,-78.4,2.0
34.8,-78.4,2.0
34.4,-78.4,2.0
34.0,-78.4,2.0
33.6,-78.4,2.0
48.8,-111.6,2.0
48.4,-111.6,2.0
48.0,-111.6,2.0
47.6,-111.6,2.0
47.2,-111.6,2.0
46.8,-111.6,2.0
46.4,-111.6,2.0
46.0,-111.6,2.0
45.6,-111.6,2.0
45.2,-111.6,2.0
44.4,-111.6,2.0
44.8,-111.6,2.0
43.2,-111.6,2.0
43.6,-111.6,2.0
44.0,-111.6,2.0
42.4,-111.6,2.0
42.8,-111.6,2.0
41.2,-111.6,1.6507936507936507
41.6,-111.6,1.8095238095238095
42.0,-111.6,1.9047619047619047
40.4,-111.6,1.4285714285714286
40.8,-111.6,1.492063492063492
39.2,-111.6,2.0
39.6,-111.6,2.0
40.0,-111.6,1.5625
38.4,-111.6,2.0
38.8,-111.6,2.0
37.6,-111.6,2.0
37.2,-111.6,2.0
38.0,-111.6,2.0
36.8,-111.6,2.0
36.4,-111.6,2.0
36.0,-111.6,2.0
35.6,-111.6,2.0
35.2,-111.6,2.0
34.8,-111.6,2.0
34.4,-111.6,2.0
34.0,-111.6,2.0
33.2,-111.6,2.0
33.6,-111.6,2.0
32.4,-111.6,2.0
32.8,-111.6,2.0
31.6,-111.6,2.0
32.0,-111.6,2.0
48.8,-94.4,0.0
48.4,-94.4,0.0
48.0,-94.4,0.0
47.6,-94.4,0.0
47.2,-94.4,0.0
46.8,-94.4,0.0
46.4,-94.4,0.0
46.0,-94.4,0.0
45.2,-94.4,0.0
45.6,-94.4,0.0
44.4,-94.4,0.0
44.8,-94.4,0.0
43.2,-94.4,0.0
43.6,-94.4,0.0
44.0,-94.4,0.0
42.4,-94.4,0.0
42.8,-94.4,0.0
41.2,-94.4,0.0
41.6,-94.4,0.0
42.0,-94.4,0.0
40.4,-94.4,0.0
40.8,-94.4,0.0
39.2,-94.4,0.0
39.6,-94.4,0.0
40.0,-94.4,0.0
38.4,-94.4,0.0
38.8,-94.4,0.0
38.0,-94.4,0.0
37.6,-94.4,0.0
37.2,-94.4,0.0
36.8,-94.4,0.0
36.4,-94.4,0.0
36.0,-94.4,0.0
35.6,-94.4,0.0
35.2,-94.4,0.0
34.8,-94.4,0.0
34.4,-94.4,0.0
33.2,-94.4,0.0
33.6,-94.4,0.0
34.0,-94.4,0.0
32.4,-94.4,0.9642857142857143
32.8,-94.4,0.0
31.6,-94.4,2.0
31.2,-94.4,2.0
32.0,-94.4,2.0
30.8,-94.4,2.0
30.4,-94.4,2.0
29.2,-94.4,2.0
29.6,-94.4,2.0
30.0,-94.4,2.0
43.2,-77.2,0.0
43.6,-77.2,0.0
42.4,-77.2,0.0
42.8,-77.2,0.0
41.2,-77.2,0.0
41.6,-77.2,0.0
42.0,-77.2,0.0
40.4,-77.2,0.0
40.8,-77.2,0.0
39.2,-77.2,2.0
39.6,-77.2,2.0
40.0,-77.2,1.2063492063492063
38.4,-77.2,2.0
38.8,-77.2,2.0
37.2,-77.2,2.0
37.6,-77.2,2.0
38.0,-77.2,2.0
36.8,-77.2,2.0
36.4,-77.2,2.0
36.0,-77.2,2.0
35.6,-77.2,2.0
35.2,-77.2,2.0
34.8,-77.2,2.0
34.4,-77.2,2.0
34.0,-77.2,2.0
49.2,-110.4,2.0
48.8,-110.4,2.0
48.4,-110.4,2.0
48.0,-110.4,2.0
47.6,-110.4,2.0
47.2,-110.4,2.0
46.8,-110.4,2.0
46.4,-110.4,2.0
46.0,-110.4,2.0
45.6,-110.4,2.0
45.2,-110.4,2.0
44.4,-110.4,2.0
44.8,-110.4,2.0
43.2,-110.4,2.0
43.6,-110.4,2.0
44.0,-110.4,2.0
42.4,-110.4,2.0
42.8,-110.4,2.0
41.2,-110.4,2.0
41.6,-110.4,2.0
42.0,-110.4,2.0
40.4,-110.4,2.0
40.8,-110.4,2.0
39.2,-110.4,2.0
39.6,-110.4,2.0
40.0,-110.4,2.0
38.4,-110.4,2.0
38.8,-110.4,2.0
37.6,-110.4,2.0
37.2,-110.4,2.0
38.0,-110.4,2.0
36.8,-110.4,2.0
36.4,-110.4,2.0
36.0,-110.4,2.0
35.6,-110.4,2.0
35.2,-110.4,2.0
34.8,-110.4,2.0
34.4,-110.4,2.0
34.0,-110.4,2.0
33.2,-110.4,2.0
33.6,-110.4,2.0
32.4,-110.4,2.0
32.8,-110.4,2.0
31.2,-110.4,2.0
31.6,-110.4,2.0
32.0,-110.4,2.0
48.8,-93.2,2.0
48.4,-93.2,2.0
48.0,-93.2,2.0
47.6,-93.2,2.0
47.2,-93.2,1.9428571428571428
46.8,-93.2,1.0793650793650793
46.4,-93.2,0.15384615384615385
46.0,-93.2,0.0
45.2,-93.2,0.0
45.6,-93.2,0.0
44.4,-93.2,0.0
44.8,-93.2,0.0
43.2,-93.2,0.0
43.6,-93.2,0.0
44.0,-93.2,0.0
42.4,-93.2,0.0
42.8,-93.2,0.0
41.2,-93.2,0.0
41.6,-93.2,0.0
42.0,-93.2,0.0
40.4,-93.2,0.0
40.8,-93.2,0.0
39.2,-93.2,0.0
39.6,-93.2,0.0
40.0,-93.2,0.0
38.4,-93.2,0.0
38.8,-93.2,0.0
38.0,-93.2,0.0
37.6,-93.2,0.0
37.2,-93.2,0.0
36.8,-93.2,0.0
36.4,-93.2,0.0
36.0,-93.2,0.0
35.6,-93.2,0.0
35.2,-93.2,0.0
34.8,-93.2,0.0
34.4,-93.2,0.0
33.2,-93.2,0.0
33.6,-93.2,0.0
34.0,-93.2,0.0
32.4,-93.2,0.0
32.8,-93.2,0.0
31.6,-93.2,1.8
31.2,-93.2,2.0
32.0,-93.2,0.0
30.8,-93.2,2.0
30.4,-93.2,2.0
29.2,-93.2,2.0
29.6,-93.2,2.0
30.0,-93.2,2.0
44.4,-76.0,0.0
43.2,-76.0,0.0
43.6,-76.0,0.0
44.0,-76.0,0.0
42.4,-76.0,0.0
42.8,-76.0,0.0
41.2,-76.0,0.5396825396825397
41.6,-76.0,0.0
42.0,-76.0,0.0
40.4,-76.0,2.0
40.8,-76.0,1.935483870967742
39.2,-76.0,2.0
39.6,-76.0,2.0
40.0,-76.0,2.0
38.4,-76.0,2.0
38.8,-76.0,2.0
37.2,-76.0,2.0
37.6,-76.0,2.0
38.0,-76.0,2.0
36.8,-76.0,2.0
36.4,-76.0,2.0
36.0,-76.0,2.0
35.6,-76.0,2.0
35.2,-76.0,2.0
34.8,-76.0,2.0
34.4,-76.0,2.0
49.2,-109.2,2.0
48.8,-109.2,2.0
48.4,-109.2,2.0
48.0,-109.2,2.0
47.6,-109.2,2.0
47.2,-109.2,2.0
46.8,-109.2,2.0
46.4,-109.2,2.0
46.0,-109.2,2.0
45.6,-109.2,2.0
45.2,-109.2,2.0
44.4,-109.2,2.0
44.8,-109.2,2.0
43.2,-109.2,2.0
43.6,-109.2,2.0
44.0,-109.2,2.0
42.4,-109.2,2.0
42.8,-109.2,2.0
41.2,-109.2,2.0
41.6,-109.2,2.0
42.0,-109.2,2.0
40.4,-109.2,2.0
40.8,-109.2,2.0
39.2,-109.2,2.0
39.6,-109.2,2.0
40.0,-109.2,2.0
38.4,-109.2,2.0
38.8,-109.2,2.0
37.6,-109.2,2.0
37.2,-109.2,2.0
38.0,-109.2,2.0
36.8,-109.2,2.0
36.4,-109.2,2.0
36.0,-109.2,2.0
35.6,-109.2,2.0
35.2,-109.2,2.0
34.8,-109.2,2.0
34.4,-109.2,2.0
34.0,-109.2,2.0
33.2,-109.2,2.0
33.6,-109.2,2.0
32.4,-109.2,2.0
32.8,-109.2,2.0
31.2,-109.2,2.0
31.6,-109.2,2.0
32.0,-109.2,2.0
48.4,-92.0,2.0
48.0,-92.0,2.0
47.6,-92.0,2.0
47.2,-92.0,2.0
46.8,-92.0,2.0
46.4,-92.0,2.0
46.0,-92.0,2.0
45.6,-92.0,2.0
45.2,-92.0,0.5263157894736842
44.4,-92.0,0.0
44.8,-92.0,0.0
43.2,-92.0,0.0
43.6,-92.0,0.0
44.0,-92.0,0.0
42.4,-92.0,0.0
42.8,-92.0,0.0
41.2,-92.0,0.0
41.6,-92.0,0.0
42.0,-92.0,0.0
40.4,-92.0,0.0
40.8,-92.0,0.0
39.2,-92.0,0.0
39.6,-92.0,0.0
40.0,-92.0,0.0
38.4,-92.0,0.0
38.8,-92.0,0.0
38.0,-92.0,0.0
37.6,-92.0,0.0
37.2,-92.0,0.0
36.8,-92.0,0.0
36.4,-92.0,0.0
36.0,-92.0,0.0
35.6,-92.0,0.0
35.2,-92.0,0.0
34.8,-92.0,0.0
34.4,-92.0,0.0
33.2,-92.0,0.0
33.6,-92.0,0.0
34.0,-92.0,0.0
32.4,-92.0,0.0
32.8,-92.0,0.0
31.6,-92.0,1.7777777777777777
31.2,-92.0,2.0
32.0,-92.0,0.0
30.8,-92.0,2.0
30.4,-92.0,2.0
29.2,-92.0,2.0
29.6,-92.0,2.0
30.0,-92.0,2.0
45.2,-74.8,0.0
44.8,-74.8,0.0
44.4,-74.8,0.0
43.2,-74.8,0.0
43.6,-74.8,0.0
44.0,-74.8,0.0
42.4,-74.8,0.03225806451612903
42.8,-74.8,0.0
41.2,-74.8,2.0
41.6,-74.8,2.0
42.0,-74.8,1.5483870967741935
40.4,-74.8,2.0
40.8,-74.8,2.0
39.2,-74.8,2.0
39.6,-74.8,2.0
40.0,-74.8,2.0
38.4,-74.8,2.0
38.8,-74.8,2.0
38.0,-74.8,2.0
