Lat,Lng, PoP12_201406070000
48.333333333333336,-91.0,22.477272727272727
47.66666666666667,-91.0,23.385964912280702
47.0,-91.0,26.017341040462426
46.333333333333336,-91.0,32.13636363636363
45.66666666666667,-91.0,31.226993865030675
45.0,-91.0,27.9375
44.333333333333336,-91.0,27.656976744186046
43.66666666666667,-91.0,24.6878612716763
43.0,-91.0,20.254335260115607
42.333333333333336,-91.0,11.908045977011493
41.66666666666667,-91.0,10.022346368715084
41.0,-91.0,9.125748502994012
40.333333333333336,-91.0,7.738636363636363
39.66666666666667,-91.0,9.614942528735632
38.333333333333336,-91.0,11.077348066298342
39.0,-91.0,11.04
37.66666666666667,-91.0,13.924418604651162
36.333333333333336,-91.0,53.9
37.0,-91.0,32.361111111111114
35.66666666666667,-91.0,61.91111111111111
49.0,-118.33333333333334,0.0
35.0,-91.0,63.55913978494624
34.333333333333336,-91.0,60.747191011235955
48.333333333333336,-118.33333333333334,0.0
47.66666666666667,-118.33333333333334,0.0
33.66666666666667,-91.0,50.93142857142857
47.0,-118.33333333333334,0.3468208092485549
33.0,-91.0,40.435483870967744
32.333333333333336,-91.0,25.115384615384617
46.333333333333336,-118.33333333333334,4.147058823529412
45.66666666666667,-118.33333333333334,0.0
31.666666666666664,-91.0,18.11111111111111
45.0,-118.33333333333334,0.0
30.333333333333332,-91.0,11.523076923076923
31.0,-91.0,13.293103448275861
44.333333333333336,-118.33333333333334,0.0
43.66666666666667,-118.33333333333334,0.0
29.666666666666664,-91.0,9.2707182320442
43.0,-118.33333333333334,0.0
29.0,-91.0,6.638297872340425
28.333333333333332,-91.0,6.140449438202247
42.333333333333336,-118.33333333333334,0.0
41.66666666666667,-118.33333333333334,2.045977011494253
41.0,-118.33333333333334,2.834285714285714
40.333333333333336,-118.33333333333334,4.142857142857143
39.66666666666667,-118.33333333333334,5.194285714285714
39.0,-118.33333333333334,6.672316384180791
37.66666666666667,-118.33333333333334,10.430167597765363
38.333333333333336,-118.33333333333334,7.491525423728813
37.0,-118.33333333333334,12.909604519774012
35.66666666666667,-118.33333333333334,1.0666666666666667
36.333333333333336,-118.33333333333334,7.661111111111111
35.0,-118.33333333333334,0.4222222222222222
33.66666666666667,-118.33333333333334,0.0
34.333333333333336,-118.33333333333334,0.0
33.0,-118.33333333333334,0.0
32.333333333333336,-118.33333333333334,0.0
47.0,-67.66666666666667,100.0
46.333333333333336,-67.66666666666667,100.0
45.66666666666667,-67.66666666666667,99.8252427184466
45.0,-67.66666666666667,89.69090909090909
44.333333333333336,-67.66666666666667,57.94375
43.66666666666667,-67.66666666666667,41.3
49.66666666666667,-95.0,2.0
49.0,-95.0,2.259259259259259
48.333333333333336,-95.0,5.176136363636363
47.66666666666667,-95.0,8.954545454545455
47.0,-95.0,8.903409090909092
46.333333333333336,-95.0,27.488636363636363
45.66666666666667,-95.0,47.53939393939394
45.0,-95.0,45.54545454545455
44.333333333333336,-95.0,37.18181818181818
43.66666666666667,-95.0,24.426136363636363
43.0,-95.0,16.345454545454544
42.333333333333336,-95.0,13.732954545454545
41.66666666666667,-95.0,12.351515151515152
41.0,-95.0,14.73939393939394
40.333333333333336,-95.0,12.4
39.66666666666667,-95.0,13.387878787878789
38.333333333333336,-95.0,25.43030303030303
39.0,-95.0,18.575757575757574
37.66666666666667,-95.0,28.89090909090909
36.333333333333336,-95.0,82.97206703910615
37.0,-95.0,54.56363636363636
35.66666666666667,-95.0,99.28717948717949
49.0,-122.33333333333334,0.011111111111111112
35.0,-95.0,100.0
34.333333333333336,-95.0,80.3076923076923
48.333333333333336,-122.33333333333334,0.0
47.66666666666667,-122.33333333333334,0.0
33.66666666666667,-95.0,40.65934065934066
47.0,-122.33333333333334,0.0
33.0,-95.0,16.102564102564102
32.333333333333336,-95.0,9.384615384615385
46.333333333333336,-122.33333333333334,0.0
45.66666666666667,-122.33333333333334,0.0
31.666666666666664,-95.0,2.051282051282051
45.0,-122.33333333333334,0.0
30.333333333333332,-95.0,9.95897435897436
31.0,-95.0,8.956043956043956
44.333333333333336,-122.33333333333334,0.0
43.66666666666667,-122.33333333333334,0.0
29.666666666666664,-95.0,9.256410256410257
43.0,-122.33333333333334,0.0
29.0,-95.0,5.027472527472527
28.333333333333332,-95.0,5.0
42.333333333333336,-122.33333333333334,0.0
41.66666666666667,-122.33333333333334,0.0
27.666666666666664,-95.0,5.0
41.0,-122.33333333333334,0.5314285714285715
40.333333333333336,-122.33333333333334,0.7329545454545454
39.66666666666667,-122.33333333333334,2.337142857142857
39.0,-122.33333333333334,0.9080459770114943
37.66666666666667,-122.33333333333334,3.3714285714285714
38.333333333333336,-122.33333333333334,0.0056179775280898875
37.0,-122.33333333333334,3.4078212290502794
35.66666666666667,-122.33333333333334,0.0
36.333333333333336,-122.33333333333334,0.39106145251396646
35.0,-122.33333333333334,0.0
45.0,-71.66666666666667,46.7037037037037
44.333333333333336,-71.66666666666667,33.24418604651163
43.66666666666667,-71.66666666666667,19.352601156069365
43.0,-71.66666666666667,14.60919540229885
42.333333333333336,-71.66666666666667,6.545977011494253
41.66666666666667,-71.66666666666667,4.511494252873563
41.0,-71.66666666666667,1.4473684210526316
40.333333333333336,-71.66666666666667,0.0
49.0,-99.0,2.0
48.333333333333336,-99.0,3.0813953488372094
47.66666666666667,-99.0,33.146198830409354
47.0,-99.0,88.55491329479769
46.333333333333336,-99.0,66.79545454545455
45.66666666666667,-99.0,53.558282208588956
45.0,-99.0,55.625
44.333333333333336,-99.0,57.473684210526315
43.66666666666667,-99.0,67.83236994219654
43.0,-99.0,59.96551724137931
42.333333333333336,-99.0,43.08620689655172
41.66666666666667,-99.0,31.268156424581004
41.0,-99.0,23.511904761904763
40.333333333333336,-99.0,18.068181818181817
39.66666666666667,-99.0,17.18857142857143
38.333333333333336,-99.0,52.86187845303867
39.0,-99.0,37.89142857142857
37.66666666666667,-99.0,76.33720930232558
36.333333333333336,-99.0,43.46111111111111
37.0,-99.0,73.07777777777778
35.66666666666667,-99.0,34.25555555555555
35.0,-99.0,27.365591397849464
34.333333333333336,-99.0,21.89325842696629
48.333333333333336,-126.33333333333334,3.75
47.66666666666667,-126.33333333333334,3.9183673469387754
33.66666666666667,-99.0,15.98857142857143
33.0,-99.0,5.365591397849462
32.333333333333336,-99.0,4.675824175824176
31.666666666666664,-99.0,2.7142857142857144
30.333333333333332,-99.0,4.507692307692308
31.0,-99.0,2.4310344827586206
29.666666666666664,-99.0,5.0
43.0,-126.33333333333334,0.0
29.0,-99.0,5.0
28.333333333333332,-99.0,5.0
42.333333333333336,-126.33333333333334,0.0
27.666666666666664,-99.0,5.0
26.333333333333332,-99.0,12.71830985915493
27.0,-99.0,11.2
45.0,-75.66666666666667,14.1
44.333333333333336,-75.66666666666667,12.208053691275168
43.66666666666667,-75.66666666666667,10.251461988304094
43.0,-75.66666666666667,3.6264367816091956
42.333333333333336,-75.66666666666667,2.0114942528735633
41.66666666666667,-75.66666666666667,1.260115606936416
41.0,-75.66666666666667,0.15819209039548024
40.333333333333336,-75.66666666666667,0.0
39.66666666666667,-75.66666666666667,0.0
39.0,-75.66666666666667,0.0
38.333333333333336,-75.66666666666667,0.0
37.0,-75.66666666666667,0.0
37.66666666666667,-75.66666666666667,0.0
36.333333333333336,-75.66666666666667,0.6026490066225165
35.0,-75.66666666666667,7.371212121212121
35.66666666666667,-75.66666666666667,1.0837988826815643
49.0,-103.0,13.131868131868131
48.333333333333336,-103.0,11.414201183431953
47.66666666666667,-103.0,10.284023668639053
47.0,-103.0,42.97093023255814
46.333333333333336,-103.0,65.05747126436782
45.66666666666667,-103.0,59.710059171597635
45.0,-103.0,42.127167630057805
44.333333333333336,-103.0,40.38728323699422
43.66666666666667,-103.0,41.57471264367816
43.0,-103.0,40.40236686390533
42.333333333333336,-103.0,48.839080459770116
41.66666666666667,-103.0,58.36931818181818
41.0,-103.0,62.48554913294798
40.333333333333336,-103.0,62.85142857142857
39.66666666666667,-103.0,65.31073446327683
38.333333333333336,-103.0,48.09090909090909
39.0,-103.0,58.666666666666664
37.66666666666667,-103.0,45.31638418079096
36.333333333333336,-103.0,48.31111111111111
37.0,-103.0,48.247191011235955
35.66666666666667,-103.0,38.49171270718232
35.0,-103.0,29.744444444444444
34.333333333333336,-103.0,23.859550561797754
33.66666666666667,-103.0,18.34078212290503
33.0,-103.0,16.618279569892472
32.333333333333336,-103.0,14.895604395604396
31.666666666666664,-103.0,13.076086956521738
30.333333333333332,-103.0,15.136612021857923
31.0,-103.0,13.372340425531915
29.666666666666664,-103.0,10.028901734104046
29.0,-103.0,4.90566037735849
45.0,-79.66666666666667,2.0
44.333333333333336,-79.66666666666667,2.0
43.66666666666667,-79.66666666666667,0.0
43.0,-79.66666666666667,0.0
42.333333333333336,-79.66666666666667,0.0
41.66666666666667,-79.66666666666667,0.0
41.0,-79.66666666666667,0.0
40.333333333333336,-79.66666666666667,0.0
39.0,-79.66666666666667,0.11428571428571428
39.66666666666667,-79.66666666666667,0.0
38.333333333333336,-79.66666666666667,3.0454545454545454
37.0,-79.66666666666667,4.51685393258427
37.66666666666667,-79.66666666666667,5.564971751412429
36.333333333333336,-79.66666666666667,5.938888888888889
35.0,-79.66666666666667,17.83888888888889
35.66666666666667,-79.66666666666667,7.949720670391062
49.0,-107.0,16.0
48.333333333333336,-107.0,16.24561403508772
34.333333333333336,-79.66666666666667,21.97222222222222
47.66666666666667,-107.0,23.25581395348837
33.66666666666667,-79.66666666666667,35.252747252747255
33.0,-79.66666666666667,47.87978142076503
47.0,-107.0,50.311764705882354
46.333333333333336,-107.0,59.383720930232556
32.333333333333336,-79.66666666666667,55.10344827586207
45.66666666666667,-107.0,46.228070175438596
31.666666666666664,-79.66666666666667,44.8
45.0,-107.0,55.26162790697674
44.333333333333336,-107.0,43.4593023255814
43.66666666666667,-107.0,30.436781609195403
29.0,-79.66666666666667,12.0
29.666666666666664,-79.66666666666667,12.0
43.0,-107.0,20.319767441860463
42.333333333333336,-107.0,13.982558139534884
28.333333333333332,-79.66666666666667,12.0
41.66666666666667,-107.0,6.193181818181818
27.666666666666664,-79.66666666666667,12.098360655737705
27.0,-79.66666666666667,10.036458333333334
41.0,-107.0,7.5491329479768785
40.333333333333336,-107.0,12.936781609195402
26.333333333333332,-79.66666666666667,7.852631578947369
39.66666666666667,-107.0,26.80225988700565
25.666666666666664,-79.66666666666667,14.378238341968911
25.0,-79.66666666666667,17.879781420765028
38.333333333333336,-107.0,15.926966292134832
39.0,-107.0,30.222857142857144
24.333333333333332,-79.66666666666667,19.686567164179106
37.66666666666667,-107.0,14.320224719101123
36.333333333333336,-107.0,7.0
37.0,-107.0,5.089887640449438
35.66666666666667,-107.0,5.685082872928176
34.333333333333336,-107.0,3.342541436464088
35.0,-107.0,3.761111111111111
33.66666666666667,-107.0,2.6464088397790055
33.0,-107.0,1.0273224043715847
32.333333333333336,-107.0,0.3532608695652174
31.666666666666664,-107.0,0.031746031746031744
46.333333333333336,-83.66666666666667,1.5810810810810811
45.66666666666667,-83.66666666666667,3.181286549707602
45.0,-83.66666666666667,4.593023255813954
44.333333333333336,-83.66666666666667,4.540697674418604
43.66666666666667,-83.66666666666667,4.494186046511628
43.0,-83.66666666666667,2.1724137931034484
42.333333333333336,-83.66666666666667,2.0
41.66666666666667,-83.66666666666667,0.8275862068965517
41.0,-83.66666666666667,0.0
40.333333333333336,-83.66666666666667,0.0
39.0,-83.66666666666667,0.0
39.66666666666667,-83.66666666666667,0.0
38.333333333333336,-83.66666666666667,1.7443181818181819
37.0,-83.66666666666667,9.661016949152541
37.66666666666667,-83.66666666666667,4.726256983240224
36.333333333333336,-83.66666666666667,15.748603351955307
35.0,-83.66666666666667,36.35195530726257
35.66666666666667,-83.66666666666667,24.54189944134078
49.0,-111.0,10.055555555555555
48.333333333333336,-111.0,6.347058823529411
34.333333333333336,-83.66666666666667,40.5
47.66666666666667,-111.0,8.858823529411765
33.66666666666667,-83.66666666666667,49.13333333333333
33.0,-83.66666666666667,50.0
47.0,-111.0,28.24418604651163
46.333333333333336,-111.0,32.58720930232558
32.333333333333336,-83.66666666666667,50.0
45.66666666666667,-111.0,33.37426900584796
31.0,-83.66666666666667,32.91935483870968
31.666666666666664,-83.66666666666667,47.5945945945946
45.0,-111.0,33.627906976744185
44.333333333333336,-111.0,23.485549132947977
30.333333333333332,-83.66666666666667,22.005405405405405
43.66666666666667,-111.0,10.767441860465116
29.0,-83.66666666666667,10.85945945945946
29.666666666666664,-83.66666666666667,12.497297297297298
43.0,-111.0,9.508670520231213
42.333333333333336,-111.0,9.023121387283236
28.333333333333332,-83.66666666666667,11.114503816793894
41.66666666666667,-111.0,13.577142857142857
27.0,-83.66666666666667,11.0
27.666666666666664,-83.66666666666667,11.0
41.0,-111.0,18.097142857142856
40.333333333333336,-111.0,20.64367816091954
39.66666666666667,-111.0,13.371428571428572
38.333333333333336,-111.0,11.707865168539326
39.0,-111.0,11.676136363636363
37.66666666666667,-111.0,12.303370786516854
36.333333333333336,-111.0,0.0
37.0,-111.0,3.904494382022472
35.66666666666667,-111.0,0.0
34.333333333333336,-111.0,0.0
35.0,-111.0,0.0
33.66666666666667,-111.0,0.0
33.0,-111.0,0.0
32.333333333333336,-111.0,0.0
31.666666666666664,-111.0,0.0
31.0,-111.0,0.0
49.0,-87.66666666666667,6.708333333333333
48.333333333333336,-87.66666666666667,6.633720930232558
47.66666666666667,-87.66666666666667,9.279069767441861
47.0,-87.66666666666667,15.83529411764706
46.333333333333336,-87.66666666666667,41.779761904761905
45.66666666666667,-87.66666666666667,38.630057803468205
45.0,-87.66666666666667,27.809248554913296
44.333333333333336,-87.66666666666667,17.21764705882353
43.66666666666667,-87.66666666666667,8.64367816091954
43.0,-87.66666666666667,5.436781609195402
42.333333333333336,-87.66666666666667,3.2982456140350878
41.66666666666667,-87.66666666666667,1.6741573033707866
41.0,-87.66666666666667,0.35795454545454547
40.333333333333336,-87.66666666666667,2.839080459770115
39.0,-87.66666666666667,4.142045454545454
39.66666666666667,-87.66666666666667,3.9655172413793105
38.333333333333336,-87.66666666666667,5.266666666666667
37.0,-87.66666666666667,11.564971751412429
37.66666666666667,-87.66666666666667,8.6045197740113
36.333333333333336,-87.66666666666667,37.92134831460674
35.0,-87.66666666666667,68.92090395480226
35.66666666666667,-87.66666666666667,72.91620111731844
49.0,-115.0,7.471264367816092
48.333333333333336,-115.0,1.0
34.333333333333336,-87.66666666666667,67.7182320441989
47.66666666666667,-115.0,0.0
33.66666666666667,-87.66666666666667,64.18279569892474
33.0,-87.66666666666667,53.38121546961326
47.0,-115.0,0.01775147928994083
46.333333333333336,-115.0,0.01744186046511628
32.333333333333336,-87.66666666666667,45.331491712707184
45.66666666666667,-115.0,0.023121387283236993
31.0,-87.66666666666667,23.203296703296704
31.666666666666664,-87.66666666666667,34.3494623655914
45.0,-115.0,3.9473684210526314
44.333333333333336,-115.0,6.151162790697675
30.333333333333332,-87.66666666666667,12.345945945945946
43.66666666666667,-115.0,3.3294797687861273
29.0,-87.66666666666667,9.535714285714286
29.666666666666664,-87.66666666666667,10.0
43.0,-115.0,0.09714285714285714
42.333333333333336,-115.0,1.377906976744186
41.66666666666667,-115.0,6.683908045977011
41.0,-115.0,8.144508670520231
40.333333333333336,-115.0,10.329545454545455
39.66666666666667,-115.0,11.841807909604519
38.333333333333336,-115.0,6.6158192090395485
39.0,-115.0,10.931818181818182
37.66666666666667,-115.0,3.3220338983050848
36.333333333333336,-115.0,0.5393258426966292
37.0,-115.0,0.9606741573033708
35.66666666666667,-115.0,0.0
34.333333333333336,-115.0,0.0
35.0,-115.0,0.0
33.66666666666667,-115.0,0.0
33.0,-115.0,0.0
32.333333333333336,-115.0,0.0
48.333333333333336,-91.66666666666667,21.261904761904763
47.66666666666667,-91.66666666666667,25.51552795031056
47.0,-91.66666666666667,26.457142857142856
46.333333333333336,-91.66666666666667,29.732558139534884
45.66666666666667,-91.66666666666667,30.28409090909091
45.0,-91.66666666666667,28.266666666666666
44.333333333333336,-91.66666666666667,26.288888888888888
43.66666666666667,-91.66666666666667,23.03030303030303
43.0,-91.66666666666667,19.308988764044944
42.333333333333336,-91.66666666666667,12.732954545454545
41.66666666666667,-91.66666666666667,11.187878787878788
41.0,-91.66666666666667,10.268156424581006
40.333333333333336,-91.66666666666667,9.005586592178771
39.0,-91.66666666666667,11.0
39.66666666666667,-91.66666666666667,11.291428571428572
38.333333333333336,-91.66666666666667,12.401162790697674
37.0,-91.66666666666667,52.88202247191011
37.66666666666667,-91.66666666666667,29.377777777777776
36.333333333333336,-91.66666666666667,68.98295454545455
35.0,-91.66666666666667,66.74444444444444
35.66666666666667,-91.66666666666667,72.40571428571428
49.0,-119.0,0.0
48.333333333333336,-119.0,0.0
34.333333333333336,-91.66666666666667,56.264550264550266
47.66666666666667,-119.0,0.0
33.66666666666667,-91.66666666666667,46.34444444444444
33.0,-91.66666666666667,37.43333333333333
47.0,-119.0,0.5294117647058824
46.333333333333336,-119.0,2.5146198830409356
32.333333333333336,-91.66666666666667,22.54054054054054
45.66666666666667,-119.0,0.0
31.0,-91.66666666666667,9.74736842105263
31.666666666666664,-91.66666666666667,18.122222222222224
45.0,-119.0,0.0
44.333333333333336,-119.0,0.0
30.333333333333332,-91.66666666666667,8.333333333333334
43.66666666666667,-119.0,0.0
29.0,-91.66666666666667,6.55614973262032
29.666666666666664,-91.66666666666667,8.0
43.0,-119.0,0.0
42.333333333333336,-119.0,0.0
28.333333333333332,-91.66666666666667,6.0
41.66666666666667,-119.0,3.16
41.0,-119.0,3.3563218390804597
40.333333333333336,-119.0,4.08
39.66666666666667,-119.0,4.136363636363637
39.0,-119.0,6.264367816091954
38.333333333333336,-119.0,14.4375
37.66666666666667,-119.0,17.730337078651687
36.333333333333336,-119.0,0.3407821229050279
37.0,-119.0,6.2727272727272725
35.66666666666667,-119.0,0.07777777777777778
34.333333333333336,-119.0,0.0
35.0,-119.0,0.17318435754189945
33.66666666666667,-119.0,0.0
33.0,-119.0,0.0
47.66666666666667,-68.33333333333334,100.0
47.0,-68.33333333333334,98.45121951219512
46.333333333333336,-68.33333333333334,95.67455621301775
45.66666666666667,-68.33333333333334,88.49122807017544
45.0,-68.33333333333334,74.26315789473684
44.333333333333336,-68.33333333333334,52.02298850574713
43.66666666666667,-68.33333333333334,40.32727272727273
49.0,-95.66666666666667,2.875
48.333333333333336,-95.66666666666667,11.765432098765432
47.66666666666667,-95.66666666666667,15.596590909090908
47.0,-95.66666666666667,11.113636363636363
46.333333333333336,-95.66666666666667,14.630681818181818
45.66666666666667,-95.66666666666667,43.06060606060606
45.0,-95.66666666666667,47.82386363636363
44.333333333333336,-95.66666666666667,42.03030303030303
43.66666666666667,-95.66666666666667,29.204545454545453
43.0,-95.66666666666667,18.563636363636363
42.333333333333336,-95.66666666666667,13.781420765027322
41.66666666666667,-95.66666666666667,13.35
41.0,-95.66666666666667,17.022222222222222
40.333333333333336,-95.66666666666667,21.055555555555557
39.0,-95.66666666666667,21.377777777777776
39.66666666666667,-95.66666666666667,15.11111111111111
38.333333333333336,-95.66666666666667,31.47222222222222
37.0,-95.66666666666667,58.56666666666667
37.66666666666667,-95.66666666666667,32.81111111111111
36.333333333333336,-95.66666666666667,89.48066298342542
35.0,-95.66666666666667,100.0
35.66666666666667,-95.66666666666667,99.75555555555556
49.0,-123.0,0.0
48.333333333333336,-123.0,0.0
34.333333333333336,-95.66666666666667,97.91111111111111
47.66666666666667,-123.0,0.0
33.66666666666667,-95.66666666666667,32.273809523809526
33.0,-95.66666666666667,12.944444444444445
47.0,-123.0,0.0
46.333333333333336,-123.0,0.0
32.333333333333336,-95.66666666666667,6.527777777777778
45.66666666666667,-123.0,0.0
31.0,-95.66666666666667,9.31547619047619
31.666666666666664,-95.66666666666667,5.805555555555555
45.0,-123.0,0.0
44.333333333333336,-123.0,0.0
30.333333333333332,-95.66666666666667,10.0
43.66666666666667,-123.0,0.0
29.666666666666664,-95.66666666666667,10.0
29.0,-95.66666666666667,6.758241758241758
43.0,-123.0,0.0
42.333333333333336,-123.0,0.0
28.333333333333332,-95.66666666666667,5.0
41.66666666666667,-123.0,0.0
27.666666666666664,-95.66666666666667,5.0
41.0,-123.0,0.011428571428571429
40.333333333333336,-123.0,1.5568181818181819
39.66666666666667,-123.0,3.3238636363636362
39.0,-123.0,0.7584269662921348
38.333333333333336,-123.0,3.75
37.66666666666667,-123.0,1.229050279329609
36.333333333333336,-123.0,0.0
37.0,-123.0,0.0
35.66666666666667,-123.0,0.0
45.0,-72.33333333333334,51.266666666666666
44.333333333333336,-72.33333333333334,44.86046511627907
43.66666666666667,-72.33333333333334,24.538011695906434
43.0,-72.33333333333334,11.94186046511628
42.333333333333336,-72.33333333333334,5.104046242774566
41.66666666666667,-72.33333333333334,5.091428571428572
41.0,-72.33333333333334,0.15819209039548024
40.333333333333336,-72.33333333333334,0.0
49.0,-99.66666666666667,4.333333333333333
48.333333333333336,-99.66666666666667,5.114457831325301
47.66666666666667,-99.66666666666667,31.079545454545453
47.0,-99.66666666666667,91.75449101796407
46.333333333333336,-99.66666666666667,77.49112426035504
45.66666666666667,-99.66666666666667,60.76300578034682
45.0,-99.66666666666667,53.4393063583815
44.333333333333336,-99.66666666666667,56.134502923976605
43.66666666666667,-99.66666666666667,57.40571428571429
43.0,-99.66666666666667,61.20809248554913
42.333333333333336,-99.66666666666667,54.377906976744185
41.66666666666667,-99.66666666666667,44.36206896551724
41.0,-99.66666666666667,35.91160220994475
40.333333333333336,-99.66666666666667,25.467455621301774
39.0,-99.66666666666667,55.104651162790695
39.66666666666667,-99.66666666666667,33.73033707865169
38.333333333333336,-99.66666666666667,67.48333333333333
37.0,-99.66666666666667,63.16111111111111
37.66666666666667,-99.66666666666667,71.8465909090909
36.333333333333336,-99.66666666666667,36.17777777777778
35.0,-99.66666666666667,23.52247191011236
35.66666666666667,-99.66666666666667,28.752808988764045
34.333333333333336,-99.66666666666667,18.96590909090909
33.66666666666667,-99.66666666666667,13.042328042328043
33.0,-99.66666666666667,5.894444444444445
32.333333333333336,-99.66666666666667,4.47027027027027
31.0,-99.66666666666667,2.0
31.666666666666664,-99.66666666666667,2.4269662921348316
30.333333333333332,-99.66666666666667,3.3636363636363638
29.0,-99.66666666666667,5.0
29.666666666666664,-99.66666666666667,5.0
28.333333333333332,-99.66666666666667,5.0
27.0,-99.66666666666667,10.391304347826088
27.666666666666664,-99.66666666666667,5.0
44.333333333333336,-76.33333333333334,4.529411764705882
43.66666666666667,-76.33333333333334,2.959537572254335
43.0,-76.33333333333334,2.622093023255814
42.333333333333336,-76.33333333333334,2.0
41.66666666666667,-76.33333333333334,1.6761363636363635
41.0,-76.33333333333334,0.3657142857142857
40.333333333333336,-76.33333333333334,0.0
39.66666666666667,-76.33333333333334,0.0
39.0,-76.33333333333334,0.0
37.66666666666667,-76.33333333333334,0.0
38.333333333333336,-76.33333333333334,0.0
37.0,-76.33333333333334,0.0
35.66666666666667,-76.33333333333334,3.2191011235955056
36.333333333333336,-76.33333333333334,0.24858757062146894
49.0,-103.66666666666667,10.804597701149426
35.0,-76.33333333333334,12.453038674033149
48.333333333333336,-103.66666666666667,10.8698224852071
34.333333333333336,-76.33333333333334,16.773333333333333
47.66666666666667,-103.66666666666667,17.935672514619885
47.0,-103.66666666666667,45.194117647058825
46.333333333333336,-103.66666666666667,58.48235294117647
45.66666666666667,-103.66666666666667,53.55747126436781
45.0,-103.66666666666667,40.99411764705882
44.333333333333336,-103.66666666666667,43.542857142857144
43.66666666666667,-103.66666666666667,39.252941176470586
43.0,-103.66666666666667,34.18857142857143
42.333333333333336,-103.66666666666667,37.10227272727273
41.66666666666667,-103.66666666666667,51.70175438596491
41.0,-103.66666666666667,61.17142857142857
40.333333333333336,-103.66666666666667,62.0
39.0,-103.66666666666667,58.056497175141246
39.66666666666667,-103.66666666666667,59.18181818181818
38.333333333333336,-103.66666666666667,46.15340909090909
37.0,-103.66666666666667,50.87150837988827
37.66666666666667,-103.66666666666667,44.79661016949152
36.333333333333336,-103.66666666666667,53.44134078212291
35.0,-103.66666666666667,36.91160220994475
35.66666666666667,-103.66666666666667,50.55
34.333333333333336,-103.66666666666667,25.204419889502763
33.66666666666667,-103.66666666666667,19.122222222222224
33.0,-103.66666666666667,18.320441988950275
32.333333333333336,-103.66666666666667,18.19672131147541
31.0,-103.66666666666667,19.891304347826086
31.666666666666664,-103.66666666666667,18.346153846153847
30.333333333333332,-103.66666666666667,19.978494623655912
29.0,-103.66666666666667,4.962264150943396
29.666666666666664,-103.66666666666667,10.708108108108108
46.333333333333336,-80.33333333333334,2.0
45.66666666666667,-80.33333333333334,2.0
45.0,-80.33333333333334,2.0
44.333333333333336,-80.33333333333334,2.0285714285714285
43.0,-80.33333333333334,0.0
42.333333333333336,-80.33333333333334,0.0
41.66666666666667,-80.33333333333334,0.0
41.0,-80.33333333333334,0.0
40.333333333333336,-80.33333333333334,0.0
39.66666666666667,-80.33333333333334,0.0
39.0,-80.33333333333334,0.0
37.66666666666667,-80.33333333333334,5.853107344632768
38.333333333333336,-80.33333333333334,0.4318181818181818
37.0,-80.33333333333334,10.15
35.66666666666667,-80.33333333333334,10.35754189944134
36.333333333333336,-80.33333333333334,9.9375
49.0,-107.66666666666667,16.325842696629213
35.0,-80.33333333333334,17.132596685082873
48.333333333333336,-107.66666666666667,20.34319526627219
34.333333333333336,-80.33333333333334,21.582417582417584
33.66666666666667,-80.33333333333334,25.83240223463687
47.66666666666667,-107.66666666666667,25.385964912280702
47.0,-107.66666666666667,49.747058823529414
33.0,-80.33333333333334,49.52972972972973
46.333333333333336,-107.66666666666667,58.953216374269005
32.333333333333336,-80.33333333333334,62.4390243902439
31.666666666666664,-80.33333333333334,49.888888888888886
45.66666666666667,-107.66666666666667,47.08670520231214
45.0,-107.66666666666667,52.42690058479532
31.0,-80.33333333333334,24.990384615384617
44.333333333333336,-107.66666666666667,23.436046511627907
29.666666666666664,-80.33333333333334,11.43125
30.333333333333332,-80.33333333333334,11.951807228915662
43.66666666666667,-107.66666666666667,17.091954022988507
43.0,-107.66666666666667,13.540697674418604
29.0,-80.33333333333334,12.612903225806452
42.333333333333336,-107.66666666666667,14.892045454545455
28.333333333333332,-80.33333333333334,13.354497354497354
27.666666666666664,-80.33333333333334,14.03191489361702
41.66666666666667,-107.66666666666667,6.3468208092485545
41.0,-107.66666666666667,3.742857142857143
27.0,-80.33333333333334,18.67539267015707
40.333333333333336,-107.66666666666667,6.142045454545454
25.666666666666664,-80.33333333333334,14.93717277486911
26.333333333333332,-80.33333333333334,22.125
39.0,-107.66666666666667,15.269662921348315
39.66666666666667,-107.66666666666667,15.474285714285715
25.0,-80.33333333333334,19.155440414507773
38.333333333333336,-107.66666666666667,7.872832369942197
23.666666666666664,-80.33333333333334,20.0
24.333333333333332,-80.33333333333334,20.0
37.0,-107.66666666666667,3.848314606741573
37.66666666666667,-107.66666666666667,8.40782122905028
36.333333333333336,-107.66666666666667,5.915254237288136
35.0,-107.66666666666667,5.183333333333334
35.66666666666667,-107.66666666666667,5.527777777777778
34.333333333333336,-107.66666666666667,2.6277777777777778
33.66666666666667,-107.66666666666667,1.8888888888888888
33.0,-107.66666666666667,0.9459459459459459
32.333333333333336,-107.66666666666667,0.0
31.666666666666664,-107.66666666666667,0.0
47.0,-84.33333333333334,3.7222222222222223
46.333333333333336,-84.33333333333334,1.0962962962962963
45.66666666666667,-84.33333333333334,1.5380116959064327
45.0,-84.33333333333334,5.0
44.333333333333336,-84.33333333333334,5.069767441860465
43.66666666666667,-84.33333333333334,6.2601156069364166
43.0,-84.33333333333334,3.554913294797688
42.333333333333336,-84.33333333333334,1.302857142857143
41.66666666666667,-84.33333333333334,0.48554913294797686
41.0,-84.33333333333334,0.0
40.333333333333336,-84.33333333333334,0.0
39.66666666666667,-84.33333333333334,0.0
39.0,-84.33333333333334,0.0
37.66666666666667,-84.33333333333334,6.2824858757062145
38.333333333333336,-84.33333333333334,3.853932584269663
37.0,-84.33333333333334,10.747191011235955
35.66666666666667,-84.33333333333334,24.64245810055866
36.333333333333336,-84.33333333333334,18.3876404494382
49.0,-111.66666666666667,10.413793103448276
35.0,-84.33333333333334,40.089385474860336
48.333333333333336,-111.66666666666667,6.556213017751479
34.333333333333336,-84.33333333333334,47.11666666666667
33.66666666666667,-84.33333333333334,49.15300546448088
47.66666666666667,-111.66666666666667,6.075581395348837
47.0,-111.66666666666667,18.732558139534884
33.0,-84.33333333333334,50.0
46.333333333333336,-111.66666666666667,26.169590643274855
32.333333333333336,-84.33333333333334,50.0
31.666666666666664,-84.33333333333334,48.87431693989071
45.66666666666667,-111.66666666666667,26.830409356725145
45.0,-111.66666666666667,24.86627906976744
31.0,-84.33333333333334,30.579234972677597
44.333333333333336,-111.66666666666667,18.377906976744185
29.666666666666664,-84.33333333333334,11.26063829787234
30.333333333333332,-84.33333333333334,18.545945945945945
43.66666666666667,-111.66666666666667,10.819767441860465
43.0,-111.66666666666667,9.729885057471265
29.0,-84.33333333333334,10.025974025974026
42.333333333333336,-111.66666666666667,7.488505747126437
41.66666666666667,-111.66666666666667,16.333333333333332
41.0,-111.66666666666667,14.251428571428571
40.333333333333336,-111.66666666666667,13.834285714285715
39.0,-111.66666666666667,14.642045454545455
39.66666666666667,-111.66666666666667,13.180790960451978
38.333333333333336,-111.66666666666667,21.505681818181817
37.0,-111.66666666666667,4.51123595505618
37.66666666666667,-111.66666666666667,19.519774011299436
36.333333333333336,-111.66666666666667,0.0
35.0,-111.66666666666667,0.0
35.66666666666667,-111.66666666666667,0.0
34.333333333333336,-111.66666666666667,0.0
33.66666666666667,-111.66666666666667,0.0
33.0,-111.66666666666667,0.0
32.333333333333336,-111.66666666666667,0.0
31.666666666666664,-111.66666666666667,0.0
49.0,-88.33333333333334,16.40625
48.333333333333336,-88.33333333333334,7.205128205128205
47.66666666666667,-88.33333333333334,9.188235294117646
47.0,-88.33333333333334,14.947368421052632
46.333333333333336,-88.33333333333334,31.479768786127167
45.66666666666667,-88.33333333333334,43.058479532163744
45.0,-88.33333333333334,35.87134502923977
44.333333333333336,-88.33333333333334,25.005714285714287
43.66666666666667,-88.33333333333334,18.088757396449704
43.0,-88.33333333333334,11.32
42.333333333333336,-88.33333333333334,4.696629213483146
41.66666666666667,-88.33333333333334,2.7142857142857144
41.0,-88.33333333333334,1.9825581395348837
39.66666666666667,-88.33333333333334,6.203389830508475
40.333333333333336,-88.33333333333334,4.683333333333334
39.0,-88.33333333333334,6.586206896551724
37.66666666666667,-88.33333333333334,9.15
38.333333333333336,-88.33333333333334,5.9602272727272725
37.0,-88.33333333333334,12.751412429378531
35.66666666666667,-88.33333333333334,54.591160220994475
36.333333333333336,-88.33333333333334,41.46892655367232
49.0,-115.66666666666667,0.8681318681318682
35.0,-88.33333333333334,59.4585635359116
48.333333333333336,-115.66666666666667,0.08928571428571429
34.333333333333336,-88.33333333333334,63.95628415300546
33.66666666666667,-88.33333333333334,58.84530386740332
47.66666666666667,-115.66666666666667,0.0
47.0,-115.66666666666667,0.0
33.0,-88.33333333333334,50.69101123595506
46.333333333333336,-115.66666666666667,0.0
32.333333333333336,-88.33333333333334,44.44086021505376
31.666666666666664,-88.33333333333334,32.30810810810811
45.66666666666667,-115.66666666666667,0.0
45.0,-115.66666666666667,3.0350877192982457
31.0,-88.33333333333334,22.07734806629834
44.333333333333336,-115.66666666666667,2.606936416184971
29.666666666666664,-88.33333333333334,8.502702702702702
30.333333333333332,-88.33333333333334,11.793650793650794
43.66666666666667,-115.66666666666667,0.4186046511627907
43.0,-115.66666666666667,0.0
29.0,-88.33333333333334,7.951351351351351
42.333333333333336,-115.66666666666667,1.138728323699422
28.333333333333332,-88.33333333333334,8.051020408163266
41.66666666666667,-115.66666666666667,3.9367816091954024
41.0,-115.66666666666667,4.130681818181818
40.333333333333336,-115.66666666666667,7.348571428571429
39.66666666666667,-115.66666666666667,9.586206896551724
39.0,-115.66666666666667,9.898876404494382
38.333333333333336,-115.66666666666667,7.107344632768362
37.0,-115.66666666666667,0.7752808988764045
37.66666666666667,-115.66666666666667,4.96045197740113
36.333333333333336,-115.66666666666667,0.29775280898876405
35.0,-115.66666666666667,0.0
35.66666666666667,-115.66666666666667,0.0
34.333333333333336,-115.66666666666667,0.0
33.66666666666667,-115.66666666666667,0.0
33.0,-115.66666666666667,0.0
32.333333333333336,-115.66666666666667,0.0
48.333333333333336,-92.33333333333334,20.53125
47.66666666666667,-92.33333333333334,27.75
47.0,-92.33333333333334,30.85207100591716
46.333333333333336,-92.33333333333334,30.484848484848484
45.66666666666667,-92.33333333333334,31.397727272727273
45.0,-92.33333333333334,28.059171597633135
44.333333333333336,-92.33333333333334,23.646067415730336
43.66666666666667,-92.33333333333334,22.7125748502994
43.0,-92.33333333333334,17.32758620689655
42.333333333333336,-92.33333333333334,13.19767441860465
41.66666666666667,-92.33333333333334,12.067415730337078
41.0,-92.33333333333334,11.697142857142858
39.66666666666667,-92.33333333333334,10.96111111111111
40.333333333333336,-92.33333333333334,10.260115606936417
39.0,-92.33333333333334,10.977142857142857
37.66666666666667,-92.33333333333334,30.455555555555556
38.333333333333336,-92.33333333333334,14.508670520231213
37.0,-92.33333333333334,51.86666666666667
35.66666666666667,-92.33333333333334,73.10055865921788
36.333333333333336,-92.33333333333334,72.61111111111111
49.0,-119.66666666666667,0.0
35.0,-92.33333333333334,70.70348837209302
48.333333333333336,-119.66666666666667,0.0
34.333333333333336,-92.33333333333334,61.71584699453552
33.66666666666667,-92.33333333333334,42.903743315508024
47.66666666666667,-119.66666666666667,0.0
47.0,-119.66666666666667,0.05847953216374269
33.0,-92.33333333333334,35.30555555555556
46.333333333333336,-119.66666666666667,0.3488372093023256
32.333333333333336,-92.33333333333334,15.340909090909092
31.666666666666664,-92.33333333333334,1.59375
45.66666666666667,-119.66666666666667,0.0
45.0,-119.66666666666667,0.0
31.0,-92.33333333333334,6.645161290322581
44.333333333333336,-119.66666666666667,0.0
29.666666666666664,-92.33333333333334,8.0
30.333333333333332,-92.33333333333334,8.0
43.66666666666667,-119.66666666666667,0.0
43.0,-119.66666666666667,0.0
29.0,-92.33333333333334,6.246153846153846
42.333333333333336,-119.66666666666667,0.0
28.333333333333332,-92.33333333333334,6.0
41.66666666666667,-119.66666666666667,5.505747126436781
41.0,-119.66666666666667,5.325714285714286
40.333333333333336,-119.66666666666667,4.238636363636363
39.66666666666667,-119.66666666666667,7.471590909090909
39.0,-119.66666666666667,13.389830508474576
38.333333333333336,-119.66666666666667,17.56179775280899
37.0,-119.66666666666667,0.9888268156424581
37.66666666666667,-119.66666666666667,10.340909090909092
36.333333333333336,-119.66666666666667,0.0
35.0,-119.66666666666667,0.022099447513812154
35.66666666666667,-119.66666666666667,0.0056179775280898875
34.333333333333336,-119.66666666666667,0.0
33.0,-119.66666666666667,0.0
33.66666666666667,-119.66666666666667,0.0
47.66666666666667,-69.0,91.75
47.0,-69.0,84.80645161290323
46.333333333333336,-69.0,81.43352601156069
45.66666666666667,-69.0,75.78362573099415
45.0,-69.0,59.32748538011696
44.333333333333336,-69.0,41.70348837209303
43.66666666666667,-69.0,33.52173913043478
49.0,-96.33333333333334,2.6704545454545454
48.333333333333336,-96.33333333333334,14.459770114942529
47.66666666666667,-96.33333333333334,28.2875
47.0,-96.33333333333334,17.005988023952096
46.333333333333336,-96.33333333333334,16.028901734104046
45.66666666666667,-96.33333333333334,43.57142857142857
45.0,-96.33333333333334,47.73863636363637
44.333333333333336,-96.33333333333334,44.53333333333333
43.66666666666667,-96.33333333333334,33.21111111111111
43.0,-96.33333333333334,23.483333333333334
42.333333333333336,-96.33333333333334,15.331460674157304
41.66666666666667,-96.33333333333334,13.563953488372093
41.0,-96.33333333333334,17.684848484848484
39.66666666666667,-96.33333333333334,18.292134831460675
40.333333333333336,-96.33333333333334,25.593939393939394
39.0,-96.33333333333334,26.655555555555555
37.66666666666667,-96.33333333333334,32.00555555555555
38.333333333333336,-96.33333333333334,32.144444444444446
37.0,-96.33333333333334,62.36666666666667
35.66666666666667,-96.33333333333334,99.90555555555555
36.333333333333336,-96.33333333333334,98.32222222222222
35.0,-96.33333333333334,91.67222222222222
48.333333333333336,-123.66666666666667,0.0
34.333333333333336,-96.33333333333334,97.17222222222222
33.66666666666667,-96.33333333333334,34.398809523809526
47.66666666666667,-123.66666666666667,0.0
47.0,-123.66666666666667,0.0755813953488372
33.0,-96.33333333333334,11.722222222222221
46.333333333333336,-123.66666666666667,0.0
32.333333333333336,-96.33333333333334,5.923076923076923
31.666666666666664,-96.33333333333334,5.0
45.66666666666667,-123.66666666666667,0.0
45.0,-123.66666666666667,0.0
31.0,-96.33333333333334,6.622340425531915
44.333333333333336,-123.66666666666667,0.0
29.666666666666664,-96.33333333333334,9.883720930232558
30.333333333333332,-96.33333333333334,9.947643979057592
43.66666666666667,-123.66666666666667,0.0
43.0,-123.66666666666667,0.0
29.0,-96.33333333333334,8.26923076923077
42.333333333333336,-123.66666666666667,0.0
27.666666666666664,-96.33333333333334,5.0
28.333333333333332,-96.33333333333334,5.897435897435898
41.66666666666667,-123.66666666666667,0.0
41.0,-123.66666666666667,0.0
27.0,-96.33333333333334,8.226666666666667
40.333333333333336,-123.66666666666667,0.0
26.333333333333332,-96.33333333333334,11.73076923076923
25.666666666666664,-96.33333333333334,14.0
39.66666666666667,-123.66666666666667,0.0
39.0,-123.66666666666667,0.2840909090909091
38.333333333333336,-123.66666666666667,0.2808988764044944
37.0,-123.66666666666667,0.0
37.66666666666667,-123.66666666666667,0.0
36.333333333333336,-123.66666666666667,0.0
45.0,-73.0,56.0
44.333333333333336,-73.0,55.040462427745666
43.66666666666667,-73.0,30.78735632183908
43.0,-73.0,16.626436781609197
42.333333333333336,-73.0,8.514450867052023
41.66666666666667,-73.0,5.425287356321839
41.0,-73.0,0.05202312138728324
40.333333333333336,-73.0,0.0
49.0,-100.33333333333334,2.5
48.333333333333336,-100.33333333333334,4.011494252873563
47.66666666666667,-100.33333333333334,22.850299401197606
47.0,-100.33333333333334,85.12352941176471
46.333333333333336,-100.33333333333334,82.875
45.66666666666667,-100.33333333333334,62.12865497076023
45.0,-100.33333333333334,50.752941176470586
44.333333333333336,-100.33333333333334,54.80681818181818
43.66666666666667,-100.33333333333334,55.35672514619883
43.0,-100.33333333333334,60.228070175438596
42.333333333333336,-100.33333333333334,61.056179775280896
41.66666666666667,-100.33333333333334,54.19298245614035
41.0,-100.33333333333334,49.63157894736842
39.66666666666667,-100.33333333333334,49.52601156069364
40.333333333333336,-100.33333333333334,48.447513812154696
39.0,-100.33333333333334,46.6243093922652
37.66666666666667,-100.33333333333334,69.45714285714286
38.333333333333336,-100.33333333333334,67.98857142857143
37.0,-100.33333333333334,62.625698324022345
35.66666666666667,-100.33333333333334,34.039106145251395
36.333333333333336,-100.33333333333334,42.1875
35.0,-100.33333333333334,21.224043715846996
34.333333333333336,-100.33333333333334,13.032608695652174
33.66666666666667,-100.33333333333334,11.932584269662922
33.0,-100.33333333333334,8.78688524590164
32.333333333333336,-100.33333333333334,4.9944444444444445
31.666666666666664,-100.33333333333334,2.8743455497382198
31.0,-100.33333333333334,2.016949152542373
29.666666666666664,-100.33333333333334,5.0
30.333333333333332,-100.33333333333334,3.2222222222222223
29.0,-100.33333333333334,5.0
28.333333333333332,-100.33333333333334,5.0
44.333333333333336,-77.0,0.0
43.66666666666667,-77.0,0.0
43.0,-77.0,1.8742857142857143
42.333333333333336,-77.0,1.9942857142857142
41.66666666666667,-77.0,0.4046242774566474
41.0,-77.0,0.0
40.333333333333336,-77.0,0.0
39.66666666666667,-77.0,0.0
38.333333333333336,-77.0,0.0
39.0,-77.0,0.0
37.66666666666667,-77.0,0.0
36.333333333333336,-77.0,0.1005586592178771
37.0,-77.0,0.0
35.66666666666667,-77.0,4.613259668508287
49.0,-104.33333333333334,9.021978021978022
34.333333333333336,-77.0,19.872549019607842
35.0,-77.0,17.416666666666668
48.333333333333336,-104.33333333333334,13.269005847953217
47.66666666666667,-104.33333333333334,25.350877192982455
47.0,-104.33333333333334,50.01764705882353
46.333333333333336,-104.33333333333334,57.739644970414204
45.66666666666667,-104.33333333333334,48.15606936416185
45.0,-104.33333333333334,40.645348837209305
44.333333333333336,-104.33333333333334,39.41279069767442
43.66666666666667,-104.33333333333334,33.138728323699425
43.0,-104.33333333333334,22.637931034482758
42.333333333333336,-104.33333333333334,29.70175438596491
41.66666666666667,-104.33333333333334,40.55747126436781
41.0,-104.33333333333334,56.89142857142857
40.333333333333336,-104.33333333333334,59.36
39.66666666666667,-104.33333333333334,55.57142857142857
39.0,-104.33333333333334,46.51704545454545
37.66666666666667,-104.33333333333334,36.887005649717516
38.333333333333336,-104.33333333333334,34.30508474576271
37.0,-104.33333333333334,49.252808988764045
35.66666666666667,-104.33333333333334,52.140449438202246
36.333333333333336,-104.33333333333334,53.99438202247191
35.0,-104.33333333333334,37.48066298342541
34.333333333333336,-104.33333333333334,22.692307692307693
33.66666666666667,-104.33333333333334,18.784530386740332
33.0,-104.33333333333334,18.24175824175824
32.333333333333336,-104.33333333333334,19.09189189189189
31.666666666666664,-104.33333333333334,19.092896174863387
31.0,-104.33333333333334,19.97826086956522
29.666666666666664,-104.33333333333334,9.421052631578947
30.333333333333332,-104.33333333333334,17.010695187165776
29.0,-104.33333333333334,5.0
46.333333333333336,-81.0,2.0
45.66666666666667,-81.0,2.0
45.0,-81.0,2.0
44.333333333333336,-81.0,2.0
42.333333333333336,-81.0,0.0
41.66666666666667,-81.0,0.0
41.0,-81.0,0.0
40.333333333333336,-81.0,0.0
39.66666666666667,-81.0,0.0
38.333333333333336,-81.0,0.03932584269662921
39.0,-81.0,0.0
37.66666666666667,-81.0,1.7231638418079096
36.333333333333336,-81.0,18.07777777777778
37.0,-81.0,10.094972067039107
35.66666666666667,-81.0,14.324022346368714
49.0,-108.33333333333334,15.511627906976743
34.333333333333336,-81.0,22.56111111111111
35.0,-81.0,19.083798882681563
48.333333333333336,-108.33333333333334,21.901162790697676
47.66666666666667,-108.33333333333334,29.958579881656803
33.66666666666667,-81.0,28.57377049180328
47.0,-108.33333333333334,47.877906976744185
33.0,-81.0,43.977777777777774
32.333333333333336,-81.0,61.1027027027027
46.333333333333336,-108.33333333333334,59.345029239766085
45.66666666666667,-108.33333333333334,47.04651162790697
31.666666666666664,-81.0,56.79891304347826
45.0,-108.33333333333334,30.335260115606935
30.333333333333332,-81.0,17.550802139037433
31.0,-81.0,26.398907103825138
44.333333333333336,-108.33333333333334,18.47953216374269
43.66666666666667,-108.33333333333334,16.24418604651163
29.666666666666664,-81.0,13.659459459459459
43.0,-108.33333333333334,11.085714285714285
29.0,-81.0,18.101063829787233
28.333333333333332,-81.0,20.611702127659573
42.333333333333336,-108.33333333333334,12.560693641618498
41.66666666666667,-108.33333333333334,8.804597701149426
27.666666666666664,-81.0,24.445026178010473
41.0,-108.33333333333334,6.1257142857142854
26.333333333333332,-81.0,36.05235602094241
27.0,-81.0,35.07446808510638
40.333333333333336,-108.33333333333334,0.7931034482758621
39.66666666666667,-108.33333333333334,5.204545454545454
25.666666666666664,-81.0,30.94818652849741
39.0,-108.33333333333334,5.0397727272727275
24.333333333333332,-81.0,20.0
25.0,-81.0,18.484375
37.66666666666667,-108.33333333333334,1.2272727272727273
38.333333333333336,-108.33333333333334,2.798882681564246
23.666666666666664,-81.0,20.0
37.0,-108.33333333333334,1.7988826815642458
35.66666666666667,-108.33333333333334,2.1284916201117317
36.333333333333336,-108.33333333333334,2.7486033519553073
35.0,-108.33333333333334,1.6368715083798884
34.333333333333336,-108.33333333333334,1.011049723756906
33.66666666666667,-108.33333333333334,0.8532608695652174
33.0,-108.33333333333334,1.3611111111111112
32.333333333333336,-108.33333333333334,0.14754098360655737
31.666666666666664,-108.33333333333334,0.0
31.0,-108.33333333333334,0.0
47.66666666666667,-85.0,4.354166666666667
47.0,-85.0,5.278787878787878
46.333333333333336,-85.0,4.005917159763314
45.66666666666667,-85.0,0.5380116959064327
45.0,-85.0,2.5722543352601157
44.333333333333336,-85.0,5.508771929824562
43.66666666666667,-85.0,6.0
43.0,-85.0,4.988372093023256
42.333333333333336,-85.0,1.6839080459770115
41.66666666666667,-85.0,0.0
41.0,-85.0,0.0
40.333333333333336,-85.0,0.7386363636363636
39.66666666666667,-85.0,0.2159090909090909
38.333333333333336,-85.0,3.784090909090909
39.0,-85.0,0.34285714285714286
37.66666666666667,-85.0,6.497175141242938
36.333333333333336,-85.0,16.050279329608937
37.0,-85.0,11.11731843575419
35.66666666666667,-85.0,25.134078212290504
49.0,-112.33333333333334,16.244444444444444
35.0,-85.0,44.11602209944751
34.333333333333336,-85.0,50.0
48.333333333333336,-112.33333333333334,12.63953488372093
47.66666666666667,-112.33333333333334,15.105882352941176
33.66666666666667,-85.0,50.083333333333336
47.0,-112.33333333333334,19.61764705882353
33.0,-85.0,51.02209944751381
32.333333333333336,-85.0,51.625
46.333333333333336,-112.33333333333334,22.742690058479532
45.66666666666667,-112.33333333333334,21.964912280701753
31.666666666666664,-85.0,48.70810810810811
45.0,-112.33333333333334,16.1046511627907
30.333333333333332,-85.0,20.053475935828878
31.0,-85.0,31.87027027027027
44.333333333333336,-112.33333333333334,16.890173410404625
43.66666666666667,-112.33333333333334,7.714285714285714
29.666666666666664,-85.0,11.768817204301076
43.0,-112.33333333333334,5.104651162790698
29.0,-85.0,9.819148936170214
28.333333333333332,-85.0,10.0
42.333333333333336,-112.33333333333334,5.587209302325581
41.66666666666667,-112.33333333333334,13.327586206896552
41.0,-112.33333333333334,12.414772727272727
40.333333333333336,-112.33333333333334,12.60919540229885
39.66666666666667,-112.33333333333334,10.647727272727273
39.0,-112.33333333333334,8.931818181818182
37.66666666666667,-112.33333333333334,19.696629213483146
38.333333333333336,-112.33333333333334,14.559322033898304
37.0,-112.33333333333334,4.910112359550562
35.66666666666667,-112.33333333333334,0.0
36.333333333333336,-112.33333333333334,0.0111731843575419
35.0,-112.33333333333334,0.0
34.333333333333336,-112.33333333333334,0.0
33.66666666666667,-112.33333333333334,0.0
33.0,-112.33333333333334,0.0
32.333333333333336,-112.33333333333334,0.0
31.666666666666664,-112.33333333333334,0.0
48.333333333333336,-89.0,13.218181818181819
47.66666666666667,-89.0,12.590643274853802
47.0,-89.0,12.867816091954023
46.333333333333336,-89.0,25.857142857142858
45.66666666666667,-89.0,35.46470588235294
45.0,-89.0,32.41142857142857
44.333333333333336,-89.0,28.35928143712575
43.66666666666667,-89.0,24.5
43.0,-89.0,14.497109826589595
42.333333333333336,-89.0,5.190476190476191
41.66666666666667,-89.0,3.4189944134078214
41.0,-89.0,5.359550561797753
40.333333333333336,-89.0,7.894117647058824
39.66666666666667,-89.0,7.610169491525424
38.333333333333336,-89.0,6.818181818181818
39.0,-89.0,5.556818181818182
37.66666666666667,-89.0,10.277777777777779
36.333333333333336,-89.0,42.78453038674033
37.0,-89.0,14.938202247191011
35.66666666666667,-89.0,56.51685393258427
49.0,-116.33333333333334,0.06593406593406594
35.0,-89.0,60.853932584269664
34.333333333333336,-89.0,64.42458100558659
48.333333333333336,-116.33333333333334,0.0
47.66666666666667,-116.33333333333334,0.0
33.66666666666667,-89.0,55.7032967032967
47.0,-116.33333333333334,0.0
33.0,-89.0,46.88172043010753
32.333333333333336,-89.0,42.39344262295082
46.333333333333336,-116.33333333333334,0.0
45.66666666666667,-116.33333333333334,0.0
31.666666666666664,-89.0,25.831460674157302
45.0,-116.33333333333334,0.3179190751445087
30.333333333333332,-89.0,10.573770491803279
31.0,-89.0,20.2
44.333333333333336,-116.33333333333334,0.01744186046511628
43.66666666666667,-116.33333333333334,0.0
29.666666666666664,-89.0,7.380434782608695
43.0,-116.33333333333334,0.0
29.0,-89.0,8.0
28.333333333333332,-89.0,8.0
42.333333333333336,-116.33333333333334,0.3218390804597701
41.66666666666667,-116.33333333333334,3.142857142857143
27.666666666666664,-89.0,8.2
41.0,-116.33333333333334,3.3908045977011496
40.333333333333336,-116.33333333333334,4.109195402298851
39.66666666666667,-116.33333333333334,8.192090395480227
39.0,-116.33333333333334,9.459770114942529
37.66666666666667,-116.33333333333334,5.97191011235955
38.333333333333336,-116.33333333333334,6.46067415730337
37.0,-116.33333333333334,1.7118644067796611
35.66666666666667,-116.33333333333334,0.0
36.333333333333336,-116.33333333333334,0.0
35.0,-116.33333333333334,0.0
33.66666666666667,-116.33333333333334,0.0
34.333333333333336,-116.33333333333334,0.0
33.0,-116.33333333333334,0.0
32.333333333333336,-116.33333333333334,0.0
48.333333333333336,-93.0,19.525316455696203
47.66666666666667,-93.0,28.710227272727273
47.0,-93.0,32.73372781065089
46.333333333333336,-93.0,32.64596273291925
45.66666666666667,-93.0,32.10795454545455
45.0,-93.0,28.03409090909091
44.333333333333336,-93.0,22.29090909090909
43.66666666666667,-93.0,21.319148936170212
43.0,-93.0,16.35151515151515
42.333333333333336,-93.0,13.67878787878788
41.66666666666667,-93.0,12.183333333333334
41.0,-93.0,11.933333333333334
40.333333333333336,-93.0,11.488888888888889
39.66666666666667,-93.0,10.355421686746988
38.333333333333336,-93.0,15.455555555555556
39.0,-93.0,11.4
37.66666666666667,-93.0,28.744444444444444
36.333333333333336,-93.0,71.69444444444444
37.0,-93.0,46.50555555555555
35.66666666666667,-93.0,71.66666666666667
49.0,-120.33333333333334,0.0
35.0,-93.0,70.67777777777778
34.333333333333336,-93.0,68.4235294117647
48.333333333333336,-120.33333333333334,0.0
47.66666666666667,-120.33333333333334,0.0
33.66666666666667,-93.0,50.043010752688176
47.0,-120.33333333333334,0.0
33.0,-93.0,28.307692307692307
32.333333333333336,-93.0,16.0
46.333333333333336,-120.33333333333334,0.0
45.66666666666667,-120.33333333333334,0.0
31.666666666666664,-93.0,1.2142857142857142
45.0,-120.33333333333334,0.0
30.333333333333332,-93.0,8.0
31.0,-93.0,6.550264550264551
44.333333333333336,-120.33333333333334,0.0
43.66666666666667,-120.33333333333334,0.0
29.666666666666664,-93.0,7.78021978021978
43.0,-120.33333333333334,0.0
29.0,-93.0,6.0
28.333333333333332,-93.0,6.0
42.333333333333336,-120.33333333333334,0.0
41.66666666666667,-120.33333333333334,1.3828571428571428
41.0,-120.33333333333334,6.548571428571429
40.333333333333336,-120.33333333333334,9.222857142857142
39.66666666666667,-120.33333333333334,13.857954545454545
39.0,-120.33333333333334,12.836158192090396
37.66666666666667,-120.33333333333334,2.2542372881355934
38.333333333333336,-120.33333333333334,7.471590909090909
37.0,-120.33333333333334,0.01675977653631285
35.66666666666667,-120.33333333333334,0.0
36.333333333333336,-120.33333333333334,0.011111111111111112
35.0,-120.33333333333334,0.0
33.66666666666667,-120.33333333333334,0.0
34.333333333333336,-120.33333333333334,0.0
47.0,-69.66666666666667,73.48484848484848
46.333333333333336,-69.66666666666667,65.7
45.66666666666667,-69.66666666666667,49.57309941520468
45.0,-69.66666666666667,40.786127167630056
44.333333333333336,-69.66666666666667,35.959537572254334
43.66666666666667,-69.66666666666667,29.319526627218934
43.0,-69.66666666666667,20.0
42.333333333333336,-69.66666666666667,1.0
41.66666666666667,-69.66666666666667,1.4926470588235294
41.0,-69.66666666666667,2.0985915492957745
49.0,-97.0,2.0
48.333333333333336,-97.0,11.784090909090908
47.66666666666667,-97.0,46.375
47.0,-97.0,30.09467455621302
46.333333333333336,-97.0,18.335403726708076
45.66666666666667,-97.0,47.61931818181818
45.0,-97.0,48.5625
44.333333333333336,-97.0,53.97575757575758
43.66666666666667,-97.0,45.475935828877006
43.0,-97.0,31.242424242424242
42.333333333333336,-97.0,16.466666666666665
41.66666666666667,-97.0,14.64804469273743
41.0,-97.0,19.644444444444446
40.333333333333336,-97.0,26.377777777777776
39.66666666666667,-97.0,23.263473053892216
38.333333333333336,-97.0,30.872222222222224
39.0,-97.0,31.511764705882353
37.66666666666667,-97.0,31.816666666666666
36.333333333333336,-97.0,92.58888888888889
37.0,-97.0,63.78888888888889
35.66666666666667,-97.0,86.38333333333334
35.0,-97.0,68.9888888888889
34.333333333333336,-97.0,62.44705882352941
48.333333333333336,-124.33333333333334,0.07142857142857142
47.66666666666667,-124.33333333333334,1.1176470588235294
33.66666666666667,-97.0,28.5
47.0,-124.33333333333334,2.2705882352941176
33.0,-97.0,10.153846153846153
32.333333333333336,-97.0,5.361111111111111
46.333333333333336,-124.33333333333334,0.0
45.66666666666667,-124.33333333333334,0.0
31.666666666666664,-97.0,5.0
45.0,-124.33333333333334,0.0
30.333333333333332,-97.0,5.846153846153846
31.0,-97.0,5.026455026455026
44.333333333333336,-124.33333333333334,0.0
43.66666666666667,-124.33333333333334,0.0
29.666666666666664,-97.0,5.549450549450549
43.0,-124.33333333333334,0.0
29.0,-97.0,7.883597883597884
28.333333333333332,-97.0,9.73404255319149
42.333333333333336,-124.33333333333334,0.0
41.66666666666667,-124.33333333333334,0.0
27.666666666666664,-97.0,5.869565217391305
41.0,-124.33333333333334,0.0
26.333333333333332,-97.0,12.868131868131869
27.0,-97.0,9.251282051282052
40.333333333333336,-124.33333333333334,0.0
39.66666666666667,-124.33333333333334,0.0
25.666666666666664,-97.0,16.5625
39.0,-124.33333333333334,0.0
38.333333333333336,-124.33333333333334,0.0
37.66666666666667,-124.33333333333334,0.0
45.0,-73.66666666666667,47.75
44.333333333333336,-73.66666666666667,41.63953488372093
43.66666666666667,-73.66666666666667,20.936416184971097
43.0,-73.66666666666667,13.408045977011493
42.333333333333336,-73.66666666666667,9.5
41.66666666666667,-73.66666666666667,5.2057142857142855
41.0,-73.66666666666667,0.0
40.333333333333336,-73.66666666666667,0.0
39.66666666666667,-73.66666666666667,0.0
49.0,-101.0,2.0
48.333333333333336,-101.0,3.2189349112426036
47.66666666666667,-101.0,16.711764705882352
47.0,-101.0,77.3103448275862
46.333333333333336,-101.0,84.08333333333333
45.66666666666667,-101.0,65.12352941176471
45.0,-101.0,50.142857142857146
44.333333333333336,-101.0,50.958083832335326
43.66666666666667,-101.0,53.89887640449438
43.0,-101.0,60.22674418604651
42.333333333333336,-101.0,64.67857142857143
41.66666666666667,-101.0,62.85474860335196
41.0,-101.0,63.09550561797753
40.333333333333336,-101.0,62.370588235294115
39.66666666666667,-101.0,54.779661016949156
38.333333333333336,-101.0,63.9375
39.0,-101.0,48.09659090909091
37.66666666666667,-101.0,70.55
36.333333333333336,-101.0,39.51381215469613
37.0,-101.0,61.70224719101124
35.66666666666667,-101.0,32.157303370786515
35.0,-101.0,21.29050279329609
34.333333333333336,-101.0,13.53631284916201
33.66666666666667,-101.0,11.741758241758241
33.0,-101.0,7.940860215053763
32.333333333333336,-101.0,4.021857923497268
31.666666666666664,-101.0,3.202247191011236
30.333333333333332,-101.0,3.360655737704918
31.0,-101.0,2.568421052631579
29.666666666666664,-101.0,5.0
29.0,-101.0,5.0
44.333333333333336,-77.66666666666667,0.0
43.66666666666667,-77.66666666666667,0.0
43.0,-77.66666666666667,0.3430232558139535
42.333333333333336,-77.66666666666667,2.6744186046511627
41.66666666666667,-77.66666666666667,0.0
41.0,-77.66666666666667,0.0
40.333333333333336,-77.66666666666667,0.0
39.0,-77.66666666666667,0.0
39.66666666666667,-77.66666666666667,0.0
38.333333333333336,-77.66666666666667,0.0
37.0,-77.66666666666667,0.0
37.66666666666667,-77.66666666666667,0.0
36.333333333333336,-77.66666666666667,2.5195530726256985
35.0,-77.66666666666667,21.294444444444444
35.66666666666667,-77.66666666666667,9.629213483146067
49.0,-105.0,9.51764705882353
48.333333333333336,-105.0,13.75
34.333333333333336,-77.66666666666667,27.160919540229884
47.66666666666667,-105.0,24.327485380116958
33.66666666666667,-77.66666666666667,19.52112676056338
47.0,-105.0,49.770114942528735
46.333333333333336,-105.0,57.201183431952664
45.66666666666667,-105.0,47.292397660818715
45.0,-105.0,37.26589595375722
44.333333333333336,-105.0,33.39766081871345
43.66666666666667,-105.0,32.04597701149425
43.0,-105.0,20.488372093023255
42.333333333333336,-105.0,25.597701149425287
41.66666666666667,-105.0,38.13559322033898
41.0,-105.0,46.04
40.333333333333336,-105.0,39.76704545454545
39.66666666666667,-105.0,43.73863636363637
38.333333333333336,-105.0,31.426136363636363
39.0,-105.0,42.72
37.66666666666667,-105.0,35.632768361581924
36.333333333333336,-105.0,53.14525139664804
37.0,-105.0,45.43016759776536
35.66666666666667,-105.0,53.391061452513966
35.0,-105.0,45.751381215469614
34.333333333333336,-105.0,26.83977900552486
33.66666666666667,-105.0,20.66111111111111
33.0,-105.0,17.176795580110497
32.333333333333336,-105.0,14.320652173913043
31.666666666666664,-105.0,13.81081081081081
30.333333333333332,-105.0,12.232558139534884
31.0,-105.0,10.337142857142856
29.666666666666664,-105.0,8.666666666666666
46.333333333333336,-81.66666666666667,2.0
45.66666666666667,-81.66666666666667,2.0
45.0,-81.66666666666667,2.0
44.333333333333336,-81.66666666666667,2.0
43.66666666666667,-81.66666666666667,2.0
43.0,-81.66666666666667,2.0
42.333333333333336,-81.66666666666667,0.0
41.66666666666667,-81.66666666666667,0.0
41.0,-81.66666666666667,0.0
40.333333333333336,-81.66666666666667,0.0
39.0,-81.66666666666667,0.0
39.66666666666667,-81.66666666666667,0.0
38.333333333333336,-81.66666666666667,0.0
37.0,-81.66666666666667,7.0
37.66666666666667,-81.66666666666667,0.0
36.333333333333336,-81.66666666666667,16.876404494382022
35.0,-81.66666666666667,21.022222222222222
35.66666666666667,-81.66666666666667,19.93854748603352
49.0,-109.0,12.068181818181818
48.333333333333336,-109.0,15.68639053254438
34.333333333333336,-81.66666666666667,24.613259668508288
47.66666666666667,-109.0,28.912790697674417
33.66666666666667,-81.66666666666667,32.442622950819676
33.0,-81.66666666666667,41.93333333333333
47.0,-109.0,47.31395348837209
46.333333333333336,-109.0,52.79289940828402
32.333333333333336,-81.66666666666667,48.224043715846996
45.66666666666667,-109.0,43.41618497109827
31.666666666666664,-81.66666666666667,49.20652173913044
31.0,-81.66666666666667,48.71739130434783
45.0,-109.0,26.347058823529412
44.333333333333336,-109.0,20.502857142857142
30.333333333333332,-81.66666666666667,40.59574468085106
43.66666666666667,-109.0,24.790697674418606
29.0,-81.66666666666667,25.700534759358288
29.666666666666664,-81.66666666666667,27.61081081081081
43.0,-109.0,14.64367816091954
42.333333333333336,-109.0,12.569767441860465
28.333333333333332,-81.66666666666667,26.30851063829787
41.66666666666667,-109.0,9.411428571428571
27.0,-81.66666666666667,33.479166666666664
27.666666666666664,-81.66666666666667,28.49468085106383
41.0,-109.0,6.258620689655173
40.333333333333336,-109.0,0.7085714285714285
26.333333333333332,-81.66666666666667,27.608465608465607
39.66666666666667,-109.0,2.528409090909091
25.666666666666664,-81.66666666666667,22.88082901554404
25.0,-81.66666666666667,19.23316062176166
38.333333333333336,-109.0,0.898876404494382
39.0,-109.0,1.6285714285714286
24.333333333333332,-81.66666666666667,20.0
37.66666666666667,-109.0,0.1638418079096045
23.666666666666664,-81.66666666666667,20.0
36.333333333333336,-109.0,0.6222222222222222
37.0,-109.0,0.12849162011173185
35.66666666666667,-109.0,0.46368715083798884
34.333333333333336,-109.0,0.022222222222222223
35.0,-109.0,0.12777777777777777
33.66666666666667,-109.0,0.04918032786885246
33.0,-109.0,0.9055555555555556
32.333333333333336,-109.0,0.043243243243243246
31.666666666666664,-109.0,0.0
31.0,-109.0,0.0
48.333333333333336,-85.66666666666667,5.0
47.66666666666667,-85.66666666666667,10.802547770700636
47.0,-85.66666666666667,8.352941176470589
46.333333333333336,-85.66666666666667,13.763313609467456
45.66666666666667,-85.66666666666667,3.2254335260115607
45.0,-85.66666666666667,0.5174418604651163
44.333333333333336,-85.66666666666667,2.9127906976744184
43.66666666666667,-85.66666666666667,5.913294797687861
43.0,-85.66666666666667,3.2413793103448274
42.333333333333336,-85.66666666666667,0.9239766081871345
41.66666666666667,-85.66666666666667,0.0
41.0,-85.66666666666667,0.0
40.333333333333336,-85.66666666666667,1.542857142857143
39.0,-85.66666666666667,2.5795454545454546
39.66666666666667,-85.66666666666667,2.0
38.333333333333336,-85.66666666666667,5.344632768361582
37.0,-85.66666666666667,13.230337078651685
37.66666666666667,-85.66666666666667,9.022598870056497
36.333333333333336,-85.66666666666667,15.0
35.0,-85.66666666666667,55.15555555555556
35.66666666666667,-85.66666666666667,30.50561797752809
49.0,-113.0,20.10112359550562
48.333333333333336,-113.0,22.952662721893493
34.333333333333336,-85.66666666666667,58.57692307692308
47.66666666666667,-113.0,27.01775147928994
33.66666666666667,-85.66666666666667,55.12154696132597
33.0,-85.66666666666667,55.39010989010989
47.0,-113.0,19.228070175438596
46.333333333333336,-113.0,14.94186046511628
32.333333333333336,-85.66666666666667,52.65405405405406
45.66666666666667,-113.0,17.362573099415204
31.0,-85.66666666666667,33.01086956521739
31.666666666666664,-85.66666666666667,47.80327868852459
45.0,-113.0,12.023121387283236
44.333333333333336,-113.0,12.668604651162791
30.333333333333332,-85.66666666666667,18.764705882352942
43.66666666666667,-113.0,5.011627906976744
29.0,-85.66666666666667,9.95266272189349
29.666666666666664,-85.66666666666667,9.983783783783784
43.0,-113.0,1.5542857142857143
42.333333333333336,-113.0,3.7657142857142856
28.333333333333332,-85.66666666666667,10.0
41.66666666666667,-113.0,12.716763005780347
41.0,-113.0,12.988439306358382
40.333333333333336,-113.0,12.113636363636363
39.66666666666667,-113.0,10.885714285714286
38.333333333333336,-113.0,5.80225988700565
39.0,-113.0,7.454545454545454
37.66666666666667,-113.0,9.646067415730338
36.333333333333336,-113.0,0.6536312849162011
37.0,-113.0,2.9322033898305087
35.66666666666667,-113.0,0.0
34.333333333333336,-113.0,0.0
35.0,-113.0,0.0
33.66666666666667,-113.0,0.0
33.0,-113.0,0.0
32.333333333333336,-113.0,0.0
31.666666666666664,-113.0,0.0
48.333333333333336,-89.66666666666667,19.125
47.66666666666667,-89.66666666666667,20.592814371257486
47.0,-89.66666666666667,16.55294117647059
46.333333333333336,-89.66666666666667,23.818181818181817
45.66666666666667,-89.66666666666667,32.22222222222222
45.0,-89.66666666666667,30.688235294117646
44.333333333333336,-89.66666666666667,28.920454545454547
43.66666666666667,-89.66666666666667,26.771929824561404
43.0,-89.66666666666667,19.28654970760234
42.333333333333336,-89.66666666666667,8.876404494382022
41.66666666666667,-89.66666666666667,6.818713450292398
41.0,-89.66666666666667,8.0
40.333333333333336,-89.66666666666667,8.0
39.0,-89.66666666666667,7.193370165745856
39.66666666666667,-89.66666666666667,7.520231213872832
38.333333333333336,-89.66666666666667,10.04
37.0,-89.66666666666667,19.614525139664803
37.66666666666667,-89.66666666666667,12.668571428571429
36.333333333333336,-89.66666666666667,42.55113636363637
35.0,-89.66666666666667,62.68478260869565
35.66666666666667,-89.66666666666667,58.63128491620112
49.0,-117.0,0.0
48.333333333333336,-117.0,0.0
34.333333333333336,-89.66666666666667,65.53260869565217
47.66666666666667,-117.0,0.0
33.66666666666667,-89.66666666666667,54.08426966292135
33.0,-89.66666666666667,41.34426229508197
47.0,-117.0,0.0
46.333333333333336,-117.0,0.0
32.333333333333336,-89.66666666666667,31.566666666666666
45.66666666666667,-117.0,0.0
31.0,-89.66666666666667,17.52542372881356
31.666666666666664,-89.66666666666667,19.523560209424083
45.0,-117.0,0.0
44.333333333333336,-117.0,0.0
30.333333333333332,-89.66666666666667,10.142857142857142
43.66666666666667,-117.0,0.0
29.0,-89.66666666666667,7.320441988950276
29.666666666666664,-89.66666666666667,7.2727272727272725
43.0,-117.0,0.0
42.333333333333336,-117.0,0.0
28.333333333333332,-89.66666666666667,7.772020725388601
41.66666666666667,-117.0,2.5689655172413794
27.666666666666664,-89.66666666666667,8.555555555555555
41.0,-117.0,2.6954022988505746
40.333333333333336,-117.0,2.8514285714285714
39.66666666666667,-117.0,5.344827586206897
38.333333333333336,-117.0,4.537142857142857
39.0,-117.0,7.4124293785310735
37.66666666666667,-117.0,3.202247191011236
36.333333333333336,-117.0,0.6384180790960452
37.0,-117.0,2.0898876404494384
35.66666666666667,-117.0,0.005555555555555556
34.333333333333336,-117.0,0.0
35.0,-117.0,0.0
33.66666666666667,-117.0,0.0
33.0,-117.0,0.0
32.333333333333336,-117.0,0.0
48.333333333333336,-93.66666666666667,18.5
47.66666666666667,-93.66666666666667,27.75625
47.0,-93.66666666666667,32.78443113772455
46.333333333333336,-93.66666666666667,33.358381502890175
45.66666666666667,-93.66666666666667,35.56547619047619
45.0,-93.66666666666667,29.806818181818183
44.333333333333336,-93.66666666666667,22.296969696969697
43.66666666666667,-93.66666666666667,19.833333333333332
43.0,-93.66666666666667,16.68888888888889
42.333333333333336,-93.66666666666667,13.6045197740113
41.66666666666667,-93.66666666666667,11.604651162790697
41.0,-93.66666666666667,11.709090909090909
40.333333333333336,-93.66666666666667,11.32121212121212
39.0,-93.66666666666667,12.922222222222222
39.66666666666667,-93.66666666666667,11.22905027932961
38.333333333333336,-93.66666666666667,19.866666666666667
37.0,-93.66666666666667,44.59444444444444
37.66666666666667,-93.66666666666667,26.56111111111111
36.333333333333336,-93.66666666666667,86.95555555555555
35.0,-93.66666666666667,81.8
35.66666666666667,-93.66666666666667,87.79444444444445
49.0,-121.0,0.011111111111111112
48.333333333333336,-121.0,0.04093567251461988
34.333333333333336,-93.66666666666667,68.8
47.66666666666667,-121.0,0.029411764705882353
33.66666666666667,-93.66666666666667,53.232142857142854
33.0,-93.66666666666667,26.333333333333332
47.0,-121.0,0.0
46.333333333333336,-121.0,0.0
32.333333333333336,-93.66666666666667,14.974358974358974
45.66666666666667,-121.0,0.0
31.0,-93.66666666666667,5.287234042553192
31.666666666666664,-93.66666666666667,1.6402116402116402
45.0,-121.0,0.0
44.333333333333336,-121.0,0.0
30.333333333333332,-93.66666666666667,8.0
43.66666666666667,-121.0,0.0
29.666666666666664,-93.66666666666667,7.674418604651163
29.0,-93.66666666666667,6.0
43.0,-121.0,0.0
42.333333333333336,-121.0,0.0
28.333333333333332,-93.66666666666667,6.0
41.66666666666667,-121.0,0.0
41.0,-121.0,6.137142857142857
40.333333333333336,-121.0,8.314285714285715
39.66666666666667,-121.0,3.822857142857143
39.0,-121.0,1.6079545454545454
38.333333333333336,-121.0,0.6797752808988764
37.66666666666667,-121.0,0.028089887640449437
36.333333333333336,-121.0,0.0
37.0,-121.0,0.0
35.66666666666667,-121.0,0.0
34.333333333333336,-121.0,0.0
35.0,-121.0,0.0
33.66666666666667,-121.0,0.0
46.333333333333336,-70.33333333333334,46.12
45.66666666666667,-70.33333333333334,44.26315789473684
45.0,-70.33333333333334,37.21511627906977
44.333333333333336,-70.33333333333334,30.5906432748538
43.66666666666667,-70.33333333333334,25.034682080924856
43.0,-70.33333333333334,16.24390243902439
42.333333333333336,-70.33333333333334,2.374269005847953
41.66666666666667,-70.33333333333334,4.028735632183908
41.0,-70.33333333333334,2.0
49.0,-97.66666666666667,2.0
48.333333333333336,-97.66666666666667,5.753086419753086
47.66666666666667,-97.66666666666667,49.86931818181818
47.0,-97.66666666666667,51.02958579881657
46.333333333333336,-97.66666666666667,27.945454545454545
45.66666666666667,-97.66666666666667,50.49431818181818
45.0,-97.66666666666667,52.37869822485207
44.333333333333336,-97.66666666666667,59.938202247191015
43.66666666666667,-97.66666666666667,56.410714285714285
43.0,-97.66666666666667,41.1551724137931
42.333333333333336,-97.66666666666667,16.924418604651162
41.66666666666667,-97.66666666666667,15.843575418994414
41.0,-97.66666666666667,9.525714285714285
40.333333333333336,-97.66666666666667,11.040462427745664
39.0,-97.66666666666667,31.01142857142857
39.66666666666667,-97.66666666666667,25.755555555555556
38.333333333333336,-97.66666666666667,30.346820809248555
37.0,-97.66666666666667,60.51111111111111
37.66666666666667,-97.66666666666667,33.90555555555556
36.333333333333336,-97.66666666666667,61.18888888888889
35.0,-97.66666666666667,50.52325581395349
35.66666666666667,-97.66666666666667,57.29050279329609
48.333333333333336,-125.0,1.5593220338983051
34.333333333333336,-97.66666666666667,37.84153005464481
47.66666666666667,-125.0,3.703488372093023
33.66666666666667,-97.66666666666667,17.176470588235293
33.0,-97.66666666666667,9.194444444444445
47.0,-125.0,3.584795321637427
46.333333333333336,-125.0,0.0
32.333333333333336,-97.66666666666667,5.0
45.66666666666667,-125.0,0.0
31.0,-97.66666666666667,5.0
31.666666666666664,-97.66666666666667,5.0
45.0,-125.0,0.0
44.333333333333336,-125.0,0.0
30.333333333333332,-97.66666666666667,5.0
43.66666666666667,-125.0,0.0
29.666666666666664,-97.66666666666667,5.0
29.0,-97.66666666666667,5.897435897435898
43.0,-125.0,0.0
42.333333333333336,-125.0,0.0
28.333333333333332,-97.66666666666667,8.607954545454545
41.66666666666667,-125.0,0.0
27.0,-97.66666666666667,16.927083333333332
27.666666666666664,-97.66666666666667,5.923076923076923
41.0,-125.0,0.0
40.333333333333336,-125.0,0.0
26.333333333333332,-97.66666666666667,19.24175824175824
39.66666666666667,-125.0,0.0
25.666666666666664,-97.66666666666667,20.0
39.0,-125.0,0.0
38.333333333333336,-125.0,0.0
45.0,-74.33333333333334,23.98901098901099
44.333333333333336,-74.33333333333334,20.572254335260116
43.66666666666667,-74.33333333333334,15.953488372093023
43.0,-74.33333333333334,11.936416184971097
42.333333333333336,-74.33333333333334,9.739884393063583
41.66666666666667,-74.33333333333334,3.8620689655172415
41.0,-74.33333333333334,0.0
40.333333333333336,-74.33333333333334,0.0
39.66666666666667,-74.33333333333334,0.0
39.0,-74.33333333333334,0.0
49.0,-101.66666666666667,2.577777777777778
48.333333333333336,-101.66666666666667,7.994082840236686
47.66666666666667,-101.66666666666667,13.005847953216374
47.0,-101.66666666666667,65.16959064327486
46.333333333333336,-101.66666666666667,83.97687861271676
45.66666666666667,-101.66666666666667,65.15204678362574
45.0,-101.66666666666667,50.32748538011696
44.333333333333336,-101.66666666666667,47.65714285714286
43.66666666666667,-101.66666666666667,49.994082840236686
43.0,-101.66666666666667,56.84090909090909
42.333333333333336,-101.66666666666667,65.80337078651685
41.66666666666667,-101.66666666666667,66.86309523809524
41.0,-101.66666666666667,68.93023255813954
40.333333333333336,-101.66666666666667,68.02777777777777
39.0,-101.66666666666667,52.55172413793103
39.66666666666667,-101.66666666666667,58.932203389830505
38.333333333333336,-101.66666666666667,54.9375
37.0,-101.66666666666667,59.75706214689266
37.66666666666667,-101.66666666666667,71.33333333333333
36.333333333333336,-101.66666666666667,38.56497175141243
35.0,-101.66666666666667,21.718232044198896
35.66666666666667,-101.66666666666667,30.972375690607734
34.333333333333336,-101.66666666666667,15.263736263736265
33.66666666666667,-101.66666666666667,11.723756906077348
33.0,-101.66666666666667,8.853932584269662
32.333333333333336,-101.66666666666667,4.67741935483871
31.0,-101.66666666666667,3.044198895027624
31.666666666666664,-101.66666666666667,3.2486486486486488
30.333333333333332,-101.66666666666667,3.761904761904762
29.666666666666664,-101.66666666666667,4.585714285714285
43.66666666666667,-78.33333333333334,0.0
43.0,-78.33333333333334,0.05202312138728324
42.333333333333336,-78.33333333333334,3.2586206896551726
41.66666666666667,-78.33333333333334,0.0
41.0,-78.33333333333334,0.0
40.333333333333336,-78.33333333333334,0.0
39.66666666666667,-78.33333333333334,0.0
39.0,-78.33333333333334,0.0
37.66666666666667,-78.33333333333334,0.0
38.333333333333336,-78.33333333333334,0.0
37.0,-78.33333333333334,0.3539325842696629
35.66666666666667,-78.33333333333334,10.011173184357542
36.333333333333336,-78.33333333333334,2.5083798882681565
49.0,-105.66666666666667,14.010989010989011
35.0,-78.33333333333334,20.417582417582416
48.333333333333336,-105.66666666666667,14.676646706586826
34.333333333333336,-78.33333333333334,27.4438202247191
33.66666666666667,-78.33333333333334,25.837209302325583
47.66666666666667,-105.66666666666667,23.313953488372093
47.0,-105.66666666666667,49.758823529411764
46.333333333333336,-105.66666666666667,57.72254335260116
45.66666666666667,-105.66666666666667,48.0233918128655
45.0,-105.66666666666667,35.27167630057804
44.333333333333336,-105.66666666666667,29.180232558139537
43.66666666666667,-105.66666666666667,28.294797687861273
43.0,-105.66666666666667,20.31791907514451
42.333333333333336,-105.66666666666667,32.285714285714285
41.66666666666667,-105.66666666666667,22.63005780346821
41.0,-105.66666666666667,28.936781609195403
40.333333333333336,-105.66666666666667,33.3448275862069
39.0,-105.66666666666667,21.88135593220339
39.66666666666667,-105.66666666666667,30.033898305084747
38.333333333333336,-105.66666666666667,25.825842696629213
37.0,-105.66666666666667,11.46629213483146
37.66666666666667,-105.66666666666667,13.169491525423728
36.333333333333336,-105.66666666666667,17.915730337078653
35.0,-105.66666666666667,29.558659217877096
35.66666666666667,-105.66666666666667,28.223463687150836
34.333333333333336,-105.66666666666667,21.744444444444444
33.66666666666667,-105.66666666666667,16.333333333333332
33.0,-105.66666666666667,10.567567567567568
32.333333333333336,-105.66666666666667,5.554945054945055
31.0,-105.66666666666667,4.041666666666667
31.666666666666664,-105.66666666666667,2.169398907103825
46.333333333333336,-82.33333333333334,2.0
45.66666666666667,-82.33333333333334,2.884393063583815
45.0,-82.33333333333334,4.649122807017544
44.333333333333336,-82.33333333333334,3.877906976744186
43.66666666666667,-82.33333333333334,2.028735632183908
43.0,-82.33333333333334,2.0
42.333333333333336,-82.33333333333334,0.9333333333333333
41.66666666666667,-82.33333333333334,0.0
41.0,-82.33333333333334,0.0
40.333333333333336,-82.33333333333334,0.0
39.66666666666667,-82.33333333333334,0.0
39.0,-82.33333333333334,0.0
37.66666666666667,-82.33333333333334,2.441340782122905
38.333333333333336,-82.33333333333334,0.0
37.0,-82.33333333333334,6.50561797752809
35.66666666666667,-82.33333333333334,25.677777777777777
36.333333333333336,-82.33333333333334,12.730337078651685
49.0,-109.66666666666667,11.164835164835164
35.0,-82.33333333333334,27.18888888888889
48.333333333333336,-109.66666666666667,11.174418604651162
34.333333333333336,-82.33333333333334,31.005555555555556
33.66666666666667,-82.33333333333334,35.09944751381215
47.66666666666667,-109.66666666666667,24.24561403508772
47.0,-109.66666666666667,41.9585798816568
33.0,-82.33333333333334,43.2972972972973
46.333333333333336,-109.66666666666667,43.41520467836257
32.333333333333336,-82.33333333333334,49.81666666666667
31.666666666666664,-82.33333333333334,52.69892473118279
45.66666666666667,-109.66666666666667,44.02906976744186
45.0,-109.66666666666667,39.872093023255815
31.0,-82.33333333333334,55.446236559139784
44.333333333333336,-109.66666666666667,28.07514450867052
29.666666666666664,-82.33333333333334,24.724867724867725
30.333333333333332,-82.33333333333334,46.214285714285715
43.66666666666667,-109.66666666666667,22.263157894736842
43.0,-109.66666666666667,17.126436781609197
29.0,-82.33333333333334,19.101063829787233
42.333333333333336,-109.66666666666667,11.085714285714285
28.333333333333332,-82.33333333333334,20.904255319148938
27.666666666666664,-82.33333333333334,20.894736842105264
41.66666666666667,-109.66666666666667,9.173410404624278
41.0,-109.66666666666667,10.834285714285715
27.0,-82.33333333333334,20.031413612565444
40.333333333333336,-109.66666666666667,4.784090909090909
26.333333333333332,-82.33333333333334,14.594736842105263
25.666666666666664,-82.33333333333334,12.526881720430108
39.0,-109.66666666666667,1.3519553072625698
39.66666666666667,-109.66666666666667,3.1551724137931036
25.0,-82.33333333333334,20.0
38.333333333333336,-109.66666666666667,0.36363636363636365
24.333333333333332,-82.33333333333334,20.0
23.666666666666664,-82.33333333333334,20.0
37.0,-109.66666666666667,0.03333333333333333
37.66666666666667,-109.66666666666667,0.4463276836158192
36.333333333333336,-109.66666666666667,0.0
35.0,-109.66666666666667,0.0
35.66666666666667,-109.66666666666667,0.0
34.333333333333336,-109.66666666666667,0.0
33.66666666666667,-109.66666666666667,0.0
33.0,-109.66666666666667,0.0
32.333333333333336,-109.66666666666667,0.0
31.666666666666664,-109.66666666666667,0.0
31.0,-109.66666666666667,0.0
49.0,-86.33333333333334,5.666666666666667
48.333333333333336,-86.33333333333334,5.1570247933884295
47.66666666666667,-86.33333333333334,13.66470588235294
47.0,-86.33333333333334,9.223529411764705
46.333333333333336,-86.33333333333334,24.064705882352943
45.66666666666667,-86.33333333333334,10.839080459770114
45.0,-86.33333333333334,4.629411764705883
44.333333333333336,-86.33333333333334,3.577142857142857
43.66666666666667,-86.33333333333334,6.247058823529412
43.0,-86.33333333333334,1.76
42.333333333333336,-86.33333333333334,0.5227272727272727
41.66666666666667,-86.33333333333334,0.0
41.0,-86.33333333333334,0.13714285714285715
40.333333333333336,-86.33333333333334,3.2
39.66666666666667,-86.33333333333334,2.0
39.0,-86.33333333333334,2.305084745762712
37.66666666666667,-86.33333333333334,10.864406779661017
38.333333333333336,-86.33333333333334,5.948863636363637
37.0,-86.33333333333334,15.810055865921788
35.66666666666667,-86.33333333333334,45.955555555555556
36.333333333333336,-86.33333333333334,15.737430167597765
49.0,-113.66666666666667,25.730337078651687
35.0,-86.33333333333334,69.42307692307692
48.333333333333336,-113.66666666666667,23.099415204678362
34.333333333333336,-86.33333333333334,65.02762430939227
33.66666666666667,-86.33333333333334,55.416666666666664
47.66666666666667,-113.66666666666667,22.203488372093023
47.0,-113.66666666666667,14.830409356725147
33.0,-86.33333333333334,55.110497237569064
46.333333333333336,-113.66666666666667,14.053254437869823
32.333333333333336,-86.33333333333334,51.37158469945355
31.666666666666664,-86.33333333333334,39.785714285714285
45.66666666666667,-113.66666666666667,9.448275862068966
45.0,-113.66666666666667,8.567251461988304
31.0,-86.33333333333334,28.92391304347826
44.333333333333336,-113.66666666666667,9.633720930232558
29.666666666666664,-86.33333333333334,9.653846153846153
30.333333333333332,-86.33333333333334,13.913978494623656
43.66666666666667,-113.66666666666667,4.572254335260116
43.0,-113.66666666666667,0.6744186046511628
29.0,-86.33333333333334,10.0
42.333333333333336,-113.66666666666667,2.691860465116279
41.66666666666667,-113.66666666666667,15.380681818181818
41.0,-113.66666666666667,13.147727272727273
40.333333333333336,-113.66666666666667,12.96
39.66666666666667,-113.66666666666667,13.306818181818182
39.0,-113.66666666666667,11.977272727272727
38.333333333333336,-113.66666666666667,8.831460674157304
37.0,-113.66666666666667,2.35195530726257
37.66666666666667,-113.66666666666667,5.3559322033898304
36.333333333333336,-113.66666666666667,0.6101694915254238
35.0,-113.66666666666667,0.0
35.66666666666667,-113.66666666666667,0.0
34.333333333333336,-113.66666666666667,0.0
33.66666666666667,-113.66666666666667,0.0
33.0,-113.66666666666667,0.0
32.333333333333336,-113.66666666666667,0.0
48.333333333333336,-90.33333333333334,23.59375
47.66666666666667,-90.33333333333334,23.539772727272727
47.0,-90.33333333333334,21.305389221556887
46.333333333333336,-90.33333333333334,27.071005917159763
45.66666666666667,-90.33333333333334,35.07514450867052
45.0,-90.33333333333334,45.15606936416185
44.333333333333336,-90.33333333333334,28.99411764705882
43.66666666666667,-90.33333333333334,27.822857142857142
43.0,-90.33333333333334,21.670520231213874
42.333333333333336,-90.33333333333334,11.924418604651162
41.66666666666667,-90.33333333333334,9.17816091954023
41.0,-90.33333333333334,8.148351648351648
39.66666666666667,-90.33333333333334,9.03370786516854
40.333333333333336,-90.33333333333334,8.544378698224852
39.0,-90.33333333333334,10.61046511627907
37.66666666666667,-90.33333333333334,13.159090909090908
38.333333333333336,-90.33333333333334,11.488888888888889
37.0,-90.33333333333334,24.905555555555555
35.66666666666667,-90.33333333333334,60.157303370786515
36.333333333333336,-90.33333333333334,50.144444444444446
49.0,-117.66666666666667,0.0
35.0,-90.33333333333334,64.36516853932584
48.333333333333336,-117.66666666666667,0.0
34.333333333333336,-90.33333333333334,65.73295454545455
33.66666666666667,-90.33333333333334,54.476190476190474
47.66666666666667,-117.66666666666667,0.0
47.0,-117.66666666666667,0.0
33.0,-90.33333333333334,39.94444444444444
46.333333333333336,-117.66666666666667,2.063953488372093
32.333333333333336,-90.33333333333334,28.78918918918919
31.666666666666664,-90.33333333333334,18.247191011235955
45.66666666666667,-117.66666666666667,0.0
45.0,-117.66666666666667,0.0
31.0,-90.33333333333334,15.051282051282051
44.333333333333336,-117.66666666666667,0.0
29.666666666666664,-90.33333333333334,9.115183246073299
30.333333333333332,-90.33333333333334,11.619318181818182
43.66666666666667,-117.66666666666667,0.0
43.0,-117.66666666666667,0.0
29.0,-90.33333333333334,7.042553191489362
42.333333333333336,-117.66666666666667,0.0
28.333333333333332,-90.33333333333334,7.046783625730995
41.66666666666667,-117.66666666666667,2.045714285714286
41.0,-117.66666666666667,2.615819209039548
40.333333333333336,-117.66666666666667,3.9257142857142857
39.66666666666667,-117.66666666666667,5.904494382022472
39.0,-117.66666666666667,5.704545454545454
38.333333333333336,-117.66666666666667,3.8435754189944134
37.0,-117.66666666666667,3.8333333333333335
37.66666666666667,-117.66666666666667,6.2897727272727275
36.333333333333336,-117.66666666666667,2.2824858757062145
35.0,-117.66666666666667,0.016666666666666666
35.66666666666667,-117.66666666666667,0.2430939226519337
34.333333333333336,-117.66666666666667,0.0
33.66666666666667,-117.66666666666667,0.0
33.0,-117.66666666666667,0.0
32.333333333333336,-117.66666666666667,0.0
45.0,-67.0,94.31147540983606
44.333333333333336,-67.0,73.05263157894737
49.0,-94.33333333333334,7.0
48.333333333333336,-94.33333333333334,12.61111111111111
47.66666666666667,-94.33333333333334,21.789772727272727
47.0,-94.33333333333334,34.64204545454545
46.333333333333336,-94.33333333333334,36.6875
45.66666666666667,-94.33333333333334,43.57575757575758
45.0,-94.33333333333334,38.39772727272727
44.333333333333336,-94.33333333333334,27.854545454545455
43.66666666666667,-94.33333333333334,20.77840909090909
43.0,-94.33333333333334,17.060606060606062
42.333333333333336,-94.33333333333334,13.027173913043478
41.66666666666667,-94.33333333333334,11.116666666666667
41.0,-94.33333333333334,12.083333333333334
39.66666666666667,-94.33333333333334,11.916666666666666
40.333333333333336,-94.33333333333334,11.183333333333334
39.0,-94.33333333333334,15.394444444444444
37.66666666666667,-94.33333333333334,25.744444444444444
38.333333333333336,-94.33333333333334,22.994444444444444
37.0,-94.33333333333334,46.53333333333333
35.66666666666667,-94.33333333333334,100.0
36.333333333333336,-94.33333333333334,86.20111731843575
49.0,-121.66666666666667,0.15384615384615385
35.0,-94.33333333333334,89.42222222222222
48.333333333333336,-121.66666666666667,0.0
34.333333333333336,-94.33333333333334,62.68333333333333
33.66666666666667,-94.33333333333334,51.07142857142857
47.66666666666667,-121.66666666666667,0.023391812865497075
47.0,-121.66666666666667,0.0
33.0,-94.33333333333334,21.055555555555557
46.333333333333336,-121.66666666666667,0.0
32.333333333333336,-94.33333333333334,13.38888888888889
31.666666666666664,-94.33333333333334,0.16666666666666666
45.66666666666667,-121.66666666666667,0.0
45.0,-121.66666666666667,0.0
31.0,-94.33333333333334,3.9761904761904763
44.333333333333336,-121.66666666666667,0.0
29.666666666666664,-94.33333333333334,7.38974358974359
30.333333333333332,-94.33333333333334,8.151351351351352
43.66666666666667,-121.66666666666667,0.0
43.0,-121.66666666666667,0.0
29.0,-94.33333333333334,5.2967032967032965
42.333333333333336,-121.66666666666667,0.0
28.333333333333332,-94.33333333333334,5.030927835051546
41.66666666666667,-121.66666666666667,0.0
41.0,-121.66666666666667,1.058139534883721
40.333333333333336,-121.66666666666667,2.25
39.66666666666667,-121.66666666666667,0.2655367231638418
39.0,-121.66666666666667,0.0
38.333333333333336,-121.66666666666667,0.0
37.0,-121.66666666666667,2.6815642458100557
37.66666666666667,-121.66666666666667,0.0
36.333333333333336,-121.66666666666667,1.1299435028248588
35.0,-121.66666666666667,0.0
35.66666666666667,-121.66666666666667,0.0
34.333333333333336,-121.66666666666667,0.020833333333333332
33.66666666666667,-121.66666666666667,0.0
45.66666666666667,-71.0,48.888888888888886
45.0,-71.0,42.75903614457831
44.333333333333336,-71.0,27.45664739884393
43.66666666666667,-71.0,20.77456647398844
43.0,-71.0,25.982658959537574
42.333333333333336,-71.0,8.522988505747126
41.66666666666667,-71.0,5.3428571428571425
41.0,-71.0,1.9745762711864407
49.0,-98.33333333333334,2.0
48.333333333333336,-98.33333333333334,4.1657142857142855
47.66666666666667,-98.33333333333334,46.82608695652174
47.0,-98.33333333333334,71.67428571428572
46.333333333333336,-98.33333333333334,52.69767441860465
45.66666666666667,-98.33333333333334,53.92045454545455
45.0,-98.33333333333334,54.527272727272724
44.333333333333336,-98.33333333333334,65.03888888888889
43.66666666666667,-98.33333333333334,61.09090909090909
43.0,-98.33333333333334,50.220338983050844
42.333333333333336,-98.33333333333334,27.244318181818183
41.66666666666667,-98.33333333333334,21.145454545454545
41.0,-98.33333333333334,13.646067415730338
39.66666666666667,-98.33333333333334,13.293103448275861
40.333333333333336,-98.33333333333334,12.296089385474861
39.0,-98.33333333333334,27.7292817679558
37.66666666666667,-98.33333333333334,51.30555555555556
38.333333333333336,-98.33333333333334,34.02325581395349
37.0,-98.33333333333334,67.87078651685393
35.66666666666667,-98.33333333333334,44.794285714285714
36.333333333333336,-98.33333333333334,50.38636363636363
35.0,-98.33333333333334,37.06666666666667
48.333333333333336,-125.66666666666667,4.538461538461538
34.333333333333336,-98.33333333333334,25.603174603174605
33.66666666666667,-98.33333333333334,19.233333333333334
47.66666666666667,-125.66666666666667,4.035502958579881
47.0,-125.66666666666667,3.691666666666667
33.0,-98.33333333333334,6.722222222222222
46.333333333333336,-125.66666666666667,0.0
32.333333333333336,-98.33333333333334,5.0
31.666666666666664,-98.33333333333334,5.0
45.66666666666667,-125.66666666666667,0.0
45.0,-125.66666666666667,0.0
31.0,-98.33333333333334,4.510526315789473
44.333333333333336,-125.66666666666667,0.0
29.666666666666664,-98.33333333333334,5.0
30.333333333333332,-98.33333333333334,5.0
43.66666666666667,-125.66666666666667,0.0
43.0,-125.66666666666667,0.0
29.0,-98.33333333333334,5.213903743315508
42.333333333333336,-125.66666666666667,0.0
28.333333333333332,-98.33333333333334,5.213903743315508
27.666666666666664,-98.33333333333334,5.082474226804123
41.66666666666667,-125.66666666666667,0.0
41.0,-125.66666666666667,0.0
27.0,-98.33333333333334,16.54945054945055
40.333333333333336,-125.66666666666667,0.0
26.333333333333332,-98.33333333333334,18.515337423312882
39.66666666666667,-125.66666666666667,0.0
45.0,-75.0,16.407894736842106
44.333333333333336,-75.0,15.622093023255815
43.66666666666667,-75.0,13.034682080924856
43.0,-75.0,8.4
42.333333333333336,-75.0,2.796511627906977
41.66666666666667,-75.0,0.9022988505747126
41.0,-75.0,0.0
40.333333333333336,-75.0,0.0
39.66666666666667,-75.0,0.0
38.333333333333336,-75.0,0.0
39.0,-75.0,0.0
37.66666666666667,-75.0,0.0
36.333333333333336,-75.0,1.0
35.66666666666667,-75.0,0.7659574468085106
49.0,-102.33333333333334,8.160919540229886
35.0,-75.0,4.75
48.333333333333336,-102.33333333333334,10.127906976744185
47.66666666666667,-102.33333333333334,10.796511627906977
47.0,-102.33333333333334,52.252941176470586
46.333333333333336,-102.33333333333334,77.17261904761905
45.66666666666667,-102.33333333333334,56.884393063583815
45.0,-102.33333333333334,45.35260115606936
44.333333333333336,-102.33333333333334,43.23529411764706
43.66666666666667,-102.33333333333334,46.31609195402299
43.0,-102.33333333333334,53.03448275862069
42.333333333333336,-102.33333333333334,64.59649122807018
41.66666666666667,-102.33333333333334,66.88202247191012
41.0,-102.33333333333334,63.21022727272727
39.66666666666667,-102.33333333333334,61.90229885057471
40.333333333333336,-102.33333333333334,64.41954022988506
39.0,-102.33333333333334,54.53977272727273
37.66666666666667,-102.33333333333334,46.7909604519774
38.333333333333336,-102.33333333333334,48.1
37.0,-102.33333333333334,48.045197740113
35.66666666666667,-102.33333333333334,30.156424581005588
36.333333333333336,-102.33333333333334,41.252808988764045
35.0,-102.33333333333334,22.231638418079097
34.333333333333336,-102.33333333333334,19.467032967032967
33.66666666666667,-102.33333333333334,14.74731182795699
33.0,-102.33333333333334,11.624309392265193
32.333333333333336,-102.33333333333334,8.6353591160221
31.666666666666664,-102.33333333333334,5.860215053763441
31.0,-102.33333333333334,5.230769230769231
29.666666666666664,-102.33333333333334,6.825396825396825
30.333333333333332,-102.33333333333334,6.886486486486486
43.66666666666667,-79.0,0.0
43.0,-79.0,0.0
42.333333333333336,-79.0,0.653179190751445
41.66666666666667,-79.0,0.0
41.0,-79.0,0.0
40.333333333333336,-79.0,0.0
39.66666666666667,-79.0,0.0
38.333333333333336,-79.0,0.5786516853932584
39.0,-79.0,0.0
37.66666666666667,-79.0,1.0393258426966292
36.333333333333336,-79.0,3.6145251396648046
37.0,-79.0,2.0786516853932584
35.66666666666667,-79.0,10.100558659217876
49.0,-106.33333333333334,16.0
34.333333333333336,-79.0,21.6775956284153
35.0,-79.0,18.391061452513966
48.333333333333336,-106.33333333333334,15.436046511627907
47.66666666666667,-106.33333333333334,22.694610778443113
33.66666666666667,-79.0,32.187845303867405
47.0,-106.33333333333334,49.44767441860465
33.0,-79.0,37.127450980392155
46.333333333333336,-106.33333333333334,59.28488372093023
45.66666666666667,-106.33333333333334,47.16959064327485
45.0,-106.33333333333334,38.68604651162791
44.333333333333336,-106.33333333333334,35.01162790697674
43.66666666666667,-106.33333333333334,29.186046511627907
43.0,-106.33333333333334,24.298850574712645
42.333333333333336,-106.33333333333334,18.069364161849713
41.66666666666667,-106.33333333333334,12.201149425287356
27.666666666666664,-79.0,12.0
41.0,-106.33333333333334,19.869318181818183
26.333333333333332,-79.0,10.533333333333333
27.0,-79.0,10.933333333333334
40.333333333333336,-106.33333333333334,18.886363636363637
39.66666666666667,-106.33333333333334,29.84393063583815
25.666666666666664,-79.0,16.70689655172414
39.0,-106.33333333333334,26.224719101123597
25.0,-79.0,18.142857142857142
37.66666666666667,-106.33333333333334,9.335195530726256
38.333333333333336,-106.33333333333334,19.8125
37.0,-106.33333333333334,6.11864406779661
35.66666666666667,-106.33333333333334,7.033519553072626
36.333333333333336,-106.33333333333334,5.720670391061453
35.0,-106.33333333333334,11.810055865921788
34.333333333333336,-106.33333333333334,11.978260869565217
33.66666666666667,-106.33333333333334,7.361111111111111
33.0,-106.33333333333334,1.4033149171270718
32.333333333333336,-106.33333333333334,1.0
31.666666666666664,-106.33333333333334,1.0
46.333333333333336,-83.0,2.0
45.66666666666667,-83.0,4.304093567251462
45.0,-83.0,5.424418604651163
44.333333333333336,-83.0,5.140350877192983
43.66666666666667,-83.0,2.735632183908046
43.0,-83.0,2.0
42.333333333333336,-83.0,1.953125
41.66666666666667,-83.0,0.125
41.0,-83.0,0.0
40.333333333333336,-83.0,0.0
39.66666666666667,-83.0,0.0
38.333333333333336,-83.0,0.3595505617977528
39.0,-83.0,0.0
37.66666666666667,-83.0,4.01123595505618
36.333333333333336,-83.0,13.46927374301676
37.0,-83.0,9.123595505617978
35.66666666666667,-83.0,25.92265193370166
49.0,-110.33333333333334,10.032608695652174
34.333333333333336,-83.0,34.386740331491715
35.0,-83.0,35.31666666666667
48.333333333333336,-110.33333333333334,6.982352941176471
47.66666666666667,-110.33333333333334,17.071005917159763
33.66666666666667,-83.0,42.86187845303867
47.0,-110.33333333333334,37.67058823529412
33.0,-83.0,49.83516483516483
32.333333333333336,-83.0,50.0
46.333333333333336,-110.33333333333334,39.83236994219653
45.66666666666667,-110.33333333333334,44.175438596491226
31.666666666666664,-83.0,51.87978142076503
45.0,-110.33333333333334,34.48837209302326
30.333333333333332,-83.0,39.90810810810811
31.0,-83.0,47.03260869565217
44.333333333333336,-110.33333333333334,25.497076023391813
43.66666666666667,-110.33333333333334,11.75287356321839
29.666666666666664,-83.0,20.497326203208555
43.0,-110.33333333333334,9.54913294797688
29.0,-83.0,13.708108108108108
28.333333333333332,-83.0,12.893617021276595
42.333333333333336,-110.33333333333334,11.797687861271676
41.66666666666667,-110.33333333333334,11.755681818181818
27.666666666666664,-83.0,13.226315789473684
41.0,-110.33333333333334,20.308139534883722
26.333333333333332,-83.0,11.393700787401574
27.0,-83.0,11.623655913978494
40.333333333333336,-110.33333333333334,13.186440677966102
39.66666666666667,-110.33333333333334,11.587570621468927
25.666666666666664,-83.0,10.88
39.0,-110.33333333333334,5.714285714285714
24.333333333333332,-83.0,20.0
25.0,-83.0,20.0
37.66666666666667,-110.33333333333334,3.225988700564972
38.333333333333336,-110.33333333333334,8.5
23.666666666666664,-83.0,20.0
37.0,-110.33333333333334,0.9157303370786517
35.66666666666667,-110.33333333333334,0.0
36.333333333333336,-110.33333333333334,0.0
35.0,-110.33333333333334,0.0
34.333333333333336,-110.33333333333334,0.0
33.66666666666667,-110.33333333333334,0.0
33.0,-110.33333333333334,0.0
32.333333333333336,-110.33333333333334,0.0
31.666666666666664,-110.33333333333334,0.0
31.0,-110.33333333333334,0.0
49.0,-87.0,6.818181818181818
48.333333333333336,-87.0,6.887573964497041
47.66666666666667,-87.0,8.218934911242604
47.0,-87.0,11.046511627906977
46.333333333333336,-87.0,32.97701149425287
45.66666666666667,-87.0,23.467455621301774
45.0,-87.0,12.947976878612717
44.333333333333336,-87.0,4.630057803468208
43.66666666666667,-87.0,2.8850574712643677
43.0,-87.0,2.4142011834319526
42.333333333333336,-87.0,1.5057471264367817
41.66666666666667,-87.0,0.2556818181818182
41.0,-87.0,0.046242774566473986
40.333333333333336,-87.0,3.04
39.66666666666667,-87.0,2.0
38.333333333333336,-87.0,4.909090909090909
39.0,-87.0,2.0
37.66666666666667,-87.0,9.67231638418079
36.333333333333336,-87.0,21.894444444444446
37.0,-87.0,14.882022471910112
35.66666666666667,-87.0,64.353591160221
49.0,-114.33333333333334,20.2
35.0,-87.0,70.97777777777777
34.333333333333336,-87.0,69.56179775280899
48.333333333333336,-114.33333333333334,4.585798816568047
47.66666666666667,-114.33333333333334,2.1578947368421053
33.66666666666667,-87.0,63.23463687150838
47.0,-114.33333333333334,3.383720930232558
33.0,-87.0,54.543010752688176
32.333333333333336,-87.0,48.88461538461539
46.333333333333336,-114.33333333333334,4.412790697674419
45.66666666666667,-114.33333333333334,2.9585798816568047
31.666666666666664,-87.0,35.82608695652174
45.0,-114.33333333333334,5.848837209302325
30.333333333333332,-87.0,12.382513661202186
31.0,-87.0,24.55851063829787
44.333333333333336,-114.33333333333334,7.557471264367816
43.66666666666667,-114.33333333333334,3.818713450292398
29.666666666666664,-87.0,10.0
43.0,-114.33333333333334,0.3390804597701149
29.0,-87.0,10.0
42.333333333333336,-114.33333333333334,1.7413793103448276
41.66666666666667,-114.33333333333334,8.104046242774567
41.0,-114.33333333333334,10.248587570621469
40.333333333333336,-114.33333333333334,11.24
39.66666666666667,-114.33333333333334,12.657142857142857
39.0,-114.33333333333334,10.477272727272727
37.66666666666667,-114.33333333333334,4.1525423728813555
38.333333333333336,-114.33333333333334,7.1525423728813555
37.0,-114.33333333333334,0.7865168539325843
35.66666666666667,-114.33333333333334,0.0
36.333333333333336,-114.33333333333334,0.23756906077348067
35.0,-114.33333333333334,0.0
33.66666666666667,-114.33333333333334,0.0
34.333333333333336,-114.33333333333334,0.0
33.0,-114.33333333333334,0.0
32.333333333333336,-114.33333333333334,0.0
