Lat,Lng, QPF_201406070000
48.333333333333336,-91.0,0.022272727272727284
47.66666666666667,-91.0,0.028538011695906442
47.0,-91.0,0.019537572254335236
46.333333333333336,-91.0,0.06528409090909107
45.66666666666667,-91.0,0.06159509202453985
45.0,-91.0,0.03312499999999997
44.333333333333336,-91.0,0.022616279069767445
43.66666666666667,-91.0,0.015606936416184982
43.0,-91.0,0.012138728323699418
42.333333333333336,-91.0,5.172413793103448E-4
41.66666666666667,-91.0,0.0
41.0,-91.0,0.0
40.333333333333336,-91.0,0.0
39.66666666666667,-91.0,0.0
38.333333333333336,-91.0,0.0
39.0,-91.0,0.0
37.66666666666667,-91.0,5.232558139534883E-4
36.333333333333336,-91.0,0.2882222222222225
37.0,-91.0,0.03733333333333326
35.66666666666667,-91.0,0.42672222222222206
49.0,-118.33333333333334,0.0
35.0,-91.0,0.45435483870967774
34.333333333333336,-91.0,0.41533707865168606
48.333333333333336,-118.33333333333334,0.0
47.66666666666667,-118.33333333333334,0.0
33.66666666666667,-91.0,0.25068571428571446
47.0,-118.33333333333334,0.0
33.0,-91.0,0.1840860215053762
32.333333333333336,-91.0,0.11807692307692307
46.333333333333336,-118.33333333333334,0.0
45.66666666666667,-118.33333333333334,0.0
31.666666666666664,-91.0,0.0031746031746031746
45.0,-118.33333333333334,0.0
30.333333333333332,-91.0,0.0
31.0,-91.0,0.0
44.333333333333336,-118.33333333333334,0.0
43.66666666666667,-118.33333333333334,0.0
29.666666666666664,-91.0,0.0
43.0,-118.33333333333334,0.0
29.0,-91.0,0.0
28.333333333333332,-91.0,0.0
42.333333333333336,-118.33333333333334,0.0
41.66666666666667,-118.33333333333334,0.0
41.0,-118.33333333333334,0.0
40.333333333333336,-118.33333333333334,0.0
39.66666666666667,-118.33333333333334,0.0
39.0,-118.33333333333334,0.0
37.66666666666667,-118.33333333333334,5.58659217877095E-5
38.333333333333336,-118.33333333333334,0.0
37.0,-118.33333333333334,0.003333333333333335
35.66666666666667,-118.33333333333334,0.0
36.333333333333336,-118.33333333333334,0.001166666666666667
35.0,-118.33333333333334,0.0
33.66666666666667,-118.33333333333334,0.0
34.333333333333336,-118.33333333333334,0.0
33.0,-118.33333333333334,0.0
32.333333333333336,-118.33333333333334,0.0
47.0,-67.66666666666667,0.11547619047619055
46.333333333333336,-67.66666666666667,0.1104687500000001
45.66666666666667,-67.66666666666667,0.12300970873786395
45.0,-67.66666666666667,0.12503030303030307
44.333333333333336,-67.66666666666667,0.049812499999999996
43.66666666666667,-67.66666666666667,0.009999999999999998
49.66666666666667,-95.0,0.0
49.0,-95.0,0.0
48.333333333333336,-95.0,0.0
47.66666666666667,-95.0,0.0
47.0,-95.0,0.004829545454545455
46.333333333333336,-95.0,0.03812499999999998
45.66666666666667,-95.0,0.059999999999999956
45.0,-95.0,0.051079545454545384
44.333333333333336,-95.0,0.050121212121212025
43.66666666666667,-95.0,0.023238636363636364
43.0,-95.0,0.0037575757575757595
42.333333333333336,-95.0,0.0
41.66666666666667,-95.0,0.0
41.0,-95.0,0.0025454545454545465
40.333333333333336,-95.0,8.484848484848484E-4
39.66666666666667,-95.0,0.001575757575757576
38.333333333333336,-95.0,0.011454545454545462
39.0,-95.0,0.006909090909090914
37.66666666666667,-95.0,0.06187878787878783
36.333333333333336,-95.0,0.37720670391061445
37.0,-95.0,0.21515151515151515
35.66666666666667,-95.0,0.4113846153846153
49.0,-122.33333333333334,0.0
35.0,-95.0,0.4065641025641033
34.333333333333336,-95.0,0.28148717948717944
48.333333333333336,-122.33333333333334,0.0
47.66666666666667,-122.33333333333334,0.0
33.66666666666667,-95.0,0.04956043956043955
47.0,-122.33333333333334,0.0
33.0,-95.0,0.006256410256410261
32.333333333333336,-95.0,0.0
46.333333333333336,-122.33333333333334,0.0
45.66666666666667,-122.33333333333334,0.0
31.666666666666664,-95.0,0.0
45.0,-122.33333333333334,0.0
30.333333333333332,-95.0,0.0
31.0,-95.0,0.0
44.333333333333336,-122.33333333333334,0.0
43.66666666666667,-122.33333333333334,0.0
29.666666666666664,-95.0,0.0
43.0,-122.33333333333334,0.0
29.0,-95.0,0.0
28.333333333333332,-95.0,0.0
42.333333333333336,-122.33333333333334,0.0
41.66666666666667,-122.33333333333334,0.0
27.666666666666664,-95.0,0.0
41.0,-122.33333333333334,0.0
40.333333333333336,-122.33333333333334,0.0
39.66666666666667,-122.33333333333334,0.0
39.0,-122.33333333333334,0.0
37.66666666666667,-122.33333333333334,0.0
38.333333333333336,-122.33333333333334,0.0
37.0,-122.33333333333334,0.0
35.66666666666667,-122.33333333333334,0.0
36.333333333333336,-122.33333333333334,0.0
35.0,-122.33333333333334,0.0
45.0,-71.66666666666667,0.03231481481481479
44.333333333333336,-71.66666666666667,0.02372093023255813
43.66666666666667,-71.66666666666667,0.0
43.0,-71.66666666666667,0.0
42.333333333333336,-71.66666666666667,0.0
41.66666666666667,-71.66666666666667,0.0
41.0,-71.66666666666667,0.0
40.333333333333336,-71.66666666666667,0.0
49.0,-99.0,0.0
48.333333333333336,-99.0,0.0
47.66666666666667,-99.0,0.037953216374269
47.0,-99.0,0.08502890173410398
46.333333333333336,-99.0,0.06852272727272742
45.66666666666667,-99.0,0.07374233128834375
45.0,-99.0,0.11284090909090892
44.333333333333336,-99.0,0.21280701754385964
43.66666666666667,-99.0,0.21300578034682086
43.0,-99.0,0.13086206896551725
42.333333333333336,-99.0,0.05132183908045973
41.66666666666667,-99.0,0.03636871508379885
41.0,-99.0,0.025833333333333312
40.333333333333336,-99.0,0.01914772727272728
39.66666666666667,-99.0,0.01885714285714287
38.333333333333336,-99.0,0.0888950276243095
39.0,-99.0,0.057485714285714126
37.66666666666667,-99.0,0.1072674418604649
36.333333333333336,-99.0,0.11966666666666666
37.0,-99.0,0.1490000000000003
35.66666666666667,-99.0,0.06666666666666661
35.0,-99.0,0.014462365591397847
34.333333333333336,-99.0,0.0
48.333333333333336,-126.33333333333334,0.0
47.66666666666667,-126.33333333333334,0.0
33.66666666666667,-99.0,0.0
33.0,-99.0,0.0
32.333333333333336,-99.0,0.0
31.666666666666664,-99.0,0.0
30.333333333333332,-99.0,0.0
31.0,-99.0,0.0
29.666666666666664,-99.0,0.0
43.0,-126.33333333333334,0.0
29.0,-99.0,0.0
28.333333333333332,-99.0,0.0
42.333333333333336,-126.33333333333334,0.0
27.666666666666664,-99.0,0.0
26.333333333333332,-99.0,0.0
27.0,-99.0,0.0
45.0,-75.66666666666667,0.0
44.333333333333336,-75.66666666666667,0.0
43.66666666666667,-75.66666666666667,0.0
43.0,-75.66666666666667,0.0
42.333333333333336,-75.66666666666667,0.0
41.66666666666667,-75.66666666666667,0.0
41.0,-75.66666666666667,0.0
40.333333333333336,-75.66666666666667,0.0
39.66666666666667,-75.66666666666667,0.0
39.0,-75.66666666666667,0.0
38.333333333333336,-75.66666666666667,0.0
37.0,-75.66666666666667,0.0
37.66666666666667,-75.66666666666667,0.0
36.333333333333336,-75.66666666666667,0.0
35.0,-75.66666666666667,0.0
35.66666666666667,-75.66666666666667,0.0
49.0,-103.0,0.0
48.333333333333336,-103.0,0.0
47.66666666666667,-103.0,0.0037278106508875754
47.0,-103.0,0.03215116279069747
46.333333333333336,-103.0,0.05442528735632177
45.66666666666667,-103.0,0.03994082840236687
45.0,-103.0,0.03427745664739884
44.333333333333336,-103.0,0.03427745664739884
43.66666666666667,-103.0,0.03988505747126442
43.0,-103.0,0.06278106508875737
42.333333333333336,-103.0,0.13545977011494253
41.66666666666667,-103.0,0.21647727272727255
41.0,-103.0,0.2705780346820811
40.333333333333336,-103.0,0.2284571428571429
39.66666666666667,-103.0,0.22062146892655357
38.333333333333336,-103.0,0.15869318181818182
39.0,-103.0,0.18361581920903972
37.66666666666667,-103.0,0.09621468926553672
36.333333333333336,-103.0,0.17350000000000007
37.0,-103.0,0.14747191011235952
35.66666666666667,-103.0,0.17950276243093932
35.0,-103.0,0.14355555555555574
34.333333333333336,-103.0,0.07460674157303358
33.66666666666667,-103.0,0.017486033519553062
33.0,-103.0,0.019677419354838625
32.333333333333336,-103.0,0.012912087912087915
31.666666666666664,-103.0,0.006195652173913047
30.333333333333332,-103.0,0.014480874316939892
31.0,-103.0,0.009787234042553198
29.666666666666664,-103.0,8.092485549132948E-4
29.0,-103.0,0.0
45.0,-79.66666666666667,0.0
44.333333333333336,-79.66666666666667,0.0
43.66666666666667,-79.66666666666667,0.0
43.0,-79.66666666666667,0.0
42.333333333333336,-79.66666666666667,0.0
41.66666666666667,-79.66666666666667,0.0
41.0,-79.66666666666667,0.0
40.333333333333336,-79.66666666666667,0.0
39.0,-79.66666666666667,0.0
39.66666666666667,-79.66666666666667,0.0
38.333333333333336,-79.66666666666667,0.0
37.0,-79.66666666666667,0.0
37.66666666666667,-79.66666666666667,0.0
36.333333333333336,-79.66666666666667,0.0
35.0,-79.66666666666667,0.004500000000000001
35.66666666666667,-79.66666666666667,0.0
49.0,-107.0,0.010000000000000007
48.333333333333336,-107.0,0.003742690058479534
34.333333333333336,-79.66666666666667,0.12116666666666652
47.66666666666667,-107.0,0.009883720930232565
33.66666666666667,-79.66666666666667,0.19538461538461527
33.0,-79.66666666666667,0.023224043715847
47.0,-107.0,0.012058823529411766
46.333333333333336,-107.0,0.024651162790697644
32.333333333333336,-79.66666666666667,0.0
45.66666666666667,-107.0,0.035555555555555625
31.666666666666664,-79.66666666666667,0.012
45.0,-107.0,0.03697674418604662
44.333333333333336,-107.0,0.05197674418604656
43.66666666666667,-107.0,0.013218390804597692
29.0,-79.66666666666667,0.0
29.666666666666664,-79.66666666666667,0.0
43.0,-107.0,0.00895348837209303
42.333333333333336,-107.0,0.0040116279069767466
28.333333333333332,-79.66666666666667,0.0
41.66666666666667,-107.0,0.0
27.666666666666664,-79.66666666666667,0.0
27.0,-79.66666666666667,0.0
41.0,-107.0,7.514450867052022E-4
40.333333333333336,-107.0,0.00787356321839081
26.333333333333332,-79.66666666666667,0.0
39.66666666666667,-107.0,0.016779661016949148
25.666666666666664,-79.66666666666667,0.0
25.0,-79.66666666666667,0.0025683060109289633
38.333333333333336,-107.0,0.010000000000000007
39.0,-107.0,0.00954285714285715
24.333333333333332,-79.66666666666667,0.009552238805970155
37.66666666666667,-107.0,0.012359550561797761
36.333333333333336,-107.0,0.0
37.0,-107.0,0.0
35.66666666666667,-107.0,0.0
34.333333333333336,-107.0,0.0
35.0,-107.0,0.0
33.66666666666667,-107.0,0.0
33.0,-107.0,0.0
32.333333333333336,-107.0,0.0
31.666666666666664,-107.0,0.0
46.333333333333336,-83.66666666666667,0.0
45.66666666666667,-83.66666666666667,0.0
45.0,-83.66666666666667,0.0
44.333333333333336,-83.66666666666667,0.0
43.66666666666667,-83.66666666666667,0.0
43.0,-83.66666666666667,0.0
42.333333333333336,-83.66666666666667,0.0
41.66666666666667,-83.66666666666667,0.0
41.0,-83.66666666666667,0.0
40.333333333333336,-83.66666666666667,0.0
39.0,-83.66666666666667,0.0
39.66666666666667,-83.66666666666667,0.0
38.333333333333336,-83.66666666666667,0.0
37.0,-83.66666666666667,0.0
37.66666666666667,-83.66666666666667,0.0
36.333333333333336,-83.66666666666667,0.00726256983240224
35.0,-83.66666666666667,0.10446927374301664
35.66666666666667,-83.66666666666667,0.023519553072625564
49.0,-111.0,0.0
48.333333333333336,-111.0,0.0
34.333333333333336,-83.66666666666667,0.2219021739130436
47.66666666666667,-111.0,0.0014117647058823533
33.66666666666667,-83.66666666666667,0.24061111111111097
33.0,-83.66666666666667,0.19989010989010983
47.0,-111.0,0.02267441860465112
46.333333333333336,-111.0,0.03482558139534884
32.333333333333336,-83.66666666666667,0.08994505494505489
45.66666666666667,-111.0,0.03918128654970757
31.0,-83.66666666666667,0.09381720430107511
31.666666666666664,-83.66666666666667,0.13043243243243238
45.0,-111.0,0.04813953488372087
44.333333333333336,-111.0,0.019942196531791887
30.333333333333332,-83.66666666666667,0.03994594594594594
43.66666666666667,-111.0,5.8139534883720933E-5
29.0,-83.66666666666667,0.0
29.666666666666664,-83.66666666666667,0.0017297297297297304
43.0,-111.0,0.0
42.333333333333336,-111.0,0.0
28.333333333333332,-83.66666666666667,0.0
41.66666666666667,-111.0,0.0034285714285714306
27.0,-83.66666666666667,0.0
27.666666666666664,-83.66666666666667,0.0
41.0,-111.0,0.009485714285714292
40.333333333333336,-111.0,0.01557471264367817
39.66666666666667,-111.0,0.004914285714285717
38.333333333333336,-111.0,0.004325842696629215
39.0,-111.0,0.0022159090909090917
37.66666666666667,-111.0,0.00567415730337079
36.333333333333336,-111.0,0.0
37.0,-111.0,7.865168539325844E-4
35.66666666666667,-111.0,0.0
34.333333333333336,-111.0,0.0
35.0,-111.0,0.0
33.66666666666667,-111.0,0.0
33.0,-111.0,0.0
32.333333333333336,-111.0,0.0
31.666666666666664,-111.0,0.0
31.0,-111.0,0.0
49.0,-87.66666666666667,0.0
48.333333333333336,-87.66666666666667,0.0
47.66666666666667,-87.66666666666667,0.0
47.0,-87.66666666666667,0.01288235294117647
46.333333333333336,-87.66666666666667,0.10440476190476192
45.66666666666667,-87.66666666666667,0.09248554913294785
45.0,-87.66666666666667,0.025606936416184955
44.333333333333336,-87.66666666666667,0.00582352941176471
43.66666666666667,-87.66666666666667,1.1494252873563218E-4
43.0,-87.66666666666667,0.0
42.333333333333336,-87.66666666666667,0.0
41.66666666666667,-87.66666666666667,0.0
41.0,-87.66666666666667,0.0
40.333333333333336,-87.66666666666667,0.0
39.0,-87.66666666666667,0.0
39.66666666666667,-87.66666666666667,0.0
38.333333333333336,-87.66666666666667,0.0
37.0,-87.66666666666667,0.0
37.66666666666667,-87.66666666666667,0.0
36.333333333333336,-87.66666666666667,0.14314606741573047
35.0,-87.66666666666667,0.5158192090395495
35.66666666666667,-87.66666666666667,0.6427932960893876
49.0,-115.0,5.747126436781609E-4
48.333333333333336,-115.0,0.0
34.333333333333336,-87.66666666666667,0.27453038674033114
47.66666666666667,-115.0,0.0
33.66666666666667,-87.66666666666667,0.1894623655913979
33.0,-87.66666666666667,0.1337569060773482
47.0,-115.0,0.0
46.333333333333336,-115.0,0.0
32.333333333333336,-87.66666666666667,0.1092817679558011
45.66666666666667,-115.0,0.0
31.0,-87.66666666666667,0.04945054945054946
31.666666666666664,-87.66666666666667,0.10370967741935462
45.0,-115.0,0.0
44.333333333333336,-115.0,0.0
30.333333333333332,-87.66666666666667,0.002270270270270271
43.66666666666667,-115.0,0.0
29.0,-87.66666666666667,0.0
29.666666666666664,-87.66666666666667,0.0
43.0,-115.0,0.0
42.333333333333336,-115.0,0.0
41.66666666666667,-115.0,0.0
41.0,-115.0,0.0
40.333333333333336,-115.0,0.0
39.66666666666667,-115.0,0.0
38.333333333333336,-115.0,3.3898305084745765E-4
39.0,-115.0,0.0
37.66666666666667,-115.0,5.649717514124294E-5
36.333333333333336,-115.0,0.0
37.0,-115.0,0.0
35.66666666666667,-115.0,0.0
34.333333333333336,-115.0,0.0
35.0,-115.0,0.0
33.66666666666667,-115.0,0.0
33.0,-115.0,0.0
32.333333333333336,-115.0,0.0
48.333333333333336,-91.66666666666667,0.03619047619047622
47.66666666666667,-91.66666666666667,0.03590062111801251
47.0,-91.66666666666667,0.038285714285714284
46.333333333333336,-91.66666666666667,0.061744186046511614
45.66666666666667,-91.66666666666667,0.05250000000000003
45.0,-91.66666666666667,0.027515151515151492
44.333333333333336,-91.66666666666667,0.01866666666666665
43.66666666666667,-91.66666666666667,0.01533333333333334
43.0,-91.66666666666667,0.010505617977528098
42.333333333333336,-91.66666666666667,1.7045454545454544E-4
41.66666666666667,-91.66666666666667,0.0
41.0,-91.66666666666667,0.0
40.333333333333336,-91.66666666666667,0.0
39.0,-91.66666666666667,0.0
39.66666666666667,-91.66666666666667,0.0
38.333333333333336,-91.66666666666667,0.0
37.0,-91.66666666666667,0.04955056179775271
37.66666666666667,-91.66666666666667,0.005722222222222226
36.333333333333336,-91.66666666666667,0.08443181818181814
35.0,-91.66666666666667,0.24761111111111103
35.66666666666667,-91.66666666666667,0.15217142857142865
49.0,-119.0,0.0
48.333333333333336,-119.0,0.0
34.333333333333336,-91.66666666666667,0.34068783068783154
47.66666666666667,-119.0,0.0
33.66666666666667,-91.66666666666667,0.24788888888888883
33.0,-91.66666666666667,0.1972777777777776
47.0,-119.0,0.0
46.333333333333336,-119.0,0.0
32.333333333333336,-91.66666666666667,0.10113513513513497
45.66666666666667,-119.0,0.0
31.0,-91.66666666666667,0.0
31.666666666666664,-91.66666666666667,0.0013333333333333333
45.0,-119.0,0.0
44.333333333333336,-119.0,0.0
30.333333333333332,-91.66666666666667,0.0
43.66666666666667,-119.0,0.0
29.0,-91.66666666666667,0.0
29.666666666666664,-91.66666666666667,0.0
43.0,-119.0,0.0
42.333333333333336,-119.0,0.0
28.333333333333332,-91.66666666666667,0.0
41.66666666666667,-119.0,0.0
41.0,-119.0,0.0
40.333333333333336,-119.0,0.0
39.66666666666667,-119.0,0.0
39.0,-119.0,0.0
38.333333333333336,-119.0,0.0
37.66666666666667,-119.0,0.004662921348314609
36.333333333333336,-119.0,0.0
37.0,-119.0,5.681818181818182E-4
35.66666666666667,-119.0,0.0
34.333333333333336,-119.0,0.0
35.0,-119.0,0.0
33.66666666666667,-119.0,0.0
33.0,-119.0,0.0
47.66666666666667,-68.33333333333334,0.09000000000000001
47.0,-68.33333333333334,0.10390243902439009
46.333333333333336,-68.33333333333334,0.0976331360946744
45.66666666666667,-68.33333333333334,0.08900584795321628
45.0,-68.33333333333334,0.06695906432748534
44.333333333333336,-68.33333333333334,0.029827586206896538
43.66666666666667,-68.33333333333334,0.009454545454545459
49.0,-95.66666666666667,0.0
48.333333333333336,-95.66666666666667,0.0033950617283950634
47.66666666666667,-95.66666666666667,0.005113636363636367
47.0,-95.66666666666667,3.9772727272727274E-4
46.333333333333336,-95.66666666666667,0.007159090909090913
45.66666666666667,-95.66666666666667,0.05272727272727262
45.0,-95.66666666666667,0.055227272727272674
44.333333333333336,-95.66666666666667,0.06812121212121218
43.66666666666667,-95.66666666666667,0.024602272727272743
43.0,-95.66666666666667,0.0021818181818181828
42.333333333333336,-95.66666666666667,0.0
41.66666666666667,-95.66666666666667,0.0
41.0,-95.66666666666667,0.004055555555555558
40.333333333333336,-95.66666666666667,0.006944444444444449
39.0,-95.66666666666667,0.0
39.66666666666667,-95.66666666666667,0.0011111111111111113
38.333333333333336,-95.66666666666667,0.02727777777777771
37.0,-95.66666666666667,0.23283333333333275
37.66666666666667,-95.66666666666667,0.11516666666666633
36.333333333333336,-95.66666666666667,0.369281767955801
35.0,-95.66666666666667,0.356111111111111
35.66666666666667,-95.66666666666667,0.3938333333333331
49.0,-123.0,0.0
48.333333333333336,-123.0,0.0
34.333333333333336,-95.66666666666667,0.2601666666666666
47.66666666666667,-123.0,0.0
33.66666666666667,-95.66666666666667,0.09208333333333336
33.0,-95.66666666666667,0.005888888888888891
47.0,-123.0,0.0
46.333333333333336,-123.0,0.0
32.333333333333336,-95.66666666666667,0.0
45.66666666666667,-123.0,0.0
31.0,-95.66666666666667,0.0
31.666666666666664,-95.66666666666667,0.0
45.0,-123.0,0.0
44.333333333333336,-123.0,0.0
30.333333333333332,-95.66666666666667,0.0
43.66666666666667,-123.0,0.0
29.666666666666664,-95.66666666666667,0.0
29.0,-95.66666666666667,0.0
43.0,-123.0,0.0
42.333333333333336,-123.0,0.0
28.333333333333332,-95.66666666666667,0.0
41.66666666666667,-123.0,0.0
27.666666666666664,-95.66666666666667,0.0
41.0,-123.0,0.0
40.333333333333336,-123.0,0.0
39.66666666666667,-123.0,0.0
39.0,-123.0,0.0
38.333333333333336,-123.0,0.0
37.66666666666667,-123.0,0.0
36.333333333333336,-123.0,0.0
37.0,-123.0,0.0
35.66666666666667,-123.0,0.0
45.0,-72.33333333333334,0.01777777777777779
44.333333333333336,-72.33333333333334,0.002616279069767443
43.66666666666667,-72.33333333333334,0.0
43.0,-72.33333333333334,0.0
42.333333333333336,-72.33333333333334,0.0
41.66666666666667,-72.33333333333334,0.0
41.0,-72.33333333333334,0.0
40.333333333333336,-72.33333333333334,0.0
49.0,-99.66666666666667,0.0
48.333333333333336,-99.66666666666667,0.0
47.66666666666667,-99.66666666666667,0.022670454545454508
47.0,-99.66666666666667,0.07868263473053902
46.333333333333336,-99.66666666666667,0.0776923076923078
45.66666666666667,-99.66666666666667,0.08398843930635841
45.0,-99.66666666666667,0.15670520231213877
44.333333333333336,-99.66666666666667,0.29608187134502895
43.66666666666667,-99.66666666666667,0.31622857142857164
43.0,-99.66666666666667,0.2822543352601156
42.333333333333336,-99.66666666666667,0.16936046511627917
41.66666666666667,-99.66666666666667,0.09028735632183911
41.0,-99.66666666666667,0.0640331491712707
40.333333333333336,-99.66666666666667,0.03639053254437868
39.0,-99.66666666666667,0.044651162790697516
39.66666666666667,-99.66666666666667,0.020393258426966276
38.333333333333336,-99.66666666666667,0.060500000000000005
37.0,-99.66666666666667,0.14444444444444454
37.66666666666667,-99.66666666666667,0.09130681818181823
36.333333333333336,-99.66666666666667,0.11494444444444421
35.0,-99.66666666666667,0.010112359550561806
35.66666666666667,-99.66666666666667,0.06820224719101124
34.333333333333336,-99.66666666666667,0.0
33.66666666666667,-99.66666666666667,0.0
33.0,-99.66666666666667,0.0
32.333333333333336,-99.66666666666667,0.0
31.0,-99.66666666666667,0.0
31.666666666666664,-99.66666666666667,0.0
30.333333333333332,-99.66666666666667,0.0
29.0,-99.66666666666667,0.0
29.666666666666664,-99.66666666666667,0.0
28.333333333333332,-99.66666666666667,0.0
27.0,-99.66666666666667,0.0
27.666666666666664,-99.66666666666667,0.0
44.333333333333336,-76.33333333333334,0.0
43.66666666666667,-76.33333333333334,0.0
43.0,-76.33333333333334,0.0
42.333333333333336,-76.33333333333334,0.0
41.66666666666667,-76.33333333333334,0.0
41.0,-76.33333333333334,0.0
40.333333333333336,-76.33333333333334,0.0
39.66666666666667,-76.33333333333334,0.0
39.0,-76.33333333333334,0.0
37.66666666666667,-76.33333333333334,0.0
38.333333333333336,-76.33333333333334,0.0
37.0,-76.33333333333334,0.0
35.66666666666667,-76.33333333333334,0.0
36.333333333333336,-76.33333333333334,0.0
49.0,-103.66666666666667,0.0
35.0,-76.33333333333334,0.0
48.333333333333336,-103.66666666666667,0.0
34.333333333333336,-76.33333333333334,0.0025333333333333336
47.66666666666667,-103.66666666666667,0.004912280701754389
47.0,-103.66666666666667,0.031235294117646865
46.333333333333336,-103.66666666666667,0.05594117647058824
45.66666666666667,-103.66666666666667,0.03816091954022982
45.0,-103.66666666666667,0.03282352941176466
44.333333333333336,-103.66666666666667,0.04274285714285711
43.66666666666667,-103.66666666666667,0.019882352941176445
43.0,-103.66666666666667,0.022342857142857074
42.333333333333336,-103.66666666666667,0.04676136363636356
41.66666666666667,-103.66666666666667,0.11994152046783627
41.0,-103.66666666666667,0.23794285714285715
40.333333333333336,-103.66666666666667,0.1704571428571429
39.0,-103.66666666666667,0.2159887005649716
39.66666666666667,-103.66666666666667,0.10750000000000003
38.333333333333336,-103.66666666666667,0.16306818181818178
37.0,-103.66666666666667,0.1149162011173184
37.66666666666667,-103.66666666666667,0.046892655367231605
36.333333333333336,-103.66666666666667,0.13798882681564237
35.0,-103.66666666666667,0.1224861878453038
35.66666666666667,-103.66666666666667,0.1315555555555556
34.333333333333336,-103.66666666666667,0.0922651933701655
33.66666666666667,-103.66666666666667,0.029666666666666588
33.0,-103.66666666666667,0.03320441988950274
32.333333333333336,-103.66666666666667,0.03453551912568308
31.0,-103.66666666666667,0.058478260869565216
31.666666666666664,-103.66666666666667,0.035604395604395656
30.333333333333332,-103.66666666666667,0.05209677419354839
29.0,-103.66666666666667,0.0
29.666666666666664,-103.66666666666667,0.0028108108108108117
46.333333333333336,-80.33333333333334,0.0
45.66666666666667,-80.33333333333334,0.0
45.0,-80.33333333333334,0.0
44.333333333333336,-80.33333333333334,0.0
43.0,-80.33333333333334,0.0
42.333333333333336,-80.33333333333334,0.0
41.66666666666667,-80.33333333333334,0.0
41.0,-80.33333333333334,0.0
40.333333333333336,-80.33333333333334,0.0
39.66666666666667,-80.33333333333334,0.0
39.0,-80.33333333333334,0.0
37.66666666666667,-80.33333333333334,0.0
38.333333333333336,-80.33333333333334,0.0
37.0,-80.33333333333334,0.0
35.66666666666667,-80.33333333333334,0.0
36.333333333333336,-80.33333333333334,0.0
49.0,-107.66666666666667,0.008314606741573038
35.0,-80.33333333333334,0.008453038674033155
48.333333333333336,-107.66666666666667,0.009585798816568054
34.333333333333336,-80.33333333333334,0.053131868131867974
33.66666666666667,-80.33333333333334,0.09519553072625683
47.66666666666667,-107.66666666666667,0.010000000000000007
47.0,-107.66666666666667,0.010764705882352949
33.0,-80.33333333333334,0.0322702702702702
46.333333333333336,-107.66666666666667,0.021520467836257322
32.333333333333336,-80.33333333333334,0.043292682926829196
31.666666666666664,-80.33333333333334,0.031851851851851826
45.66666666666667,-107.66666666666667,0.03335260115606942
45.0,-107.66666666666667,0.040000000000000084
31.0,-80.33333333333334,0.03336538461538458
44.333333333333336,-107.66666666666667,0.013197674418604654
29.666666666666664,-80.33333333333334,0.01724999999999998
30.333333333333332,-80.33333333333334,0.028192771084337348
43.66666666666667,-107.66666666666667,0.002011494252873564
43.0,-107.66666666666667,0.0016860465116279074
29.0,-80.33333333333334,0.0
42.333333333333336,-107.66666666666667,0.006079545454545459
28.333333333333332,-80.33333333333334,0.0
27.666666666666664,-80.33333333333334,8.51063829787234E-4
41.66666666666667,-107.66666666666667,0.0
41.0,-107.66666666666667,0.0
27.0,-80.33333333333334,0.007591623036649219
40.333333333333336,-107.66666666666667,0.0012500000000000002
25.666666666666664,-80.33333333333334,0.0038743455497382215
26.333333333333332,-80.33333333333334,0.011354166666666674
39.0,-107.66666666666667,0.006123595505617981
39.66666666666667,-107.66666666666667,0.004742857142857146
25.0,-80.33333333333334,0.00865284974093265
38.333333333333336,-107.66666666666667,9.826589595375724E-4
23.666666666666664,-80.33333333333334,0.010000000000000002
24.333333333333332,-80.33333333333334,0.010000000000000007
37.0,-107.66666666666667,0.0
37.66666666666667,-107.66666666666667,8.93854748603352E-4
36.333333333333336,-107.66666666666667,0.0
35.0,-107.66666666666667,0.0
35.66666666666667,-107.66666666666667,0.0
34.333333333333336,-107.66666666666667,0.0
33.66666666666667,-107.66666666666667,0.0
33.0,-107.66666666666667,0.0
32.333333333333336,-107.66666666666667,0.0
31.666666666666664,-107.66666666666667,0.0
47.0,-84.33333333333334,0.0
46.333333333333336,-84.33333333333334,0.0
45.66666666666667,-84.33333333333334,0.0
45.0,-84.33333333333334,0.0
44.333333333333336,-84.33333333333334,0.0
43.66666666666667,-84.33333333333334,0.0
43.0,-84.33333333333334,0.0
42.333333333333336,-84.33333333333334,0.0
41.66666666666667,-84.33333333333334,0.0
41.0,-84.33333333333334,0.0
40.333333333333336,-84.33333333333334,0.0
39.66666666666667,-84.33333333333334,0.0
39.0,-84.33333333333334,0.0
37.66666666666667,-84.33333333333334,0.0
38.333333333333336,-84.33333333333334,0.0
37.0,-84.33333333333334,5.617977528089888E-5
35.66666666666667,-84.33333333333334,0.014469273743016696
36.333333333333336,-84.33333333333334,0.009494382022471918
49.0,-111.66666666666667,0.0
35.0,-84.33333333333334,0.14837988826815615
48.333333333333336,-111.66666666666667,0.0
34.333333333333336,-84.33333333333334,0.28283333333333316
33.66666666666667,-84.33333333333334,0.2541530054644811
47.66666666666667,-111.66666666666667,0.0
47.0,-111.66666666666667,0.011453488372093033
33.0,-84.33333333333334,0.18248648648648647
46.333333333333336,-111.66666666666667,0.02309941520467835
32.333333333333336,-84.33333333333334,0.10686813186813177
31.666666666666664,-84.33333333333334,0.139344262295082
45.66666666666667,-111.66666666666667,0.024561403508771906
45.0,-111.66666666666667,0.02436046511627905
31.0,-84.33333333333334,0.09136612021857911
44.333333333333336,-111.66666666666667,0.012906976744186055
29.666666666666664,-84.33333333333334,1.0638297872340425E-4
30.333333333333332,-84.33333333333334,0.031189189189189198
43.66666666666667,-111.66666666666667,0.0
43.0,-111.66666666666667,0.0
29.0,-84.33333333333334,0.0
42.333333333333336,-111.66666666666667,0.0
41.66666666666667,-111.66666666666667,0.008678160919540236
41.0,-111.66666666666667,0.005314285714285718
40.333333333333336,-111.66666666666667,0.006342857142857146
39.0,-111.66666666666667,0.006590909090909095
39.66666666666667,-111.66666666666667,0.003502824858757064
38.333333333333336,-111.66666666666667,0.017556818181818163
37.0,-111.66666666666667,3.370786516853933E-4
37.66666666666667,-111.66666666666667,0.01853107344632766
36.333333333333336,-111.66666666666667,0.0
35.0,-111.66666666666667,0.0
35.66666666666667,-111.66666666666667,0.0
34.333333333333336,-111.66666666666667,0.0
33.66666666666667,-111.66666666666667,0.0
33.0,-111.66666666666667,0.0
32.333333333333336,-111.66666666666667,0.0
31.666666666666664,-111.66666666666667,0.0
49.0,-88.33333333333334,0.0171875
48.333333333333336,-88.33333333333334,0.0
47.66666666666667,-88.33333333333334,0.0
47.0,-88.33333333333334,0.002397660818713451
46.333333333333336,-88.33333333333334,0.04664739884393058
45.66666666666667,-88.33333333333334,0.052982456140350825
45.0,-88.33333333333334,0.031052631578947318
44.333333333333336,-88.33333333333334,0.015085714285714289
43.66666666666667,-88.33333333333334,0.0020710059171597643
43.0,-88.33333333333334,0.0
42.333333333333336,-88.33333333333334,0.0
41.66666666666667,-88.33333333333334,0.0
41.0,-88.33333333333334,0.0
39.66666666666667,-88.33333333333334,0.0
40.333333333333336,-88.33333333333334,0.0
39.0,-88.33333333333334,0.0
37.66666666666667,-88.33333333333334,0.0
38.333333333333336,-88.33333333333334,0.0
37.0,-88.33333333333334,2.2598870056497175E-4
35.66666666666667,-88.33333333333334,0.37187845303867434
36.333333333333336,-88.33333333333334,0.0735028248587571
49.0,-115.66666666666667,0.0
35.0,-88.33333333333334,0.5699447513812155
48.333333333333336,-115.66666666666667,0.0
34.333333333333336,-88.33333333333334,0.5377049180327851
33.66666666666667,-88.33333333333334,0.2770165745856355
47.66666666666667,-115.66666666666667,0.0
47.0,-115.66666666666667,0.0
33.0,-88.33333333333334,0.12550561797752802
46.333333333333336,-115.66666666666667,0.0
32.333333333333336,-88.33333333333334,0.12193548387096775
31.666666666666664,-88.33333333333334,0.09659459459459437
45.66666666666667,-115.66666666666667,0.0
45.0,-115.66666666666667,0.0
31.0,-88.33333333333334,0.04220994475138121
44.333333333333336,-115.66666666666667,0.0
29.666666666666664,-88.33333333333334,0.0
30.333333333333332,-88.33333333333334,0.0017460317460317465
43.66666666666667,-115.66666666666667,0.0
43.0,-115.66666666666667,0.0
29.0,-88.33333333333334,0.0
42.333333333333336,-115.66666666666667,0.0
28.333333333333332,-88.33333333333334,0.0
41.66666666666667,-115.66666666666667,0.0
41.0,-115.66666666666667,0.0
40.333333333333336,-115.66666666666667,0.0
39.66666666666667,-115.66666666666667,0.0
39.0,-115.66666666666667,0.0
38.333333333333336,-115.66666666666667,0.0
37.0,-115.66666666666667,0.0
37.66666666666667,-115.66666666666667,0.0
36.333333333333336,-115.66666666666667,0.0
35.0,-115.66666666666667,0.0
35.66666666666667,-115.66666666666667,0.0
34.333333333333336,-115.66666666666667,0.0
33.66666666666667,-115.66666666666667,0.0
33.0,-115.66666666666667,0.0
32.333333333333336,-115.66666666666667,0.0
48.333333333333336,-92.33333333333334,0.04291666666666663
47.66666666666667,-92.33333333333334,0.03693181818181828
47.0,-92.33333333333334,0.057278106508875604
46.333333333333336,-92.33333333333334,0.06836363636363647
45.66666666666667,-92.33333333333334,0.05289772727272732
45.0,-92.33333333333334,0.013905325443786991
44.333333333333336,-92.33333333333334,0.011404494382022476
43.66666666666667,-92.33333333333334,0.01023952095808384
43.0,-92.33333333333334,0.007528735632183914
42.333333333333336,-92.33333333333334,0.0
41.66666666666667,-92.33333333333334,0.0
41.0,-92.33333333333334,0.0
39.66666666666667,-92.33333333333334,0.0
40.333333333333336,-92.33333333333334,0.0
39.0,-92.33333333333334,0.0
37.66666666666667,-92.33333333333334,0.013333333333333293
38.333333333333336,-92.33333333333334,0.0010404624277456649
37.0,-92.33333333333334,0.06444444444444437
35.66666666666667,-92.33333333333334,0.1635195530726255
36.333333333333336,-92.33333333333334,0.10566666666666674
49.0,-119.66666666666667,0.0
35.0,-92.33333333333334,0.2637790697674419
48.333333333333336,-119.66666666666667,0.0
34.333333333333336,-92.33333333333334,0.3402732240437168
33.66666666666667,-92.33333333333334,0.20588235294117646
47.66666666666667,-119.66666666666667,0.0
47.0,-119.66666666666667,0.0
33.0,-92.33333333333334,0.04016666666666663
46.333333333333336,-119.66666666666667,0.0
32.333333333333336,-92.33333333333334,0.005340909090909094
31.666666666666664,-92.33333333333334,0.0
45.66666666666667,-119.66666666666667,0.0
45.0,-119.66666666666667,0.0
31.0,-92.33333333333334,0.0
44.333333333333336,-119.66666666666667,0.0
29.666666666666664,-92.33333333333334,0.0
30.333333333333332,-92.33333333333334,0.0
43.66666666666667,-119.66666666666667,0.0
43.0,-119.66666666666667,0.0
29.0,-92.33333333333334,0.0
42.333333333333336,-119.66666666666667,0.0
28.333333333333332,-92.33333333333334,0.0
41.66666666666667,-119.66666666666667,0.0
41.0,-119.66666666666667,0.0
40.333333333333336,-119.66666666666667,0.0
39.66666666666667,-119.66666666666667,0.0
39.0,-119.66666666666667,0.0
38.333333333333336,-119.66666666666667,0.0021910112359550564
37.0,-119.66666666666667,0.0
37.66666666666667,-119.66666666666667,0.0017613636363636366
36.333333333333336,-119.66666666666667,0.0
35.0,-119.66666666666667,0.0
35.66666666666667,-119.66666666666667,0.0
34.333333333333336,-119.66666666666667,0.0
33.0,-119.66666666666667,0.0
33.66666666666667,-119.66666666666667,0.0
47.66666666666667,-69.0,0.03125
47.0,-69.0,0.04245161290322578
46.333333333333336,-69.0,0.03786127167630056
45.66666666666667,-69.0,0.03678362573099412
45.0,-69.0,0.023918128654970765
44.333333333333336,-69.0,0.03976744186046511
43.66666666666667,-69.0,0.001391304347826087
49.0,-96.33333333333334,0.0
48.333333333333336,-96.33333333333334,0.01132183908045978
47.66666666666667,-96.33333333333334,0.01874999999999998
47.0,-96.33333333333334,0.013233532934131745
46.333333333333336,-96.33333333333334,0.007398843930635843
45.66666666666667,-96.33333333333334,0.04523809523809513
45.0,-96.33333333333334,0.05710227272727273
44.333333333333336,-96.33333333333334,0.07969696969696968
43.66666666666667,-96.33333333333334,0.02538888888888888
43.0,-96.33333333333334,5.0E-4
42.333333333333336,-96.33333333333334,0.0
41.66666666666667,-96.33333333333334,0.0
41.0,-96.33333333333334,0.005151515151515154
39.66666666666667,-96.33333333333334,0.0
40.333333333333336,-96.33333333333334,0.010000000000000007
39.0,-96.33333333333334,0.00288888888888889
37.66666666666667,-96.33333333333334,0.12049999999999969
38.333333333333336,-96.33333333333334,0.06788888888888854
37.0,-96.33333333333334,0.2146666666666669
35.66666666666667,-96.33333333333334,0.296111111111111
36.333333333333336,-96.33333333333334,0.29538888888888937
35.0,-96.33333333333334,0.09633333333333341
48.333333333333336,-123.66666666666667,0.0
34.333333333333336,-96.33333333333334,0.0976111111111109
33.66666666666667,-96.33333333333334,0.0613095238095238
47.66666666666667,-123.66666666666667,0.0
47.0,-123.66666666666667,0.0
33.0,-96.33333333333334,0.0034444444444444457
46.333333333333336,-123.66666666666667,0.0
32.333333333333336,-96.33333333333334,0.0
31.666666666666664,-96.33333333333334,0.0
45.66666666666667,-123.66666666666667,0.0
45.0,-123.66666666666667,0.0
31.0,-96.33333333333334,0.0
44.333333333333336,-123.66666666666667,0.0
29.666666666666664,-96.33333333333334,0.0
30.333333333333332,-96.33333333333334,0.0
43.66666666666667,-123.66666666666667,0.0
43.0,-123.66666666666667,0.0
29.0,-96.33333333333334,0.0
42.333333333333336,-123.66666666666667,0.0
27.666666666666664,-96.33333333333334,0.0
28.333333333333332,-96.33333333333334,0.0
41.66666666666667,-123.66666666666667,0.0
41.0,-123.66666666666667,0.0
27.0,-96.33333333333334,0.0
40.333333333333336,-123.66666666666667,0.0
26.333333333333332,-96.33333333333334,0.0
25.666666666666664,-96.33333333333334,0.0
39.66666666666667,-123.66666666666667,0.0
39.0,-123.66666666666667,0.0
38.333333333333336,-123.66666666666667,0.0
37.0,-123.66666666666667,0.0
37.66666666666667,-123.66666666666667,0.0
36.333333333333336,-123.66666666666667,0.0
45.0,-73.0,0.0018750000000000001
44.333333333333336,-73.0,0.0
43.66666666666667,-73.0,0.0
43.0,-73.0,0.0
42.333333333333336,-73.0,0.0
41.66666666666667,-73.0,0.0
41.0,-73.0,0.0
40.333333333333336,-73.0,0.0
49.0,-100.33333333333334,0.0
48.333333333333336,-100.33333333333334,0.0
47.66666666666667,-100.33333333333334,0.007844311377245514
47.0,-100.33333333333334,0.06270588235294122
46.333333333333336,-100.33333333333334,0.07653409090909101
45.66666666666667,-100.33333333333334,0.08596491228070177
45.0,-100.33333333333334,0.15676470588235294
44.333333333333336,-100.33333333333334,0.281306818181818
43.66666666666667,-100.33333333333334,0.39052631578947394
43.0,-100.33333333333334,0.4228654970760234
42.333333333333336,-100.33333333333334,0.2750000000000001
41.66666666666667,-100.33333333333334,0.1892982456140351
41.0,-100.33333333333334,0.13754385964912286
39.66666666666667,-100.33333333333334,0.03520231213872828
40.333333333333336,-100.33333333333334,0.07270718232044202
39.0,-100.33333333333334,0.021602209944751306
37.66666666666667,-100.33333333333334,0.07662857142857159
38.333333333333336,-100.33333333333334,0.06045714285714285
37.0,-100.33333333333334,0.147709497206704
35.66666666666667,-100.33333333333334,0.17770949720670384
36.333333333333336,-100.33333333333334,0.2011363636363635
35.0,-100.33333333333334,0.08519125683060105
34.333333333333336,-100.33333333333334,0.0
33.66666666666667,-100.33333333333334,0.0
33.0,-100.33333333333334,0.0
32.333333333333336,-100.33333333333334,0.0
31.666666666666664,-100.33333333333334,0.0
31.0,-100.33333333333334,0.0
29.666666666666664,-100.33333333333334,0.0
30.333333333333332,-100.33333333333334,0.0
29.0,-100.33333333333334,0.0
28.333333333333332,-100.33333333333334,0.0
44.333333333333336,-77.0,0.0
43.66666666666667,-77.0,0.0
43.0,-77.0,0.0
42.333333333333336,-77.0,0.0
41.66666666666667,-77.0,0.0
41.0,-77.0,0.0
40.333333333333336,-77.0,0.0
39.66666666666667,-77.0,0.0
38.333333333333336,-77.0,0.0
39.0,-77.0,0.0
37.66666666666667,-77.0,0.0
36.333333333333336,-77.0,0.0
37.0,-77.0,0.0
35.66666666666667,-77.0,0.0
49.0,-104.33333333333334,0.0
34.333333333333336,-77.0,0.03176470588235294
35.0,-77.0,0.00766666666666667
48.333333333333336,-104.33333333333334,0.0
47.66666666666667,-104.33333333333334,0.009122807017543866
47.0,-104.33333333333334,0.019588235294117535
46.333333333333336,-104.33333333333334,0.042840236686390545
45.66666666666667,-104.33333333333334,0.036994219653179214
45.0,-104.33333333333334,0.031802325581395355
44.333333333333336,-104.33333333333334,0.02686046511627905
43.66666666666667,-104.33333333333334,0.00982658959537573
43.0,-104.33333333333334,0.010229885057471272
42.333333333333336,-104.33333333333334,0.013742690058479496
41.66666666666667,-104.33333333333334,0.05017241379310344
41.0,-104.33333333333334,0.12417142857142852
40.333333333333336,-104.33333333333334,0.06679999999999993
39.66666666666667,-104.33333333333334,0.048685714285714284
39.0,-104.33333333333334,0.15704545454545468
37.66666666666667,-104.33333333333334,0.04960451977401128
38.333333333333336,-104.33333333333334,0.09508474576271178
37.0,-104.33333333333334,0.09657303370786524
35.66666666666667,-104.33333333333334,0.09747191011235938
36.333333333333336,-104.33333333333334,0.09904494382022463
35.0,-104.33333333333334,0.09458563535911595
34.333333333333336,-104.33333333333334,0.06692307692307692
33.66666666666667,-104.33333333333334,0.02696132596685081
33.0,-104.33333333333334,0.024120879120879003
32.333333333333336,-104.33333333333334,0.04000000000000003
31.666666666666664,-104.33333333333334,0.040273224043715874
31.0,-104.33333333333334,0.05320652173913041
29.666666666666664,-104.33333333333334,3.007518796992481E-4
30.333333333333332,-104.33333333333334,0.03005347593582887
29.0,-104.33333333333334,0.0
46.333333333333336,-81.0,0.0
45.66666666666667,-81.0,0.0
45.0,-81.0,0.0
44.333333333333336,-81.0,0.0
42.333333333333336,-81.0,0.0
41.66666666666667,-81.0,0.0
41.0,-81.0,0.0
40.333333333333336,-81.0,0.0
39.66666666666667,-81.0,0.0
38.333333333333336,-81.0,0.0
39.0,-81.0,0.0
37.66666666666667,-81.0,0.0
36.333333333333336,-81.0,0.0
37.0,-81.0,0.0
35.66666666666667,-81.0,3.910614525139665E-4
49.0,-108.33333333333334,0.004069767441860467
34.333333333333336,-81.0,0.05177777777777758
35.0,-81.0,0.012849162011173159
48.333333333333336,-108.33333333333334,0.005930232558139539
47.66666666666667,-108.33333333333334,0.011124260355029595
33.66666666666667,-81.0,0.10770491803278658
47.0,-108.33333333333334,0.01133720930232559
33.0,-81.0,0.11633333333333325
32.333333333333336,-81.0,0.1409729729729729
46.333333333333336,-108.33333333333334,0.022748538011695907
45.66666666666667,-108.33333333333334,0.030872093023255838
31.666666666666664,-81.0,0.10211956521739136
45.0,-108.33333333333334,0.013352601156069363
30.333333333333332,-81.0,0.04267379679144384
31.0,-81.0,0.06103825136612019
44.333333333333336,-108.33333333333334,0.004678362573099418
43.66666666666667,-108.33333333333334,0.0016279069767441865
29.666666666666664,-81.0,0.033081081081081085
43.0,-108.33333333333334,0.0
29.0,-81.0,0.00760638297872341
28.333333333333332,-81.0,0.010159574468085113
42.333333333333336,-108.33333333333334,2.8901734104046245E-4
41.66666666666667,-108.33333333333334,0.0
27.666666666666664,-81.0,0.02486910994764385
41.0,-108.33333333333334,0.0
26.333333333333332,-81.0,0.024450261780104673
27.0,-81.0,0.033829787234042515
40.333333333333336,-108.33333333333334,0.0
39.66666666666667,-108.33333333333334,0.0
25.666666666666664,-81.0,0.01792746113989639
39.0,-108.33333333333334,0.0
24.333333333333332,-81.0,0.010000000000000007
25.0,-81.0,0.007083333333333338
37.66666666666667,-108.33333333333334,0.0
38.333333333333336,-108.33333333333334,0.0
23.666666666666664,-81.0,0.010000000000000007
37.0,-108.33333333333334,0.0
35.66666666666667,-108.33333333333334,0.0
36.333333333333336,-108.33333333333334,0.0
35.0,-108.33333333333334,0.0
34.333333333333336,-108.33333333333334,0.0
33.66666666666667,-108.33333333333334,0.0
33.0,-108.33333333333334,0.0
32.333333333333336,-108.33333333333334,0.0
31.666666666666664,-108.33333333333334,0.0
31.0,-108.33333333333334,0.0
47.66666666666667,-85.0,0.0
47.0,-85.0,0.0
46.333333333333336,-85.0,0.0
45.66666666666667,-85.0,0.0
45.0,-85.0,0.0
44.333333333333336,-85.0,0.0
43.66666666666667,-85.0,0.0
43.0,-85.0,0.0
42.333333333333336,-85.0,0.0
41.66666666666667,-85.0,0.0
41.0,-85.0,0.0
40.333333333333336,-85.0,0.0
39.66666666666667,-85.0,0.0
38.333333333333336,-85.0,0.0
39.0,-85.0,0.0
37.66666666666667,-85.0,0.0
36.333333333333336,-85.0,0.009888268156424589
37.0,-85.0,9.497206703910615E-4
35.66666666666667,-85.0,0.01642458100558653
49.0,-112.33333333333334,0.006333333333333337
35.0,-85.0,0.15668508287292873
34.333333333333336,-85.0,0.29127071823204326
48.333333333333336,-112.33333333333334,0.002790697674418606
47.66666666666667,-112.33333333333334,0.005529411764705886
33.66666666666667,-85.0,0.2775555555555552
47.0,-112.33333333333334,0.016529411764705845
33.0,-85.0,0.19812154696132597
32.333333333333336,-85.0,0.13733695652173905
46.333333333333336,-112.33333333333334,0.013859649122807023
45.66666666666667,-112.33333333333334,0.013684210526315799
31.666666666666664,-85.0,0.14129729729729734
45.0,-112.33333333333334,0.007209302325581399
30.333333333333332,-85.0,0.02294117647058821
31.0,-85.0,0.08118918918918908
44.333333333333336,-112.33333333333334,0.006473988439306363
43.66666666666667,-112.33333333333334,0.0
29.666666666666664,-85.0,0.002150537634408603
43.0,-112.33333333333334,0.0
29.0,-85.0,0.0
28.333333333333332,-85.0,0.0
42.333333333333336,-112.33333333333334,0.0
41.66666666666667,-112.33333333333334,5.747126436781609E-4
41.0,-112.33333333333334,0.0
40.333333333333336,-112.33333333333334,0.0
39.66666666666667,-112.33333333333334,1.7045454545454544E-4
39.0,-112.33333333333334,0.001647727272727273
37.66666666666667,-112.33333333333334,0.017134831460674155
38.333333333333336,-112.33333333333334,0.007627118644067802
37.0,-112.33333333333334,2.808988764044944E-4
35.66666666666667,-112.33333333333334,0.0
36.333333333333336,-112.33333333333334,0.0
35.0,-112.33333333333334,0.0
34.333333333333336,-112.33333333333334,0.0
33.66666666666667,-112.33333333333334,0.0
33.0,-112.33333333333334,0.0
32.333333333333336,-112.33333333333334,0.0
31.666666666666664,-112.33333333333334,0.0
48.333333333333336,-89.0,0.00290909090909091
47.66666666666667,-89.0,0.0
47.0,-89.0,1.7241379310344826E-4
46.333333333333336,-89.0,0.044642857142857054
45.66666666666667,-89.0,0.048823529411764606
45.0,-89.0,0.030399999999999976
44.333333333333336,-89.0,0.019520958083832328
43.66666666666667,-89.0,0.00887640449438203
43.0,-89.0,3.4682080924855496E-4
42.333333333333336,-89.0,0.0
41.66666666666667,-89.0,0.0
41.0,-89.0,0.0
40.333333333333336,-89.0,0.0
39.66666666666667,-89.0,0.0
38.333333333333336,-89.0,0.0
39.0,-89.0,0.0
37.66666666666667,-89.0,0.0
36.333333333333336,-89.0,0.11839779005524885
37.0,-89.0,0.005337078651685397
35.66666666666667,-89.0,0.43764044943820235
49.0,-116.33333333333334,0.0
35.0,-89.0,0.6452247191011221
34.333333333333336,-89.0,0.6124022346368706
48.333333333333336,-116.33333333333334,0.0
47.66666666666667,-116.33333333333334,0.0
33.66666666666667,-89.0,0.2787362637362638
47.0,-116.33333333333334,0.0
33.0,-89.0,0.12139784946236543
32.333333333333336,-89.0,0.13655737704918036
46.333333333333336,-116.33333333333334,0.0
45.66666666666667,-116.33333333333334,0.0
31.666666666666664,-89.0,0.13011235955056166
45.0,-116.33333333333334,0.0
30.333333333333332,-89.0,0.0
31.0,-89.0,0.037578947368421045
44.333333333333336,-116.33333333333334,0.0
43.66666666666667,-116.33333333333334,0.0
29.666666666666664,-89.0,0.0
43.0,-116.33333333333334,0.0
29.0,-89.0,0.0
28.333333333333332,-89.0,0.0
42.333333333333336,-116.33333333333334,0.0
41.66666666666667,-116.33333333333334,0.0
27.666666666666664,-89.0,0.0
41.0,-116.33333333333334,0.0
40.333333333333336,-116.33333333333334,0.0
39.66666666666667,-116.33333333333334,0.0
39.0,-116.33333333333334,0.0
37.66666666666667,-116.33333333333334,1.6853932584269662E-4
38.333333333333336,-116.33333333333334,0.0
37.0,-116.33333333333334,0.0
35.66666666666667,-116.33333333333334,0.0
36.333333333333336,-116.33333333333334,0.0
35.0,-116.33333333333334,0.0
33.66666666666667,-116.33333333333334,0.0
34.333333333333336,-116.33333333333334,0.0
33.0,-116.33333333333334,0.0
32.333333333333336,-116.33333333333334,0.0
48.333333333333336,-93.0,0.03658227848101261
47.66666666666667,-93.0,0.04545454545454542
47.0,-93.0,0.06431952662721913
46.333333333333336,-93.0,0.07366459627329208
45.66666666666667,-93.0,0.05153409090909092
45.0,-93.0,0.02090909090909088
44.333333333333336,-93.0,0.013696969696969695
43.66666666666667,-93.0,0.010212765957446817
43.0,-93.0,0.005151515151515154
42.333333333333336,-93.0,0.0
41.66666666666667,-93.0,0.0
41.0,-93.0,0.0
40.333333333333336,-93.0,0.0
39.66666666666667,-93.0,0.0
38.333333333333336,-93.0,0.0026666666666666683
39.0,-93.0,1.764705882352941E-4
37.66666666666667,-93.0,0.023388888888888806
36.333333333333336,-93.0,0.12961111111111118
37.0,-93.0,0.08461111111111135
35.66666666666667,-93.0,0.16922222222222214
49.0,-120.33333333333334,0.0
35.0,-93.0,0.27577777777777757
34.333333333333336,-93.0,0.32447058823529484
48.333333333333336,-120.33333333333334,0.0
47.66666666666667,-120.33333333333334,0.0
33.66666666666667,-93.0,0.17069892473118273
47.0,-120.33333333333334,0.0
33.0,-93.0,0.014923076923076919
32.333333333333336,-93.0,0.0060000000000000045
46.333333333333336,-120.33333333333334,0.0
45.66666666666667,-120.33333333333334,0.0
31.666666666666664,-93.0,0.0
45.0,-120.33333333333334,0.0
30.333333333333332,-93.0,0.0
31.0,-93.0,0.0
44.333333333333336,-120.33333333333334,0.0
43.66666666666667,-120.33333333333334,0.0
29.666666666666664,-93.0,0.0
43.0,-120.33333333333334,0.0
29.0,-93.0,0.0
28.333333333333332,-93.0,0.0
42.333333333333336,-120.33333333333334,0.0
41.66666666666667,-120.33333333333334,0.0
41.0,-120.33333333333334,0.0
40.333333333333336,-120.33333333333334,0.0
39.66666666666667,-120.33333333333334,0.0
39.0,-120.33333333333334,0.0
37.66666666666667,-120.33333333333334,0.0
38.333333333333336,-120.33333333333334,0.0
37.0,-120.33333333333334,0.0
35.66666666666667,-120.33333333333334,0.0
36.333333333333336,-120.33333333333334,0.0
35.0,-120.33333333333334,0.0
33.66666666666667,-120.33333333333334,0.0
34.333333333333336,-120.33333333333334,0.0
47.0,-69.66666666666667,0.014040404040404048
46.333333333333336,-69.66666666666667,0.01888235294117646
45.66666666666667,-69.66666666666667,0.023801169590643247
45.0,-69.66666666666667,0.028901734104046155
44.333333333333336,-69.66666666666667,0.029479768786127177
43.66666666666667,-69.66666666666667,5.325443786982247E-4
43.0,-69.66666666666667,0.0
42.333333333333336,-69.66666666666667,0.0
41.66666666666667,-69.66666666666667,0.0
41.0,-69.66666666666667,0.0
49.0,-97.0,0.0
48.333333333333336,-97.0,0.009772727272727278
47.66666666666667,-97.0,0.04346590909090905
47.0,-97.0,0.02349112426035501
46.333333333333336,-97.0,0.014720496894409919
45.66666666666667,-97.0,0.045511363636363496
45.0,-97.0,0.04999999999999994
44.333333333333336,-97.0,0.07624242424242432
43.66666666666667,-97.0,0.0296791443850267
43.0,-97.0,0.002969696969696971
42.333333333333336,-97.0,0.0
41.66666666666667,-97.0,2.23463687150838E-4
41.0,-97.0,0.008722222222222228
40.333333333333336,-97.0,0.010000000000000007
39.66666666666667,-97.0,0.0
38.333333333333336,-97.0,0.0958333333333332
39.0,-97.0,0.014588235294117635
37.66666666666667,-97.0,0.12944444444444486
36.333333333333336,-97.0,0.164277777777778
37.0,-97.0,0.1525555555555552
35.66666666666667,-97.0,0.07266666666666653
35.0,-97.0,0.05161111111111111
34.333333333333336,-97.0,0.0784705882352942
48.333333333333336,-124.33333333333334,0.0
47.66666666666667,-124.33333333333334,0.0
33.66666666666667,-97.0,0.04032258064516127
47.0,-124.33333333333334,0.0
33.0,-97.0,3.076923076923077E-4
32.333333333333336,-97.0,0.0
46.333333333333336,-124.33333333333334,0.0
45.66666666666667,-124.33333333333334,0.0
31.666666666666664,-97.0,0.0
45.0,-124.33333333333334,0.0
30.333333333333332,-97.0,0.0
31.0,-97.0,0.0
44.333333333333336,-124.33333333333334,0.0
43.66666666666667,-124.33333333333334,0.0
29.666666666666664,-97.0,0.0
43.0,-124.33333333333334,0.0
29.0,-97.0,0.0
28.333333333333332,-97.0,0.0
42.333333333333336,-124.33333333333334,0.0
41.66666666666667,-124.33333333333334,0.0
27.666666666666664,-97.0,0.0
41.0,-124.33333333333334,0.0
26.333333333333332,-97.0,6.043956043956044E-5
27.0,-97.0,0.0
40.333333333333336,-124.33333333333334,0.0
39.66666666666667,-124.33333333333334,0.0
25.666666666666664,-97.0,0.004124999999999999
39.0,-124.33333333333334,0.0
38.333333333333336,-124.33333333333334,0.0
37.66666666666667,-124.33333333333334,0.0
45.0,-73.66666666666667,0.0
44.333333333333336,-73.66666666666667,0.0
43.66666666666667,-73.66666666666667,0.0
43.0,-73.66666666666667,0.0
42.333333333333336,-73.66666666666667,0.0
41.66666666666667,-73.66666666666667,0.0
41.0,-73.66666666666667,0.0
40.333333333333336,-73.66666666666667,0.0
39.66666666666667,-73.66666666666667,0.0
49.0,-101.0,0.0
48.333333333333336,-101.0,0.0
47.66666666666667,-101.0,0.003235294117647061
47.0,-101.0,0.05166666666666645
46.333333333333336,-101.0,0.07190476190476203
45.66666666666667,-101.0,0.07964705882352952
45.0,-101.0,0.12154285714285724
44.333333333333336,-101.0,0.19053892215568882
43.66666666666667,-101.0,0.26146067415730334
43.0,-101.0,0.30534883720930245
42.333333333333336,-101.0,0.32517857142857154
41.66666666666667,-101.0,0.3086033519553075
41.0,-101.0,0.23820224719101124
40.333333333333336,-101.0,0.18411764705882352
39.66666666666667,-101.0,0.0951412429378531
38.333333333333336,-101.0,0.0536931818181817
39.0,-101.0,0.03767045454545452
37.66666666666667,-101.0,0.07277777777777798
36.333333333333336,-101.0,0.20629834254143672
37.0,-101.0,0.13028089887640398
35.66666666666667,-101.0,0.18966292134831458
35.0,-101.0,0.10659217877094987
34.333333333333336,-101.0,2.793296089385475E-4
33.66666666666667,-101.0,0.0
33.0,-101.0,0.0
32.333333333333336,-101.0,0.0
31.666666666666664,-101.0,0.0
30.333333333333332,-101.0,0.0
31.0,-101.0,0.0
29.666666666666664,-101.0,0.0
29.0,-101.0,0.0
44.333333333333336,-77.66666666666667,0.0
43.66666666666667,-77.66666666666667,0.0
43.0,-77.66666666666667,0.0
42.333333333333336,-77.66666666666667,0.0
41.66666666666667,-77.66666666666667,0.0
41.0,-77.66666666666667,0.0
40.333333333333336,-77.66666666666667,0.0
39.0,-77.66666666666667,0.0
39.66666666666667,-77.66666666666667,0.0
38.333333333333336,-77.66666666666667,0.0
37.0,-77.66666666666667,0.0
37.66666666666667,-77.66666666666667,0.0
36.333333333333336,-77.66666666666667,0.0
35.0,-77.66666666666667,0.04977777777777774
35.66666666666667,-77.66666666666667,0.0
49.0,-105.0,0.0
48.333333333333336,-105.0,0.0
34.333333333333336,-77.66666666666667,0.1474137931034482
47.66666666666667,-105.0,0.00918128654970761
33.66666666666667,-77.66666666666667,0.06084507042253523
47.0,-105.0,0.014425287356321785
46.333333333333336,-105.0,0.031124260355029548
45.66666666666667,-105.0,0.03216374269005851
45.0,-105.0,0.021387283236994167
44.333333333333336,-105.0,0.007251461988304099
43.66666666666667,-105.0,0.009252873563218397
43.0,-105.0,0.010000000000000007
42.333333333333336,-105.0,0.010172413793103456
41.66666666666667,-105.0,0.02841807909604507
41.0,-105.0,0.04628571428571426
40.333333333333336,-105.0,0.02437499999999997
39.66666666666667,-105.0,0.033068181818181656
38.333333333333336,-105.0,0.07710227272727287
39.0,-105.0,0.11234285714285719
37.66666666666667,-105.0,0.06655367231638419
36.333333333333336,-105.0,0.053854748603351946
37.0,-105.0,0.07100558659217875
35.66666666666667,-105.0,0.0495530726256983
35.0,-105.0,0.040939226519337006
34.333333333333336,-105.0,0.02392265193370161
33.66666666666667,-105.0,0.012999999999999994
33.0,-105.0,0.013093922651933666
32.333333333333336,-105.0,0.010217391304347831
31.666666666666664,-105.0,0.012486486486486497
30.333333333333332,-105.0,0.0013953488372093023
31.0,-105.0,0.0077142857142857195
29.666666666666664,-105.0,0.0
46.333333333333336,-81.66666666666667,0.0
45.66666666666667,-81.66666666666667,0.0
45.0,-81.66666666666667,0.0
44.333333333333336,-81.66666666666667,0.0
43.66666666666667,-81.66666666666667,0.0
43.0,-81.66666666666667,0.0
42.333333333333336,-81.66666666666667,0.0
41.66666666666667,-81.66666666666667,0.0
41.0,-81.66666666666667,0.0
40.333333333333336,-81.66666666666667,0.0
39.0,-81.66666666666667,0.0
39.66666666666667,-81.66666666666667,0.0
38.333333333333336,-81.66666666666667,0.0
37.0,-81.66666666666667,0.0
37.66666666666667,-81.66666666666667,0.0
36.333333333333336,-81.66666666666667,0.004662921348314609
35.0,-81.66666666666667,0.033888888888888836
35.66666666666667,-81.66666666666667,0.025586592178770927
49.0,-109.0,0.0
48.333333333333336,-109.0,0.0
34.333333333333336,-81.66666666666667,0.08038674033149172
47.66666666666667,-109.0,0.00965116279069768
33.66666666666667,-81.66666666666667,0.14912568306010934
33.0,-81.66666666666667,0.17355555555555574
47.0,-109.0,0.029767441860464993
46.333333333333336,-109.0,0.03118343195266268
32.333333333333336,-81.66666666666667,0.15071038251366087
45.66666666666667,-109.0,0.034393063583815095
31.666666666666664,-81.66666666666667,0.13836956521739127
31.0,-81.66666666666667,0.11059782608695644
45.0,-109.0,0.010705882352941183
44.333333333333336,-109.0,0.005371428571428576
30.333333333333332,-81.66666666666667,0.09351063829787218
43.66666666666667,-109.0,0.01808139534883718
29.0,-81.66666666666667,0.03454545454545451
29.666666666666664,-81.66666666666667,0.07589189189189197
43.0,-109.0,4.022988505747127E-4
42.333333333333336,-109.0,5.8139534883720933E-5
28.333333333333332,-81.66666666666667,0.025212765957446686
41.66666666666667,-109.0,0.0
27.0,-81.66666666666667,0.06406250000000012
27.666666666666664,-81.66666666666667,0.05936170212765964
41.0,-109.0,0.0
40.333333333333336,-109.0,0.0
26.333333333333332,-81.66666666666667,0.023915343915343893
39.66666666666667,-109.0,0.0
25.666666666666664,-81.66666666666667,0.011295336787564775
25.0,-81.66666666666667,0.009015544041450784
38.333333333333336,-109.0,0.0
39.0,-109.0,0.0
24.333333333333332,-81.66666666666667,0.010000000000000007
37.66666666666667,-109.0,0.0
23.666666666666664,-81.66666666666667,0.010000000000000007
36.333333333333336,-109.0,0.0
37.0,-109.0,0.0
35.66666666666667,-109.0,0.0
34.333333333333336,-109.0,0.0
35.0,-109.0,0.0
33.66666666666667,-109.0,0.0
33.0,-109.0,0.0
32.333333333333336,-109.0,0.0
31.666666666666664,-109.0,0.0
31.0,-109.0,0.0
48.333333333333336,-85.66666666666667,0.0
47.66666666666667,-85.66666666666667,0.0
47.0,-85.66666666666667,0.0
46.333333333333336,-85.66666666666667,0.003964497041420121
45.66666666666667,-85.66666666666667,0.0
45.0,-85.66666666666667,0.0
44.333333333333336,-85.66666666666667,0.0
43.66666666666667,-85.66666666666667,0.0
43.0,-85.66666666666667,0.0
42.333333333333336,-85.66666666666667,0.0
41.66666666666667,-85.66666666666667,0.0
41.0,-85.66666666666667,0.0
40.333333333333336,-85.66666666666667,0.0
39.0,-85.66666666666667,0.0
39.66666666666667,-85.66666666666667,0.0
38.333333333333336,-85.66666666666667,0.0
37.0,-85.66666666666667,0.0
37.66666666666667,-85.66666666666667,0.0
36.333333333333336,-85.66666666666667,0.009382022471910119
35.0,-85.66666666666667,0.17600000000000052
35.66666666666667,-85.66666666666667,0.022640449438202134
49.0,-113.0,0.0103370786516854
48.333333333333336,-113.0,0.016508875739644904
34.333333333333336,-85.66666666666667,0.23527472527472493
47.66666666666667,-113.0,0.025857988165680433
33.66666666666667,-85.66666666666667,0.25999999999999984
33.0,-85.66666666666667,0.27219780219780226
47.0,-113.0,0.008947368421052636
46.333333333333336,-113.0,0.0
32.333333333333336,-85.66666666666667,0.1695675675675677
45.66666666666667,-113.0,0.006023391812865501
31.0,-85.66666666666667,0.07831521739130436
31.666666666666664,-85.66666666666667,0.13999999999999996
45.0,-113.0,5.7803468208092484E-5
44.333333333333336,-113.0,0.0
30.333333333333332,-85.66666666666667,0.015026737967914417
43.66666666666667,-113.0,0.0
29.0,-85.66666666666667,0.0
29.666666666666664,-85.66666666666667,1.0810810810810811E-4
43.0,-113.0,0.0
42.333333333333336,-113.0,0.0
28.333333333333332,-85.66666666666667,0.0
41.66666666666667,-113.0,4.046242774566474E-4
41.0,-113.0,0.0
40.333333333333336,-113.0,0.0
39.66666666666667,-113.0,0.0
38.333333333333336,-113.0,5.649717514124294E-5
39.0,-113.0,0.0
37.66666666666667,-113.0,0.004662921348314609
36.333333333333336,-113.0,0.0
37.0,-113.0,5.649717514124294E-5
35.66666666666667,-113.0,0.0
34.333333333333336,-113.0,0.0
35.0,-113.0,0.0
33.66666666666667,-113.0,0.0
33.0,-113.0,0.0
32.333333333333336,-113.0,0.0
31.666666666666664,-113.0,0.0
48.333333333333336,-89.66666666666667,0.023749999999999997
47.66666666666667,-89.66666666666667,0.004251497005988026
47.0,-89.66666666666667,0.0
46.333333333333336,-89.66666666666667,0.04227272727272715
45.66666666666667,-89.66666666666667,0.04590643274853787
45.0,-89.66666666666667,0.02970588235294116
44.333333333333336,-89.66666666666667,0.022045454545454514
43.66666666666667,-89.66666666666667,0.012456140350877195
43.0,-89.66666666666667,0.0052631578947368455
42.333333333333336,-89.66666666666667,0.0
41.66666666666667,-89.66666666666667,0.0
41.0,-89.66666666666667,0.0
40.333333333333336,-89.66666666666667,0.0
39.0,-89.66666666666667,0.0
39.66666666666667,-89.66666666666667,0.0
38.333333333333336,-89.66666666666667,0.0
37.0,-89.66666666666667,0.012458100558659198
37.66666666666667,-89.66666666666667,0.0012571428571428575
36.333333333333336,-89.66666666666667,0.15437500000000018
35.0,-89.66666666666667,0.6580978260869546
35.66666666666667,-89.66666666666667,0.490782122905028
49.0,-117.0,0.0
48.333333333333336,-117.0,0.0
34.333333333333336,-89.66666666666667,0.543695652173913
47.66666666666667,-117.0,0.0
33.66666666666667,-89.66666666666667,0.23146067415730343
33.0,-89.66666666666667,0.12038251366120219
47.0,-117.0,0.0
46.333333333333336,-117.0,0.0
32.333333333333336,-89.66666666666667,0.13777777777777778
45.66666666666667,-117.0,0.0
31.0,-89.66666666666667,0.0075706214689265595
31.666666666666664,-89.66666666666667,0.047382198952879616
45.0,-117.0,0.0
44.333333333333336,-117.0,0.0
30.333333333333332,-89.66666666666667,0.0
43.66666666666667,-117.0,0.0
29.0,-89.66666666666667,0.0
29.666666666666664,-89.66666666666667,0.0
43.0,-117.0,0.0
42.333333333333336,-117.0,0.0
28.333333333333332,-89.66666666666667,0.0
41.66666666666667,-117.0,0.0
27.666666666666664,-89.66666666666667,0.0
41.0,-117.0,0.0
40.333333333333336,-117.0,0.0
39.66666666666667,-117.0,0.0
38.333333333333336,-117.0,0.0
39.0,-117.0,0.0
37.66666666666667,-117.0,0.0
36.333333333333336,-117.0,0.0
37.0,-117.0,0.0
35.66666666666667,-117.0,0.0
34.333333333333336,-117.0,0.0
35.0,-117.0,0.0
33.66666666666667,-117.0,0.0
33.0,-117.0,0.0
32.333333333333336,-117.0,0.0
48.333333333333336,-93.66666666666667,0.030974025974025935
47.66666666666667,-93.66666666666667,0.053999999999999895
47.0,-93.66666666666667,0.07263473053892235
46.333333333333336,-93.66666666666667,0.07271676300578044
45.66666666666667,-93.66666666666667,0.04648809523809514
45.0,-93.66666666666667,0.026818181818181776
44.333333333333336,-93.66666666666667,0.015212121212121224
43.66666666666667,-93.66666666666667,0.010000000000000007
43.0,-93.66666666666667,0.00516666666666667
42.333333333333336,-93.66666666666667,0.0
41.66666666666667,-93.66666666666667,0.0
41.0,-93.66666666666667,0.0
40.333333333333336,-93.66666666666667,0.0
39.0,-93.66666666666667,0.001277777777777778
39.66666666666667,-93.66666666666667,0.0
38.333333333333336,-93.66666666666667,0.008722222222222228
37.0,-93.66666666666667,0.09844444444444422
37.66666666666667,-93.66666666666667,0.029888888888888705
36.333333333333336,-93.66666666666667,0.28972222222222266
35.0,-93.66666666666667,0.279111111111111
35.66666666666667,-93.66666666666667,0.28044444444444433
49.0,-121.0,0.0
48.333333333333336,-121.0,0.0
34.333333333333336,-93.66666666666667,0.28605555555555545
47.66666666666667,-121.0,0.0
33.66666666666667,-93.66666666666667,0.13416666666666666
33.0,-93.66666666666667,0.010388888888888897
47.0,-121.0,0.0
46.333333333333336,-121.0,0.0
32.333333333333336,-93.66666666666667,0.00507692307692308
45.66666666666667,-121.0,0.0
31.0,-93.66666666666667,0.0
31.666666666666664,-93.66666666666667,0.0
45.0,-121.0,0.0
44.333333333333336,-121.0,0.0
30.333333333333332,-93.66666666666667,0.0
43.66666666666667,-121.0,0.0
29.666666666666664,-93.66666666666667,0.0
29.0,-93.66666666666667,0.0
43.0,-121.0,0.0
42.333333333333336,-121.0,0.0
28.333333333333332,-93.66666666666667,0.0
41.66666666666667,-121.0,0.0
41.0,-121.0,0.0
40.333333333333336,-121.0,0.0
39.66666666666667,-121.0,0.0
39.0,-121.0,0.0
38.333333333333336,-121.0,0.0
37.66666666666667,-121.0,0.0
36.333333333333336,-121.0,0.0
37.0,-121.0,0.0
35.66666666666667,-121.0,0.0
34.333333333333336,-121.0,0.0
35.0,-121.0,0.0
33.66666666666667,-121.0,0.0
46.333333333333336,-70.33333333333334,0.021000000000000008
45.66666666666667,-70.33333333333334,0.030075187969924727
45.0,-70.33333333333334,0.03011627906976743
44.333333333333336,-70.33333333333334,0.02397660818713445
43.66666666666667,-70.33333333333334,0.0
43.0,-70.33333333333334,0.0
42.333333333333336,-70.33333333333334,0.0
41.66666666666667,-70.33333333333334,0.0
41.0,-70.33333333333334,0.0
49.0,-97.66666666666667,0.0
48.333333333333336,-97.66666666666667,0.0016049382716049384
47.66666666666667,-97.66666666666667,0.07977272727272727
47.0,-97.66666666666667,0.054319526627218936
46.333333333333336,-97.66666666666667,0.029939393939393898
45.66666666666667,-97.66666666666667,0.047443181818181676
45.0,-97.66666666666667,0.051124260355029524
44.333333333333336,-97.66666666666667,0.08033707865168543
43.66666666666667,-97.66666666666667,0.06136904761904766
43.0,-97.66666666666667,0.024999999999999984
42.333333333333336,-97.66666666666667,0.006220930232558144
41.66666666666667,-97.66666666666667,0.00480446927374302
41.0,-97.66666666666667,0.0
40.333333333333336,-97.66666666666667,5.780346820809248E-4
39.0,-97.66666666666667,0.04382857142857141
39.66666666666667,-97.66666666666667,5.555555555555556E-5
38.333333333333336,-97.66666666666667,0.11208092485549127
37.0,-97.66666666666667,0.14355555555555552
37.66666666666667,-97.66666666666667,0.13961111111111107
36.333333333333336,-97.66666666666667,0.1188888888888887
35.0,-97.66666666666667,0.048546511627906894
35.66666666666667,-97.66666666666667,0.06145251396648032
48.333333333333336,-125.0,0.0
34.333333333333336,-97.66666666666667,0.035245901639344226
47.66666666666667,-125.0,0.0
33.66666666666667,-97.66666666666667,0.008395721925133695
33.0,-97.66666666666667,0.0
47.0,-125.0,0.0
46.333333333333336,-125.0,0.0
32.333333333333336,-97.66666666666667,0.0
45.66666666666667,-125.0,0.0
31.0,-97.66666666666667,0.0
31.666666666666664,-97.66666666666667,0.0
45.0,-125.0,0.0
44.333333333333336,-125.0,0.0
30.333333333333332,-97.66666666666667,0.0
43.66666666666667,-125.0,0.0
29.666666666666664,-97.66666666666667,0.0
29.0,-97.66666666666667,0.0
43.0,-125.0,0.0
42.333333333333336,-125.0,0.0
28.333333333333332,-97.66666666666667,0.0
41.66666666666667,-125.0,0.0
27.0,-97.66666666666667,0.008135416666666643
27.666666666666664,-97.66666666666667,0.0
41.0,-125.0,0.0
40.333333333333336,-125.0,0.0
26.333333333333332,-97.66666666666667,0.009851648351648314
39.66666666666667,-125.0,0.0
25.666666666666664,-97.66666666666667,0.011000000000000003
39.0,-125.0,0.0
38.333333333333336,-125.0,0.0
45.0,-74.33333333333334,0.0
44.333333333333336,-74.33333333333334,0.0
43.66666666666667,-74.33333333333334,0.0
43.0,-74.33333333333334,0.0
42.333333333333336,-74.33333333333334,0.0
41.66666666666667,-74.33333333333334,0.0
41.0,-74.33333333333334,0.0
40.333333333333336,-74.33333333333334,0.0
39.66666666666667,-74.33333333333334,0.0
39.0,-74.33333333333334,0.0
49.0,-101.66666666666667,0.0
48.333333333333336,-101.66666666666667,0.0
47.66666666666667,-101.66666666666667,0.0027485380116959077
47.0,-101.66666666666667,0.04584795321637415
46.333333333333336,-101.66666666666667,0.06346820809248563
45.66666666666667,-101.66666666666667,0.0673684210526317
45.0,-101.66666666666667,0.07929824561403516
44.333333333333336,-101.66666666666667,0.08177142857142858
43.66666666666667,-101.66666666666667,0.13266272189349104
43.0,-101.66666666666667,0.20664772727272726
42.333333333333336,-101.66666666666667,0.2934269662921347
41.66666666666667,-101.66666666666667,0.3405357142857149
41.0,-101.66666666666667,0.29534883720930266
40.333333333333336,-101.66666666666667,0.2245555555555556
39.0,-101.66666666666667,0.09235632183908046
39.66666666666667,-101.66666666666667,0.16570621468926577
38.333333333333336,-101.66666666666667,0.05011363636363639
37.0,-101.66666666666667,0.12779661016949068
37.66666666666667,-101.66666666666667,0.07205555555555576
36.333333333333336,-101.66666666666667,0.21118644067796663
35.0,-101.66666666666667,0.13779005524861904
35.66666666666667,-101.66666666666667,0.23552486187845298
34.333333333333336,-101.66666666666667,0.021318681318681306
33.66666666666667,-101.66666666666667,0.0
33.0,-101.66666666666667,0.0
32.333333333333336,-101.66666666666667,0.0
31.0,-101.66666666666667,0.0
31.666666666666664,-101.66666666666667,0.0
30.333333333333332,-101.66666666666667,0.0
29.666666666666664,-101.66666666666667,0.0
43.66666666666667,-78.33333333333334,0.0
43.0,-78.33333333333334,0.0
42.333333333333336,-78.33333333333334,0.0
41.66666666666667,-78.33333333333334,0.0
41.0,-78.33333333333334,0.0
40.333333333333336,-78.33333333333334,0.0
39.66666666666667,-78.33333333333334,0.0
39.0,-78.33333333333334,0.0
37.66666666666667,-78.33333333333334,0.0
38.333333333333336,-78.33333333333334,0.0
37.0,-78.33333333333334,0.0
35.66666666666667,-78.33333333333334,0.0
36.333333333333336,-78.33333333333334,0.0
49.0,-105.66666666666667,0.005384615384615388
35.0,-78.33333333333334,0.02527472527472528
48.333333333333336,-105.66666666666667,0.0
34.333333333333336,-78.33333333333334,0.15674157303370795
33.66666666666667,-78.33333333333334,0.14263565891472857
47.66666666666667,-105.66666666666667,0.00895348837209303
47.0,-105.66666666666667,0.011588235294117654
46.333333333333336,-105.66666666666667,0.02815028901734091
45.66666666666667,-105.66666666666667,0.03257309941520472
45.0,-105.66666666666667,0.02046242774566469
44.333333333333336,-105.66666666666667,0.006976744186046517
43.66666666666667,-105.66666666666667,0.010000000000000007
43.0,-105.66666666666667,0.010000000000000007
42.333333333333336,-105.66666666666667,0.010571428571428579
41.66666666666667,-105.66666666666667,0.012543352601156056
41.0,-105.66666666666667,0.020287356321838996
40.333333333333336,-105.66666666666667,0.03879310344827585
39.0,-105.66666666666667,0.022485875706214693
39.66666666666667,-105.66666666666667,0.05214689265536712
38.333333333333336,-105.66666666666667,0.040337078651685364
37.0,-105.66666666666667,0.00359550561797753
37.66666666666667,-105.66666666666667,0.017231638418079096
36.333333333333336,-105.66666666666667,0.0051685393258427
35.0,-105.66666666666667,0.010167597765363136
35.66666666666667,-105.66666666666667,0.008547486033519559
34.333333333333336,-105.66666666666667,0.009944444444444452
33.66666666666667,-105.66666666666667,0.006939890710382518
33.0,-105.66666666666667,2.702702702702703E-4
32.333333333333336,-105.66666666666667,0.0
31.0,-105.66666666666667,0.0
31.666666666666664,-105.66666666666667,0.0
46.333333333333336,-82.33333333333334,0.0
45.66666666666667,-82.33333333333334,0.0
45.0,-82.33333333333334,0.0
44.333333333333336,-82.33333333333334,0.0
43.66666666666667,-82.33333333333334,0.0
43.0,-82.33333333333334,0.0
42.333333333333336,-82.33333333333334,0.0
41.66666666666667,-82.33333333333334,0.0
41.0,-82.33333333333334,0.0
40.333333333333336,-82.33333333333334,0.0
39.66666666666667,-82.33333333333334,0.0
39.0,-82.33333333333334,0.0
37.66666666666667,-82.33333333333334,0.0
38.333333333333336,-82.33333333333334,0.0
37.0,-82.33333333333334,0.0
35.66666666666667,-82.33333333333334,0.04161111111111118
36.333333333333336,-82.33333333333334,0.003651685393258429
49.0,-109.66666666666667,0.0
35.0,-82.33333333333334,0.07216666666666673
48.333333333333336,-109.66666666666667,0.0
34.333333333333336,-82.33333333333334,0.0886111111111111
33.66666666666667,-82.33333333333334,0.23359116022099455
47.66666666666667,-109.66666666666667,0.007134502923976612
47.0,-109.66666666666667,0.030710059171597477
33.0,-82.33333333333334,0.20670270270270283
46.333333333333336,-109.66666666666667,0.03666666666666669
32.333333333333336,-82.33333333333334,0.1062222222222222
31.666666666666664,-82.33333333333334,0.128494623655914
45.66666666666667,-109.66666666666667,0.03494186046511629
45.0,-109.66666666666667,0.04715116279069758
31.0,-82.33333333333334,0.12026881720430085
44.333333333333336,-109.66666666666667,0.021849710982658952
29.666666666666664,-82.33333333333334,0.05291005291005289
30.333333333333332,-82.33333333333334,0.07818681318681317
43.66666666666667,-109.66666666666667,0.008070175438596497
43.0,-109.66666666666667,0.003793103448275863
29.0,-82.33333333333334,0.02882978723404252
42.333333333333336,-109.66666666666667,0.0
28.333333333333332,-82.33333333333334,0.01005319148936171
27.666666666666664,-82.33333333333334,0.011947368421052621
41.66666666666667,-109.66666666666667,0.0
41.0,-109.66666666666667,0.004857142857142859
27.0,-82.33333333333334,0.01146596858638742
40.333333333333336,-109.66666666666667,8.522727272727272E-4
26.333333333333332,-82.33333333333334,0.004578947368421056
25.666666666666664,-82.33333333333334,0.002741935483870969
39.0,-109.66666666666667,0.0
39.66666666666667,-109.66666666666667,0.0
25.0,-82.33333333333334,0.010000000000000007
38.333333333333336,-109.66666666666667,0.0
24.333333333333332,-82.33333333333334,0.010000000000000007
23.666666666666664,-82.33333333333334,0.010000000000000007
37.0,-109.66666666666667,0.0
37.66666666666667,-109.66666666666667,0.0
36.333333333333336,-109.66666666666667,0.0
35.0,-109.66666666666667,0.0
35.66666666666667,-109.66666666666667,0.0
34.333333333333336,-109.66666666666667,0.0
33.66666666666667,-109.66666666666667,0.0
33.0,-109.66666666666667,0.0
32.333333333333336,-109.66666666666667,0.0
31.666666666666664,-109.66666666666667,0.0
31.0,-109.66666666666667,0.0
49.0,-86.33333333333334,0.0
48.333333333333336,-86.33333333333334,0.0
47.66666666666667,-86.33333333333334,0.0
47.0,-86.33333333333334,0.001176470588235294
46.333333333333336,-86.33333333333334,0.03199999999999997
45.66666666666667,-86.33333333333334,6.896551724137932E-4
45.0,-86.33333333333334,0.0
44.333333333333336,-86.33333333333334,0.0
43.66666666666667,-86.33333333333334,0.0
43.0,-86.33333333333334,0.0
42.333333333333336,-86.33333333333334,0.0
41.66666666666667,-86.33333333333334,0.0
41.0,-86.33333333333334,0.0
40.333333333333336,-86.33333333333334,0.0
39.66666666666667,-86.33333333333334,0.0
39.0,-86.33333333333334,0.0
37.66666666666667,-86.33333333333334,0.0
38.333333333333336,-86.33333333333334,0.0
37.0,-86.33333333333334,0.002625698324022348
35.66666666666667,-86.33333333333334,0.10605555555555574
36.333333333333336,-86.33333333333334,0.010111731843575427
49.0,-113.66666666666667,0.022808988764044958
35.0,-86.33333333333334,0.3043956043956044
48.333333333333336,-113.66666666666667,0.016315789473684207
34.333333333333336,-86.33333333333334,0.23552486187845317
33.66666666666667,-86.33333333333334,0.2222222222222222
47.66666666666667,-113.66666666666667,0.01075581395348838
47.0,-113.66666666666667,4.6783625730994154E-4
33.0,-86.33333333333334,0.2135359116022099
46.333333333333336,-113.66666666666667,0.0
32.333333333333336,-86.33333333333334,0.13174863387978133
31.666666666666664,-86.33333333333334,0.13258241758241762
45.66666666666667,-113.66666666666667,5.747126436781609E-5
45.0,-113.66666666666667,0.0
31.0,-86.33333333333334,0.07217391304347821
44.333333333333336,-113.66666666666667,0.0
29.666666666666664,-86.33333333333334,0.0
30.333333333333332,-86.33333333333334,0.005860215053763445
43.66666666666667,-113.66666666666667,0.0
43.0,-113.66666666666667,0.0
29.0,-86.33333333333334,0.0
42.333333333333336,-113.66666666666667,0.0
41.66666666666667,-113.66666666666667,0.007784090909090915
41.0,-113.66666666666667,0.0
40.333333333333336,-113.66666666666667,0.0
39.66666666666667,-113.66666666666667,0.0
39.0,-113.66666666666667,0.0
38.333333333333336,-113.66666666666667,0.0
37.0,-113.66666666666667,0.0
37.66666666666667,-113.66666666666667,0.0
36.333333333333336,-113.66666666666667,0.0
35.0,-113.66666666666667,0.0
35.66666666666667,-113.66666666666667,0.0
34.333333333333336,-113.66666666666667,0.0
33.66666666666667,-113.66666666666667,0.0
33.0,-113.66666666666667,0.0
32.333333333333336,-113.66666666666667,0.0
48.333333333333336,-90.33333333333334,0.023750000000000014
47.66666666666667,-90.33333333333334,0.012613636363636365
47.0,-90.33333333333334,4.7904191616766467E-4
46.333333333333336,-90.33333333333334,0.054437869822485066
45.66666666666667,-90.33333333333334,0.06595375722543347
45.0,-90.33333333333334,0.022485549132947966
44.333333333333336,-90.33333333333334,0.020117647058823535
43.66666666666667,-90.33333333333334,0.013371428571428581
43.0,-90.33333333333334,0.009768786127167637
42.333333333333336,-90.33333333333334,8.720930232558139E-4
41.66666666666667,-90.33333333333334,0.0
41.0,-90.33333333333334,0.0
39.66666666666667,-90.33333333333334,0.0
40.333333333333336,-90.33333333333334,0.0
39.0,-90.33333333333334,0.0
37.66666666666667,-90.33333333333334,9.65909090909091E-4
38.333333333333336,-90.33333333333334,0.0
37.0,-90.33333333333334,0.02294444444444439
35.66666666666667,-90.33333333333334,0.5529213483146066
36.333333333333336,-90.33333333333334,0.24266666666666648
49.0,-117.66666666666667,0.0
35.0,-90.33333333333334,0.6358426966292136
48.333333333333336,-117.66666666666667,0.0
34.333333333333336,-90.33333333333334,0.5268749999999998
33.66666666666667,-90.33333333333334,0.24851851851851844
47.66666666666667,-117.66666666666667,0.0
47.0,-117.66666666666667,0.0
33.0,-90.33333333333334,0.13933333333333325
46.333333333333336,-117.66666666666667,0.0
32.333333333333336,-90.33333333333334,0.11881081081081102
31.666666666666664,-90.33333333333334,8.988764044943821E-4
45.66666666666667,-117.66666666666667,0.0
45.0,-117.66666666666667,0.0
31.0,-90.33333333333334,8.717948717948718E-4
44.333333333333336,-117.66666666666667,0.0
29.666666666666664,-90.33333333333334,0.0
30.333333333333332,-90.33333333333334,0.0
43.66666666666667,-117.66666666666667,0.0
43.0,-117.66666666666667,0.0
29.0,-90.33333333333334,0.0
42.333333333333336,-117.66666666666667,0.0
28.333333333333332,-90.33333333333334,0.0
41.66666666666667,-117.66666666666667,0.0
41.0,-117.66666666666667,0.0
40.333333333333336,-117.66666666666667,0.0
39.66666666666667,-117.66666666666667,0.0
39.0,-117.66666666666667,0.0
38.333333333333336,-117.66666666666667,0.0
37.0,-117.66666666666667,0.0
37.66666666666667,-117.66666666666667,0.0
36.333333333333336,-117.66666666666667,0.0
35.0,-117.66666666666667,0.0
35.66666666666667,-117.66666666666667,0.0
34.333333333333336,-117.66666666666667,0.0
33.66666666666667,-117.66666666666667,0.0
33.0,-117.66666666666667,0.0
32.333333333333336,-117.66666666666667,0.0
45.0,-67.0,0.13786885245901637
44.333333333333336,-67.0,0.08210526315789475
49.0,-94.33333333333334,0.0
48.333333333333336,-94.33333333333334,0.011358024691358033
47.66666666666667,-94.33333333333334,0.04670454545454545
47.0,-94.33333333333334,0.09630681818181808
46.333333333333336,-94.33333333333334,0.07954545454545449
45.66666666666667,-94.33333333333334,0.05630303030303021
45.0,-94.33333333333334,0.040568181818181774
44.333333333333336,-94.33333333333334,0.029818181818181754
43.66666666666667,-94.33333333333334,0.013352272727272718
43.0,-94.33333333333334,0.004424242424242427
42.333333333333336,-94.33333333333334,0.0
41.66666666666667,-94.33333333333334,0.0
41.0,-94.33333333333334,0.0
39.66666666666667,-94.33333333333334,0.0
40.333333333333336,-94.33333333333334,0.0
39.0,-94.33333333333334,0.005055555555555559
37.66666666666667,-94.33333333333334,0.03383333333333334
38.333333333333336,-94.33333333333334,0.010611111111111118
37.0,-94.33333333333334,0.10899999999999976
35.66666666666667,-94.33333333333334,0.40233333333333293
36.333333333333336,-94.33333333333334,0.31625698324022344
49.0,-121.66666666666667,0.0
35.0,-94.33333333333334,0.3676666666666669
48.333333333333336,-121.66666666666667,0.0
34.333333333333336,-94.33333333333334,0.25783333333333325
33.66666666666667,-94.33333333333334,0.07750000000000005
47.66666666666667,-121.66666666666667,0.0
47.0,-121.66666666666667,0.0
33.0,-94.33333333333334,0.010000000000000007
46.333333333333336,-121.66666666666667,0.0
32.333333333333336,-94.33333333333334,0.003444444444444446
31.666666666666664,-94.33333333333334,0.0
45.66666666666667,-121.66666666666667,0.0
45.0,-121.66666666666667,0.0
31.0,-94.33333333333334,0.0
44.333333333333336,-121.66666666666667,0.0
29.666666666666664,-94.33333333333334,0.0
30.333333333333332,-94.33333333333334,0.0
43.66666666666667,-121.66666666666667,0.0
43.0,-121.66666666666667,0.0
29.0,-94.33333333333334,0.0
42.333333333333336,-121.66666666666667,0.0
28.333333333333332,-94.33333333333334,0.0
41.66666666666667,-121.66666666666667,0.0
41.0,-121.66666666666667,0.0
40.333333333333336,-121.66666666666667,0.0
39.66666666666667,-121.66666666666667,0.0
39.0,-121.66666666666667,0.0
38.333333333333336,-121.66666666666667,0.0
37.0,-121.66666666666667,0.0
37.66666666666667,-121.66666666666667,0.0
36.333333333333336,-121.66666666666667,0.0
35.0,-121.66666666666667,0.0
35.66666666666667,-121.66666666666667,0.0
34.333333333333336,-121.66666666666667,0.0
33.66666666666667,-121.66666666666667,0.0
45.66666666666667,-71.0,0.03888888888888889
45.0,-71.0,0.03819277108433733
44.333333333333336,-71.0,0.026473988439306317
43.66666666666667,-71.0,0.0
43.0,-71.0,0.0
42.333333333333336,-71.0,0.0
41.66666666666667,-71.0,0.0
41.0,-71.0,0.0
49.0,-98.33333333333334,0.0
48.333333333333336,-98.33333333333334,0.0
47.66666666666667,-98.33333333333334,0.08478260869565206
47.0,-98.33333333333334,0.08834285714285704
46.333333333333336,-98.33333333333334,0.05860465116279067
45.66666666666667,-98.33333333333334,0.05607954545454547
45.0,-98.33333333333334,0.07351515151515166
44.333333333333336,-98.33333333333334,0.10077777777777766
43.66666666666667,-98.33333333333334,0.07939393939393943
43.0,-98.33333333333334,0.05395480225988707
42.333333333333336,-98.33333333333334,0.017784090909090867
41.66666666666667,-98.33333333333334,0.014545454545454533
41.0,-98.33333333333334,0.006292134831460678
39.66666666666667,-98.33333333333334,0.0024137931034482764
40.333333333333336,-98.33333333333334,1.11731843575419E-4
39.0,-98.33333333333334,0.07193370165745858
37.66666666666667,-98.33333333333334,0.13711111111111113
38.333333333333336,-98.33333333333334,0.11773255813953482
37.0,-98.33333333333334,0.15112359550561816
35.66666666666667,-98.33333333333334,0.06399999999999989
36.333333333333336,-98.33333333333334,0.12255681818181832
35.0,-98.33333333333334,0.035444444444444424
48.333333333333336,-125.66666666666667,0.0
34.333333333333336,-98.33333333333334,0.010529100529100537
33.66666666666667,-98.33333333333334,0.0
47.66666666666667,-125.66666666666667,0.0
47.0,-125.66666666666667,0.0
33.0,-98.33333333333334,0.0
46.333333333333336,-125.66666666666667,0.0
32.333333333333336,-98.33333333333334,0.0
31.666666666666664,-98.33333333333334,0.0
45.66666666666667,-125.66666666666667,0.0
45.0,-125.66666666666667,0.0
31.0,-98.33333333333334,0.0
44.333333333333336,-125.66666666666667,0.0
29.666666666666664,-98.33333333333334,0.0
30.333333333333332,-98.33333333333334,0.0
43.66666666666667,-125.66666666666667,0.0
43.0,-125.66666666666667,0.0
29.0,-98.33333333333334,0.0
42.333333333333336,-125.66666666666667,0.0
28.333333333333332,-98.33333333333334,0.0
27.666666666666664,-98.33333333333334,0.0
41.66666666666667,-125.66666666666667,0.0
41.0,-125.66666666666667,0.0
27.0,-98.33333333333334,0.00719230769230768
40.333333333333336,-125.66666666666667,0.0
26.333333333333332,-98.33333333333334,0.00904294478527605
39.66666666666667,-125.66666666666667,0.0
45.0,-75.0,0.0
44.333333333333336,-75.0,0.0
43.66666666666667,-75.0,0.0
43.0,-75.0,0.0
42.333333333333336,-75.0,0.0
41.66666666666667,-75.0,0.0
41.0,-75.0,0.0
40.333333333333336,-75.0,0.0
39.66666666666667,-75.0,0.0
38.333333333333336,-75.0,0.0
39.0,-75.0,0.0
37.66666666666667,-75.0,0.0
36.333333333333336,-75.0,0.0
35.66666666666667,-75.0,0.0
49.0,-102.33333333333334,0.0
35.0,-75.0,0.0
48.333333333333336,-102.33333333333334,0.0
47.66666666666667,-102.33333333333334,0.003604651162790699
47.0,-102.33333333333334,0.04111764705882343
46.333333333333336,-102.33333333333334,0.059642857142857095
45.66666666666667,-102.33333333333334,0.05439306358381499
45.0,-102.33333333333334,0.051040462427745625
44.333333333333336,-102.33333333333334,0.055411764705882334
43.66666666666667,-102.33333333333334,0.0790804597701151
43.0,-102.33333333333334,0.1410344827586207
42.333333333333336,-102.33333333333334,0.2163157894736842
41.66666666666667,-102.33333333333334,0.31
41.0,-102.33333333333334,0.29585227272727255
39.66666666666667,-102.33333333333334,0.1977011494252872
40.333333333333336,-102.33333333333334,0.2352298850574715
39.0,-102.33333333333334,0.14170454545454556
37.66666666666667,-102.33333333333334,0.1257062146892657
38.333333333333336,-102.33333333333334,0.1253333333333334
37.0,-102.33333333333334,0.15079096045197724
35.66666666666667,-102.33333333333334,0.23446927374301663
36.333333333333336,-102.33333333333334,0.19971910112359564
35.0,-102.33333333333334,0.15254237288135614
34.333333333333336,-102.33333333333334,0.04999999999999999
33.66666666666667,-102.33333333333334,0.004677419354838713
33.0,-102.33333333333334,0.0
32.333333333333336,-102.33333333333334,0.0
31.666666666666664,-102.33333333333334,0.0
31.0,-102.33333333333334,0.0
29.666666666666664,-102.33333333333334,0.0
30.333333333333332,-102.33333333333334,0.0
43.66666666666667,-79.0,0.0
43.0,-79.0,0.0
42.333333333333336,-79.0,0.0
41.66666666666667,-79.0,0.0
41.0,-79.0,0.0
40.333333333333336,-79.0,0.0
39.66666666666667,-79.0,0.0
38.333333333333336,-79.0,0.0
39.0,-79.0,0.0
37.66666666666667,-79.0,0.0
36.333333333333336,-79.0,0.0
37.0,-79.0,0.0
35.66666666666667,-79.0,0.0
49.0,-106.33333333333334,0.010000000000000007
34.333333333333336,-79.0,0.12644808743169397
35.0,-79.0,0.021508379888268158
48.333333333333336,-106.33333333333334,8.720930232558139E-4
47.66666666666667,-106.33333333333334,0.008802395209580845
33.66666666666667,-79.0,0.18403314917127064
47.0,-106.33333333333334,0.01232558139534883
33.0,-79.0,0.07862745098039213
46.333333333333336,-106.33333333333334,0.02645348837209292
45.66666666666667,-106.33333333333334,0.0353801169590644
45.0,-106.33333333333334,0.027790697674418576
44.333333333333336,-106.33333333333334,0.016976744186046503
43.66666666666667,-106.33333333333334,0.011104651162790706
43.0,-106.33333333333334,0.009540229885057478
42.333333333333336,-106.33333333333334,0.006127167630057807
41.66666666666667,-106.33333333333334,0.0022413793103448288
27.666666666666664,-79.0,0.0
41.0,-106.33333333333334,0.006079545454545459
26.333333333333332,-79.0,0.0
27.0,-79.0,0.0
40.333333333333336,-106.33333333333334,0.004659090909090912
39.66666666666667,-106.33333333333334,0.011040462427745671
25.666666666666664,-79.0,0.0
39.0,-106.33333333333334,0.02415730337078649
25.0,-79.0,0.0
37.66666666666667,-106.33333333333334,0.008044692737430172
38.333333333333336,-106.33333333333334,0.022840909090909002
37.0,-106.33333333333334,7.909604519774012E-4
35.66666666666667,-106.33333333333334,3.35195530726257E-4
36.333333333333336,-106.33333333333334,0.0
35.0,-106.33333333333334,0.00480446927374302
34.333333333333336,-106.33333333333334,0.004945652173913046
33.66666666666667,-106.33333333333334,7.777777777777777E-4
33.0,-106.33333333333334,0.0
32.333333333333336,-106.33333333333334,0.0
31.666666666666664,-106.33333333333334,0.0
46.333333333333336,-83.0,0.0
45.66666666666667,-83.0,0.0
45.0,-83.0,0.0
44.333333333333336,-83.0,0.0
43.66666666666667,-83.0,0.0
43.0,-83.0,0.0
42.333333333333336,-83.0,0.0
41.66666666666667,-83.0,0.0
41.0,-83.0,0.0
40.333333333333336,-83.0,0.0
39.66666666666667,-83.0,0.0
38.333333333333336,-83.0,0.0
39.0,-83.0,0.0
37.66666666666667,-83.0,0.0
36.333333333333336,-83.0,0.002569832402234638
37.0,-83.0,0.0
35.66666666666667,-83.0,0.036132596685082834
49.0,-110.33333333333334,0.0
34.333333333333336,-83.0,0.11077348066298327
35.0,-83.0,0.07594444444444458
48.333333333333336,-110.33333333333334,0.0
47.66666666666667,-110.33333333333334,0.005325443786982251
33.66666666666667,-83.0,0.21657458563535908
47.0,-110.33333333333334,0.03364705882352931
33.0,-83.0,0.181043956043956
32.333333333333336,-83.0,0.08461956521739128
46.333333333333336,-110.33333333333334,0.03832369942196535
45.66666666666667,-110.33333333333334,0.038362573099415216
31.666666666666664,-83.0,0.11868852459016366
45.0,-110.33333333333334,0.03610465116279062
30.333333333333332,-83.0,0.06308108108108111
31.0,-83.0,0.10559782608695632
44.333333333333336,-110.33333333333334,0.018538011695906433
43.66666666666667,-110.33333333333334,0.0010919540229885059
29.666666666666664,-83.0,0.021818181818181785
43.0,-110.33333333333334,0.0
29.0,-83.0,0.0017297297297297304
28.333333333333332,-83.0,0.0010106382978723406
42.333333333333336,-110.33333333333334,0.0
41.66666666666667,-110.33333333333334,0.0
27.666666666666664,-83.0,0.001894736842105264
41.0,-110.33333333333334,0.014534883720930179
26.333333333333332,-83.0,0.0
27.0,-83.0,0.0
40.333333333333336,-110.33333333333334,0.006045197740112998
39.66666666666667,-110.33333333333334,0.002429378531073447
25.666666666666664,-83.0,0.0
39.0,-110.33333333333334,0.0
24.333333333333332,-83.0,0.010000000000000007
25.0,-83.0,0.010000000000000005
37.66666666666667,-110.33333333333334,5.084745762711864E-4
38.333333333333336,-110.33333333333334,3.9772727272727274E-4
23.666666666666664,-83.0,0.010000000000000007
37.0,-110.33333333333334,0.0
35.66666666666667,-110.33333333333334,0.0
36.333333333333336,-110.33333333333334,0.0
35.0,-110.33333333333334,0.0
34.333333333333336,-110.33333333333334,0.0
33.66666666666667,-110.33333333333334,0.0
33.0,-110.33333333333334,0.0
32.333333333333336,-110.33333333333334,0.0
31.666666666666664,-110.33333333333334,0.0
31.0,-110.33333333333334,0.0
49.0,-87.0,0.0
48.333333333333336,-87.0,0.0
47.66666666666667,-87.0,0.0
47.0,-87.0,1.744186046511628E-4
46.333333333333336,-87.0,0.06465517241379311
45.66666666666667,-87.0,0.028284023668639025
45.0,-87.0,0.0024277456647398858
44.333333333333336,-87.0,0.0
43.66666666666667,-87.0,0.0
43.0,-87.0,0.0
42.333333333333336,-87.0,0.0
41.66666666666667,-87.0,0.0
41.0,-87.0,0.0
40.333333333333336,-87.0,0.0
39.66666666666667,-87.0,0.0
38.333333333333336,-87.0,0.0
39.0,-87.0,0.0
37.66666666666667,-87.0,0.0
36.333333333333336,-87.0,0.026222222222222074
37.0,-87.0,0.003876404494382024
35.66666666666667,-87.0,0.4781767955801105
49.0,-114.33333333333334,0.012000000000000005
35.0,-87.0,0.4717222222222233
34.333333333333336,-87.0,0.2803932584269662
48.333333333333336,-114.33333333333334,0.0
47.66666666666667,-114.33333333333334,0.0
33.66666666666667,-87.0,0.21016759776536306
47.0,-114.33333333333334,0.0
33.0,-87.0,0.16284946236559159
32.333333333333336,-87.0,0.11060439560439546
46.333333333333336,-114.33333333333334,0.0
45.66666666666667,-114.33333333333334,0.0
31.666666666666664,-87.0,0.11739130434782598
45.0,-114.33333333333334,0.0
30.333333333333332,-87.0,0.0027322404371584712
31.0,-87.0,0.058085106382978716
44.333333333333336,-114.33333333333334,0.0
43.66666666666667,-114.33333333333334,0.0
29.666666666666664,-87.0,0.0
43.0,-114.33333333333334,0.0
29.0,-87.0,0.0
42.333333333333336,-114.33333333333334,0.0
41.66666666666667,-114.33333333333334,8.670520231213873E-4
41.0,-114.33333333333334,0.0
40.333333333333336,-114.33333333333334,0.0
39.66666666666667,-114.33333333333334,0.0
39.0,-114.33333333333334,0.0
37.66666666666667,-114.33333333333334,0.0
38.333333333333336,-114.33333333333334,5.649717514124293E-4
37.0,-114.33333333333334,0.0
35.66666666666667,-114.33333333333334,0.0
36.333333333333336,-114.33333333333334,0.0
35.0,-114.33333333333334,0.0
33.66666666666667,-114.33333333333334,0.0
34.333333333333336,-114.33333333333334,0.0
33.0,-114.33333333333334,0.0
32.333333333333336,-114.33333333333334,0.0
