Lat,Lng, TotalSvrProb_201406081200
48.166666666666664,-91.0,0.0
47.5,-91.0,0.0
46.83333333333333,-91.0,0.0
46.166666666666664,-91.0,0.0
45.5,-91.0,0.0
44.83333333333333,-91.0,0.0
44.166666666666664,-91.0,0.0
43.5,-91.0,0.0
42.83333333333333,-91.0,0.0
42.166666666666664,-91.0,0.0
41.5,-91.0,0.0
40.166666666666664,-91.0,0.0
40.83333333333333,-91.0,0.0
39.5,-91.0,2.052023121387283
38.166666666666664,-91.0,14.88888888888889
38.83333333333333,-91.0,5.3977272727272725
37.5,-91.0,15.0
36.166666666666664,-91.0,15.0
36.83333333333333,-91.0,15.0
35.5,-91.0,15.0
48.83333333333333,-118.33333333333334,0.0
34.83333333333333,-91.0,15.0
34.166666666666664,-91.0,9.628571428571428
48.166666666666664,-118.33333333333334,0.0
47.5,-118.33333333333334,0.0
33.5,-91.0,4.297297297297297
46.83333333333333,-118.33333333333334,0.0
32.83333333333333,-91.0,0.0
32.166666666666664,-91.0,0.0
46.166666666666664,-118.33333333333334,0.0
45.5,-118.33333333333334,0.0
31.5,-91.0,0.0
44.83333333333333,-118.33333333333334,0.0
30.166666666666668,-91.0,0.0
30.833333333333336,-91.0,0.0
44.166666666666664,-118.33333333333334,0.0
43.5,-118.33333333333334,0.0
29.5,-91.0,0.0
42.83333333333333,-118.33333333333334,0.0
28.833333333333336,-91.0,0.0
42.166666666666664,-118.33333333333334,0.0
41.5,-118.33333333333334,0.0
40.83333333333333,-118.33333333333334,0.0
40.166666666666664,-118.33333333333334,0.0
39.5,-118.33333333333334,0.0
38.83333333333333,-118.33333333333334,0.0
37.5,-118.33333333333334,0.0
38.166666666666664,-118.33333333333334,0.0
36.83333333333333,-118.33333333333334,0.0
35.5,-118.33333333333334,0.0
36.166666666666664,-118.33333333333334,0.0
34.83333333333333,-118.33333333333334,0.0
34.166666666666664,-118.33333333333334,0.0
33.5,-118.33333333333334,0.0
32.83333333333333,-118.33333333333334,0.0
47.5,-67.66666666666667,0.0
46.83333333333333,-67.66666666666667,0.0
46.166666666666664,-67.66666666666667,0.0
45.5,-67.66666666666667,0.0
44.83333333333333,-67.66666666666667,0.0
44.166666666666664,-67.66666666666667,0.0
49.5,-95.0,0.0
48.83333333333333,-95.0,0.0
48.166666666666664,-95.0,0.0
47.5,-95.0,0.0
46.83333333333333,-95.0,0.0
46.166666666666664,-95.0,0.0
45.5,-95.0,0.0
44.83333333333333,-95.0,0.0
44.166666666666664,-95.0,0.0
43.5,-95.0,0.0
42.83333333333333,-95.0,0.0
42.166666666666664,-95.0,0.0
41.5,-95.0,0.0
40.166666666666664,-95.0,0.0
40.83333333333333,-95.0,0.0
39.5,-95.0,0.0
38.166666666666664,-95.0,5.363636363636363
38.83333333333333,-95.0,1.4242424242424243
37.5,-95.0,13.857142857142858
36.166666666666664,-95.0,15.0
36.83333333333333,-95.0,15.0
35.5,-95.0,15.0
48.83333333333333,-122.33333333333334,0.0
34.83333333333333,-95.0,15.0
34.166666666666664,-95.0,13.296703296703297
48.166666666666664,-122.33333333333334,0.0
47.5,-122.33333333333334,0.0
33.5,-95.0,4.871794871794871
46.83333333333333,-122.33333333333334,0.0
32.166666666666664,-95.0,0.0
32.83333333333333,-95.0,0.23076923076923078
46.166666666666664,-122.33333333333334,0.0
45.5,-122.33333333333334,0.0
31.5,-95.0,0.0
44.83333333333333,-122.33333333333334,0.0
30.166666666666668,-95.0,0.0
30.833333333333336,-95.0,0.0
44.166666666666664,-122.33333333333334,0.0
43.5,-122.33333333333334,0.0
29.5,-95.0,0.0
42.83333333333333,-122.33333333333334,0.0
28.833333333333336,-95.0,0.0
42.166666666666664,-122.33333333333334,0.0
41.5,-122.33333333333334,0.0
40.83333333333333,-122.33333333333334,0.0
40.166666666666664,-122.33333333333334,0.0
39.5,-122.33333333333334,0.0
38.83333333333333,-122.33333333333334,0.0
37.5,-122.33333333333334,0.0
38.166666666666664,-122.33333333333334,0.0
36.83333333333333,-122.33333333333334,0.0
35.5,-122.33333333333334,0.0
36.166666666666664,-122.33333333333334,0.0
34.83333333333333,-122.33333333333334,0.0
45.5,-71.66666666666667,0.0
44.83333333333333,-71.66666666666667,0.0
44.166666666666664,-71.66666666666667,0.0
43.5,-71.66666666666667,0.0
42.83333333333333,-71.66666666666667,0.0
42.166666666666664,-71.66666666666667,0.0
41.5,-71.66666666666667,0.0
40.83333333333333,-71.66666666666667,0.0
48.83333333333333,-99.0,0.0
48.166666666666664,-99.0,0.0
47.5,-99.0,0.0
46.83333333333333,-99.0,0.0
46.166666666666664,-99.0,0.0
45.5,-99.0,0.0
44.83333333333333,-99.0,0.0
44.166666666666664,-99.0,0.0
43.5,-99.0,0.0
42.83333333333333,-99.0,0.0
42.166666666666664,-99.0,0.0
41.5,-99.0,0.0
40.166666666666664,-99.0,0.0
40.83333333333333,-99.0,0.0
39.5,-99.0,0.0
38.166666666666664,-99.0,0.0
38.83333333333333,-99.0,0.0
37.5,-99.0,0.8659217877094972
36.166666666666664,-99.0,15.0
36.83333333333333,-99.0,6.277777777777778
35.5,-99.0,15.0
34.83333333333333,-99.0,15.0
34.166666666666664,-99.0,15.0
33.5,-99.0,15.0
32.83333333333333,-99.0,9.23076923076923
32.166666666666664,-99.0,2.4444444444444446
31.5,-99.0,0.0
30.166666666666668,-99.0,0.0
30.833333333333336,-99.0,0.0
29.5,-99.0,0.0
28.166666666666668,-99.0,0.0
28.833333333333336,-99.0,0.0
27.5,-99.0,0.0
26.833333333333336,-99.0,0.0
26.166666666666668,-99.0,0.0
44.83333333333333,-75.66666666666667,0.0
44.166666666666664,-75.66666666666667,0.0
43.5,-75.66666666666667,0.0
42.83333333333333,-75.66666666666667,0.0
42.166666666666664,-75.66666666666667,0.0
41.5,-75.66666666666667,0.0
40.83333333333333,-75.66666666666667,0.0
40.166666666666664,-75.66666666666667,0.0
38.83333333333333,-75.66666666666667,0.0
39.5,-75.66666666666667,0.0
38.166666666666664,-75.66666666666667,0.0
36.83333333333333,-75.66666666666667,0.0
37.5,-75.66666666666667,0.0
36.166666666666664,-75.66666666666667,0.0
34.83333333333333,-75.66666666666667,0.0
35.5,-75.66666666666667,0.0
48.83333333333333,-103.0,0.0
48.166666666666664,-103.0,0.0
47.5,-103.0,0.0
46.83333333333333,-103.0,0.0
46.166666666666664,-103.0,0.0
45.5,-103.0,0.0
44.83333333333333,-103.0,0.0
44.166666666666664,-103.0,0.0
43.5,-103.0,0.0
42.83333333333333,-103.0,0.0
42.166666666666664,-103.0,0.0
41.5,-103.0,0.0
40.166666666666664,-103.0,0.0
40.83333333333333,-103.0,0.0
39.5,-103.0,0.0
38.166666666666664,-103.0,2.82122905027933
38.83333333333333,-103.0,0.0
37.5,-103.0,9.525139664804469
36.166666666666664,-103.0,15.0
36.83333333333333,-103.0,15.0
35.5,-103.0,15.0
34.83333333333333,-103.0,15.0
34.166666666666664,-103.0,15.0
33.5,-103.0,15.0
32.83333333333333,-103.0,10.944444444444445
32.166666666666664,-103.0,5.0
31.5,-103.0,5.0
30.166666666666668,-103.0,5.0
30.833333333333336,-103.0,5.0
29.5,-103.0,5.0
28.833333333333336,-103.0,5.0
42.83333333333333,-79.66666666666667,0.0
42.166666666666664,-79.66666666666667,0.0
41.5,-79.66666666666667,0.0
40.83333333333333,-79.66666666666667,0.0
40.166666666666664,-79.66666666666667,0.0
38.83333333333333,-79.66666666666667,0.0
39.5,-79.66666666666667,0.0
38.166666666666664,-79.66666666666667,0.0
36.83333333333333,-79.66666666666667,0.0
37.5,-79.66666666666667,0.0
36.166666666666664,-79.66666666666667,0.0
34.83333333333333,-79.66666666666667,0.0
35.5,-79.66666666666667,0.0
48.83333333333333,-107.0,0.0
48.166666666666664,-107.0,0.0
34.166666666666664,-79.66666666666667,0.0
47.5,-107.0,0.0
33.5,-79.66666666666667,0.0
32.83333333333333,-79.66666666666667,0.0
46.83333333333333,-107.0,0.0
46.166666666666664,-107.0,0.0
32.166666666666664,-79.66666666666667,0.0
45.5,-107.0,0.0
44.83333333333333,-107.0,0.0
44.166666666666664,-107.0,0.0
43.5,-107.0,0.0
42.83333333333333,-107.0,0.0
42.166666666666664,-107.0,0.0
41.5,-107.0,0.0
26.833333333333336,-79.66666666666667,0.0
27.5,-79.66666666666667,0.0
40.83333333333333,-107.0,0.0
40.166666666666664,-107.0,0.0
26.166666666666668,-79.66666666666667,0.0
39.5,-107.0,0.0
25.5,-79.66666666666667,0.0
38.166666666666664,-107.0,0.0
38.83333333333333,-107.0,0.0
37.5,-107.0,0.0
36.166666666666664,-107.0,0.0
36.83333333333333,-107.0,0.0
35.5,-107.0,0.0
34.83333333333333,-107.0,0.0
34.166666666666664,-107.0,0.0
33.5,-107.0,0.0
32.83333333333333,-107.0,0.0
32.166666666666664,-107.0,0.0
31.5,-107.0,0.0
46.166666666666664,-83.66666666666667,0.0
45.5,-83.66666666666667,0.0
44.83333333333333,-83.66666666666667,0.0
44.166666666666664,-83.66666666666667,0.0
43.5,-83.66666666666667,0.0
42.83333333333333,-83.66666666666667,0.0
42.166666666666664,-83.66666666666667,0.0
41.5,-83.66666666666667,0.0
40.83333333333333,-83.66666666666667,0.0
40.166666666666664,-83.66666666666667,0.0
38.83333333333333,-83.66666666666667,0.0
39.5,-83.66666666666667,0.0
38.166666666666664,-83.66666666666667,0.0
36.83333333333333,-83.66666666666667,0.0
37.5,-83.66666666666667,0.0
36.166666666666664,-83.66666666666667,0.0
35.5,-83.66666666666667,0.0
34.83333333333333,-83.66666666666667,0.0
48.83333333333333,-111.0,0.0
48.166666666666664,-111.0,0.0
34.166666666666664,-83.66666666666667,0.0
47.5,-111.0,0.0
33.5,-83.66666666666667,0.0
32.83333333333333,-83.66666666666667,0.0
46.83333333333333,-111.0,0.0
46.166666666666664,-111.0,0.0
32.166666666666664,-83.66666666666667,0.0
45.5,-111.0,0.0
30.833333333333336,-83.66666666666667,0.0
31.5,-83.66666666666667,0.0
44.83333333333333,-111.0,0.0
44.166666666666664,-111.0,0.0
30.166666666666668,-83.66666666666667,0.0
43.5,-111.0,0.0
29.5,-83.66666666666667,0.0
28.833333333333336,-83.66666666666667,0.0
42.83333333333333,-111.0,0.0
42.166666666666664,-111.0,0.0
41.5,-111.0,0.0
40.83333333333333,-111.0,0.0
40.166666666666664,-111.0,0.0
39.5,-111.0,0.0
38.166666666666664,-111.0,0.0
38.83333333333333,-111.0,0.0
37.5,-111.0,0.0
36.166666666666664,-111.0,0.0
36.83333333333333,-111.0,0.0
35.5,-111.0,0.0
34.83333333333333,-111.0,0.0
34.166666666666664,-111.0,0.0
33.5,-111.0,0.0
32.83333333333333,-111.0,0.0
32.166666666666664,-111.0,0.0
31.5,-111.0,0.0
48.166666666666664,-87.66666666666667,0.0
47.5,-87.66666666666667,0.0
46.83333333333333,-87.66666666666667,0.0
46.166666666666664,-87.66666666666667,0.0
45.5,-87.66666666666667,0.0
44.83333333333333,-87.66666666666667,0.0
44.166666666666664,-87.66666666666667,0.0
43.5,-87.66666666666667,0.0
42.83333333333333,-87.66666666666667,0.0
42.166666666666664,-87.66666666666667,0.0
41.5,-87.66666666666667,0.0
40.83333333333333,-87.66666666666667,0.0
40.166666666666664,-87.66666666666667,0.0
38.83333333333333,-87.66666666666667,0.0
39.5,-87.66666666666667,0.0
38.166666666666664,-87.66666666666667,0.0
36.83333333333333,-87.66666666666667,5.0
37.5,-87.66666666666667,2.2346368715083798
36.166666666666664,-87.66666666666667,5.0
35.5,-87.66666666666667,5.0
34.83333333333333,-87.66666666666667,5.0
48.83333333333333,-115.0,0.0
48.166666666666664,-115.0,0.0
34.166666666666664,-87.66666666666667,5.0
47.5,-115.0,0.0
33.5,-87.66666666666667,5.0
32.83333333333333,-87.66666666666667,5.0
46.83333333333333,-115.0,0.0
46.166666666666664,-115.0,0.0
32.166666666666664,-87.66666666666667,5.0
45.5,-115.0,0.0
30.833333333333336,-87.66666666666667,2.154696132596685
31.5,-87.66666666666667,5.0
44.83333333333333,-115.0,0.0
44.166666666666664,-115.0,0.0
30.166666666666668,-87.66666666666667,0.0
43.5,-115.0,0.0
42.83333333333333,-115.0,0.0
42.166666666666664,-115.0,0.0
41.5,-115.0,0.0
40.83333333333333,-115.0,0.0
40.166666666666664,-115.0,0.0
39.5,-115.0,0.0
38.166666666666664,-115.0,0.0
38.83333333333333,-115.0,0.0
37.5,-115.0,0.0
36.166666666666664,-115.0,0.0
36.83333333333333,-115.0,0.0
35.5,-115.0,0.0
34.166666666666664,-115.0,0.0
34.83333333333333,-115.0,0.0
33.5,-115.0,0.0
32.83333333333333,-115.0,0.0
32.166666666666664,-115.0,0.0
48.166666666666664,-91.66666666666667,0.0
47.5,-91.66666666666667,0.0
46.83333333333333,-91.66666666666667,0.0
46.166666666666664,-91.66666666666667,0.0
45.5,-91.66666666666667,0.0
44.83333333333333,-91.66666666666667,0.0
44.166666666666664,-91.66666666666667,0.0
43.5,-91.66666666666667,0.0
42.83333333333333,-91.66666666666667,0.0
42.166666666666664,-91.66666666666667,0.0
41.5,-91.66666666666667,0.0
40.83333333333333,-91.66666666666667,0.0
40.166666666666664,-91.66666666666667,0.0
38.83333333333333,-91.66666666666667,6.3259668508287294
39.5,-91.66666666666667,2.994186046511628
38.166666666666664,-91.66666666666667,15.0
36.83333333333333,-91.66666666666667,15.0
37.5,-91.66666666666667,15.0
36.166666666666664,-91.66666666666667,15.0
35.5,-91.66666666666667,15.0
34.83333333333333,-91.66666666666667,15.0
48.83333333333333,-119.0,0.0
48.166666666666664,-119.0,0.0
34.166666666666664,-91.66666666666667,9.216216216216216
47.5,-119.0,0.0
33.5,-91.66666666666667,2.953216374269006
32.83333333333333,-91.66666666666667,0.0
46.83333333333333,-119.0,0.0
46.166666666666664,-119.0,0.0
32.166666666666664,-91.66666666666667,0.0
45.5,-119.0,0.0
30.833333333333336,-91.66666666666667,0.0
31.5,-91.66666666666667,0.0
44.83333333333333,-119.0,0.0
44.166666666666664,-119.0,0.0
30.166666666666668,-91.66666666666667,0.0
43.5,-119.0,0.0
29.5,-91.66666666666667,0.0
28.833333333333336,-91.66666666666667,0.0
42.83333333333333,-119.0,0.0
42.166666666666664,-119.0,0.0
41.5,-119.0,0.0
40.83333333333333,-119.0,0.0
40.166666666666664,-119.0,0.0
39.5,-119.0,0.0
38.166666666666664,-119.0,0.0
38.83333333333333,-119.0,0.0
37.5,-119.0,0.0
36.166666666666664,-119.0,0.0
36.83333333333333,-119.0,0.0
35.5,-119.0,0.0
34.166666666666664,-119.0,0.0
34.83333333333333,-119.0,0.0
33.5,-119.0,0.0
32.83333333333333,-119.0,0.0
47.5,-68.33333333333334,0.0
46.83333333333333,-68.33333333333334,0.0
46.166666666666664,-68.33333333333334,0.0
45.5,-68.33333333333334,0.0
44.83333333333333,-68.33333333333334,0.0
44.166666666666664,-68.33333333333334,0.0
43.5,-68.33333333333334,0.0
48.83333333333333,-95.66666666666667,0.0
48.166666666666664,-95.66666666666667,0.0
47.5,-95.66666666666667,0.0
46.83333333333333,-95.66666666666667,0.0
46.166666666666664,-95.66666666666667,0.0
45.5,-95.66666666666667,0.0
44.83333333333333,-95.66666666666667,0.0
44.166666666666664,-95.66666666666667,0.0
43.5,-95.66666666666667,0.0
42.83333333333333,-95.66666666666667,0.0
42.166666666666664,-95.66666666666667,0.0
41.5,-95.66666666666667,0.0
40.83333333333333,-95.66666666666667,0.0
40.166666666666664,-95.66666666666667,0.0
38.83333333333333,-95.66666666666667,0.0
39.5,-95.66666666666667,0.0
38.166666666666664,-95.66666666666667,3.1666666666666665
36.83333333333333,-95.66666666666667,15.0
37.5,-95.66666666666667,7.764705882352941
36.166666666666664,-95.66666666666667,15.0
35.5,-95.66666666666667,15.0
34.83333333333333,-95.66666666666667,15.0
48.83333333333333,-123.0,0.0
48.166666666666664,-123.0,0.0
34.166666666666664,-95.66666666666667,14.941176470588236
47.5,-123.0,0.0
33.5,-95.66666666666667,5.555555555555555
32.83333333333333,-95.66666666666667,1.4166666666666667
46.83333333333333,-123.0,0.0
46.166666666666664,-123.0,0.0
32.166666666666664,-95.66666666666667,0.0
45.5,-123.0,0.0
30.833333333333336,-95.66666666666667,0.0
31.5,-95.66666666666667,0.0
44.83333333333333,-123.0,0.0
44.166666666666664,-123.0,0.0
30.166666666666668,-95.66666666666667,0.0
43.5,-123.0,0.0
29.5,-95.66666666666667,0.0
28.833333333333336,-95.66666666666667,0.0
42.83333333333333,-123.0,0.0
42.166666666666664,-123.0,0.0
28.166666666666668,-95.66666666666667,0.0
41.5,-123.0,0.0
40.83333333333333,-123.0,0.0
40.166666666666664,-123.0,0.0
39.5,-123.0,0.0
38.166666666666664,-123.0,0.0
38.83333333333333,-123.0,0.0
37.5,-123.0,0.0
36.83333333333333,-123.0,0.0
35.5,-123.0,0.0
44.83333333333333,-72.33333333333334,0.0
44.166666666666664,-72.33333333333334,0.0
43.5,-72.33333333333334,0.0
42.83333333333333,-72.33333333333334,0.0
42.166666666666664,-72.33333333333334,0.0
41.5,-72.33333333333334,0.0
40.83333333333333,-72.33333333333334,0.0
40.166666666666664,-72.33333333333334,0.0
48.83333333333333,-99.66666666666667,0.0
48.166666666666664,-99.66666666666667,0.0
47.5,-99.66666666666667,0.0
46.83333333333333,-99.66666666666667,0.0
46.166666666666664,-99.66666666666667,0.0
45.5,-99.66666666666667,0.0
44.83333333333333,-99.66666666666667,0.0
44.166666666666664,-99.66666666666667,0.0
43.5,-99.66666666666667,0.0
42.83333333333333,-99.66666666666667,0.0
42.166666666666664,-99.66666666666667,0.0
41.5,-99.66666666666667,0.0
40.83333333333333,-99.66666666666667,0.0
40.166666666666664,-99.66666666666667,0.0
38.83333333333333,-99.66666666666667,0.0
39.5,-99.66666666666667,0.0
38.166666666666664,-99.66666666666667,0.0
36.83333333333333,-99.66666666666667,5.898876404494382
37.5,-99.66666666666667,1.0919540229885059
36.166666666666664,-99.66666666666667,15.0
35.5,-99.66666666666667,15.0
34.83333333333333,-99.66666666666667,15.0
34.166666666666664,-99.66666666666667,15.0
33.5,-99.66666666666667,15.0
32.83333333333333,-99.66666666666667,11.123595505617978
32.166666666666664,-99.66666666666667,3.736559139784946
30.833333333333336,-99.66666666666667,0.0
31.5,-99.66666666666667,0.0
30.166666666666668,-99.66666666666667,0.0
29.5,-99.66666666666667,0.0
28.833333333333336,-99.66666666666667,0.0
28.166666666666668,-99.66666666666667,0.0
27.5,-99.66666666666667,0.0
26.833333333333336,-99.66666666666667,0.0
44.166666666666664,-76.33333333333334,0.0
43.5,-76.33333333333334,0.0
42.83333333333333,-76.33333333333334,0.0
42.166666666666664,-76.33333333333334,0.0
41.5,-76.33333333333334,0.0
40.83333333333333,-76.33333333333334,0.0
40.166666666666664,-76.33333333333334,0.0
39.5,-76.33333333333334,0.0
38.83333333333333,-76.33333333333334,0.0
37.5,-76.33333333333334,0.0
38.166666666666664,-76.33333333333334,0.0
36.83333333333333,-76.33333333333334,0.0
35.5,-76.33333333333334,0.0
36.166666666666664,-76.33333333333334,0.0
48.83333333333333,-103.66666666666667,0.0
34.83333333333333,-76.33333333333334,0.0
48.166666666666664,-103.66666666666667,0.0
34.166666666666664,-76.33333333333334,0.0
47.5,-103.66666666666667,0.0
46.83333333333333,-103.66666666666667,0.0
46.166666666666664,-103.66666666666667,0.0
45.5,-103.66666666666667,0.0
44.83333333333333,-103.66666666666667,0.0
44.166666666666664,-103.66666666666667,0.0
43.5,-103.66666666666667,0.0
42.83333333333333,-103.66666666666667,0.0
42.166666666666664,-103.66666666666667,0.0
41.5,-103.66666666666667,0.0
40.83333333333333,-103.66666666666667,0.0
40.166666666666664,-103.66666666666667,0.0
38.83333333333333,-103.66666666666667,0.0
39.5,-103.66666666666667,0.0
38.166666666666664,-103.66666666666667,4.661016949152542
36.83333333333333,-103.66666666666667,15.0
37.5,-103.66666666666667,9.659090909090908
36.166666666666664,-103.66666666666667,15.0
35.5,-103.66666666666667,15.0
34.83333333333333,-103.66666666666667,15.0
34.166666666666664,-103.66666666666667,15.0
33.5,-103.66666666666667,13.695652173913043
32.83333333333333,-103.66666666666667,5.706521739130435
32.166666666666664,-103.66666666666667,5.0
30.833333333333336,-103.66666666666667,5.0
31.5,-103.66666666666667,4.9728260869565215
30.166666666666668,-103.66666666666667,5.0
29.5,-103.66666666666667,5.0
28.833333333333336,-103.66666666666667,5.0
42.166666666666664,-80.33333333333334,0.0
41.5,-80.33333333333334,0.0
40.83333333333333,-80.33333333333334,0.0
39.5,-80.33333333333334,0.0
40.166666666666664,-80.33333333333334,0.0
38.83333333333333,-80.33333333333334,0.0
37.5,-80.33333333333334,0.0
38.166666666666664,-80.33333333333334,0.0
36.83333333333333,-80.33333333333334,0.0
35.5,-80.33333333333334,0.0
36.166666666666664,-80.33333333333334,0.0
48.83333333333333,-107.66666666666667,0.0
34.83333333333333,-80.33333333333334,0.0
48.166666666666664,-107.66666666666667,0.0
34.166666666666664,-80.33333333333334,0.0
33.5,-80.33333333333334,0.0
47.5,-107.66666666666667,0.0
46.83333333333333,-107.66666666666667,0.0
32.83333333333333,-80.33333333333334,0.0
46.166666666666664,-107.66666666666667,0.0
32.166666666666664,-80.33333333333334,0.0
31.5,-80.33333333333334,0.0
45.5,-107.66666666666667,0.0
44.83333333333333,-107.66666666666667,0.0
44.166666666666664,-107.66666666666667,0.0
29.5,-80.33333333333334,0.0
43.5,-107.66666666666667,0.0
42.83333333333333,-107.66666666666667,0.0
28.833333333333336,-80.33333333333334,0.0
42.166666666666664,-107.66666666666667,0.0
27.5,-80.33333333333334,0.0
28.166666666666668,-80.33333333333334,0.0
41.5,-107.66666666666667,0.0
40.83333333333333,-107.66666666666667,0.0
26.833333333333336,-80.33333333333334,0.0
40.166666666666664,-107.66666666666667,0.0
26.166666666666668,-80.33333333333334,0.0
25.5,-80.33333333333334,0.0
38.83333333333333,-107.66666666666667,0.0
39.5,-107.66666666666667,0.0
24.833333333333336,-80.33333333333334,0.0
38.166666666666664,-107.66666666666667,0.0
24.166666666666668,-80.33333333333334,0.0
36.83333333333333,-107.66666666666667,0.0
37.5,-107.66666666666667,0.0
36.166666666666664,-107.66666666666667,0.0
34.83333333333333,-107.66666666666667,0.0
35.5,-107.66666666666667,0.0
34.166666666666664,-107.66666666666667,0.0
33.5,-107.66666666666667,0.0
32.83333333333333,-107.66666666666667,0.0
32.166666666666664,-107.66666666666667,0.0
31.5,-107.66666666666667,0.0
46.166666666666664,-84.33333333333334,0.0
45.5,-84.33333333333334,0.0
44.83333333333333,-84.33333333333334,0.0
44.166666666666664,-84.33333333333334,0.0
43.5,-84.33333333333334,0.0
42.83333333333333,-84.33333333333334,0.0
42.166666666666664,-84.33333333333334,0.0
41.5,-84.33333333333334,0.0
40.83333333333333,-84.33333333333334,0.0
39.5,-84.33333333333334,0.0
40.166666666666664,-84.33333333333334,0.0
38.83333333333333,-84.33333333333334,0.0
37.5,-84.33333333333334,0.0
38.166666666666664,-84.33333333333334,0.0
36.83333333333333,-84.33333333333334,0.0
35.5,-84.33333333333334,0.0
36.166666666666664,-84.33333333333334,0.0
48.83333333333333,-111.66666666666667,0.0
34.83333333333333,-84.33333333333334,0.0
48.166666666666664,-111.66666666666667,0.0
34.166666666666664,-84.33333333333334,0.35714285714285715
33.5,-84.33333333333334,0.0273224043715847
47.5,-111.66666666666667,0.0
46.83333333333333,-111.66666666666667,0.0
32.83333333333333,-84.33333333333334,0.0
46.166666666666664,-111.66666666666667,0.0
31.5,-84.33333333333334,0.0
32.166666666666664,-84.33333333333334,0.0
45.5,-111.66666666666667,0.0
44.83333333333333,-111.66666666666667,0.0
30.833333333333336,-84.33333333333334,0.0
44.166666666666664,-111.66666666666667,0.0
29.5,-84.33333333333334,0.0
30.166666666666668,-84.33333333333334,0.0
43.5,-111.66666666666667,0.0
42.83333333333333,-111.66666666666667,0.0
42.166666666666664,-111.66666666666667,0.0
41.5,-111.66666666666667,0.0
40.83333333333333,-111.66666666666667,0.0
40.166666666666664,-111.66666666666667,0.0
38.83333333333333,-111.66666666666667,0.0
39.5,-111.66666666666667,0.0
38.166666666666664,-111.66666666666667,0.0
36.83333333333333,-111.66666666666667,0.0
37.5,-111.66666666666667,0.0
36.166666666666664,-111.66666666666667,0.0
34.83333333333333,-111.66666666666667,0.0
35.5,-111.66666666666667,0.0
34.166666666666664,-111.66666666666667,0.0
33.5,-111.66666666666667,0.0
32.83333333333333,-111.66666666666667,0.0
32.166666666666664,-111.66666666666667,0.0
31.5,-111.66666666666667,0.0
48.166666666666664,-88.33333333333334,0.0
47.5,-88.33333333333334,0.0
46.83333333333333,-88.33333333333334,0.0
46.166666666666664,-88.33333333333334,0.0
45.5,-88.33333333333334,0.0
44.83333333333333,-88.33333333333334,0.0
44.166666666666664,-88.33333333333334,0.0
43.5,-88.33333333333334,0.0
42.83333333333333,-88.33333333333334,0.0
42.166666666666664,-88.33333333333334,0.0
41.5,-88.33333333333334,0.0
40.83333333333333,-88.33333333333334,0.0
39.5,-88.33333333333334,0.0
40.166666666666664,-88.33333333333334,0.0
38.83333333333333,-88.33333333333334,0.0
37.5,-88.33333333333334,4.916666666666667
38.166666666666664,-88.33333333333334,1.1299435028248588
36.83333333333333,-88.33333333333334,8.651685393258427
35.5,-88.33333333333334,11.483516483516484
36.166666666666664,-88.33333333333334,12.513812154696133
48.83333333333333,-115.66666666666667,0.0
34.83333333333333,-88.33333333333334,8.068181818181818
48.166666666666664,-115.66666666666667,0.0
34.166666666666664,-88.33333333333334,5.0
33.5,-88.33333333333334,5.0
47.5,-115.66666666666667,0.0
46.83333333333333,-115.66666666666667,0.0
32.83333333333333,-88.33333333333334,5.0
46.166666666666664,-115.66666666666667,0.0
31.5,-88.33333333333334,4.351351351351352
32.166666666666664,-88.33333333333334,5.0
45.5,-115.66666666666667,0.0
44.83333333333333,-115.66666666666667,0.0
30.833333333333336,-88.33333333333334,0.44502617801047123
44.166666666666664,-115.66666666666667,0.0
30.166666666666668,-88.33333333333334,0.0
29.5,-88.33333333333334,0.0
43.5,-115.66666666666667,0.0
42.83333333333333,-115.66666666666667,0.0
28.833333333333336,-88.33333333333334,0.0
42.166666666666664,-115.66666666666667,0.0
41.5,-115.66666666666667,0.0
40.83333333333333,-115.66666666666667,0.0
40.166666666666664,-115.66666666666667,0.0
38.83333333333333,-115.66666666666667,0.0
39.5,-115.66666666666667,0.0
38.166666666666664,-115.66666666666667,0.0
36.83333333333333,-115.66666666666667,0.0
37.5,-115.66666666666667,0.0
36.166666666666664,-115.66666666666667,0.0
34.83333333333333,-115.66666666666667,0.0
35.5,-115.66666666666667,0.0
34.166666666666664,-115.66666666666667,0.0
33.5,-115.66666666666667,0.0
32.83333333333333,-115.66666666666667,0.0
48.83333333333333,-92.33333333333334,0.0
48.166666666666664,-92.33333333333334,0.0
47.5,-92.33333333333334,0.0
46.83333333333333,-92.33333333333334,0.0
46.166666666666664,-92.33333333333334,0.0
45.5,-92.33333333333334,0.0
44.83333333333333,-92.33333333333334,0.0
44.166666666666664,-92.33333333333334,0.0
43.5,-92.33333333333334,0.0
42.83333333333333,-92.33333333333334,0.0
42.166666666666664,-92.33333333333334,0.0
41.5,-92.33333333333334,0.0
40.83333333333333,-92.33333333333334,0.0
39.5,-92.33333333333334,3.4324324324324325
40.166666666666664,-92.33333333333334,0.0
38.83333333333333,-92.33333333333334,6.193181818181818
37.5,-92.33333333333334,15.0
38.166666666666664,-92.33333333333334,15.0
36.83333333333333,-92.33333333333334,15.0
35.5,-92.33333333333334,15.0
36.166666666666664,-92.33333333333334,15.0
48.83333333333333,-119.66666666666667,0.0
34.83333333333333,-92.33333333333334,15.0
48.166666666666664,-119.66666666666667,0.0
34.166666666666664,-92.33333333333334,8.957219251336898
33.5,-92.33333333333334,1.7741935483870968
47.5,-119.66666666666667,0.0
46.83333333333333,-119.66666666666667,0.0
32.83333333333333,-92.33333333333334,0.0
46.166666666666664,-119.66666666666667,0.0
31.5,-92.33333333333334,0.0
32.166666666666664,-92.33333333333334,0.0
45.5,-119.66666666666667,0.0
44.83333333333333,-119.66666666666667,0.0
30.833333333333336,-92.33333333333334,0.0
44.166666666666664,-119.66666666666667,0.0
30.166666666666668,-92.33333333333334,0.0
29.5,-92.33333333333334,0.0
43.5,-119.66666666666667,0.0
42.83333333333333,-119.66666666666667,0.0
42.166666666666664,-119.66666666666667,0.0
41.5,-119.66666666666667,0.0
40.83333333333333,-119.66666666666667,0.0
40.166666666666664,-119.66666666666667,0.0
39.5,-119.66666666666667,0.0
38.83333333333333,-119.66666666666667,0.0
38.166666666666664,-119.66666666666667,0.0
36.83333333333333,-119.66666666666667,0.0
37.5,-119.66666666666667,0.0
36.166666666666664,-119.66666666666667,0.0
34.83333333333333,-119.66666666666667,0.0
35.5,-119.66666666666667,0.0
34.166666666666664,-119.66666666666667,0.0
47.5,-69.0,0.0
46.83333333333333,-69.0,0.0
46.166666666666664,-69.0,0.0
45.5,-69.0,0.0
44.83333333333333,-69.0,0.0
44.166666666666664,-69.0,0.0
43.5,-69.0,0.0
48.83333333333333,-96.33333333333334,0.0
48.166666666666664,-96.33333333333334,0.0
47.5,-96.33333333333334,0.0
46.83333333333333,-96.33333333333334,0.0
46.166666666666664,-96.33333333333334,0.0
45.5,-96.33333333333334,0.0
44.83333333333333,-96.33333333333334,0.0
44.166666666666664,-96.33333333333334,0.0
43.5,-96.33333333333334,0.0
42.83333333333333,-96.33333333333334,0.0
42.166666666666664,-96.33333333333334,0.0
41.5,-96.33333333333334,0.0
40.83333333333333,-96.33333333333334,0.0
39.5,-96.33333333333334,0.0
40.166666666666664,-96.33333333333334,0.0
38.83333333333333,-96.33333333333334,0.0
37.5,-96.33333333333334,4.972222222222222
38.166666666666664,-96.33333333333334,0.6944444444444444
36.83333333333333,-96.33333333333334,13.579545454545455
35.5,-96.33333333333334,15.0
36.166666666666664,-96.33333333333334,15.0
34.83333333333333,-96.33333333333334,15.0
48.166666666666664,-123.66666666666667,0.0
34.166666666666664,-96.33333333333334,15.0
33.5,-96.33333333333334,7.722222222222222
47.5,-123.66666666666667,0.0
46.83333333333333,-123.66666666666667,0.0
32.83333333333333,-96.33333333333334,2.710526315789474
46.166666666666664,-123.66666666666667,0.0
31.5,-96.33333333333334,0.0
32.166666666666664,-96.33333333333334,0.0
45.5,-123.66666666666667,0.0
44.83333333333333,-123.66666666666667,0.0
30.833333333333336,-96.33333333333334,0.0
44.166666666666664,-123.66666666666667,0.0
30.166666666666668,-96.33333333333334,0.0
29.5,-96.33333333333334,0.0
43.5,-123.66666666666667,0.0
42.83333333333333,-123.66666666666667,0.0
28.833333333333336,-96.33333333333334,0.0
42.166666666666664,-123.66666666666667,0.0
27.5,-96.33333333333334,0.0
28.166666666666668,-96.33333333333334,0.0
41.5,-123.66666666666667,0.0
40.83333333333333,-123.66666666666667,0.0
40.166666666666664,-123.66666666666667,0.0
39.5,-123.66666666666667,0.0
38.83333333333333,-123.66666666666667,0.0
38.166666666666664,-123.66666666666667,0.0
37.5,-123.66666666666667,0.0
44.83333333333333,-73.0,0.0
44.166666666666664,-73.0,0.0
43.5,-73.0,0.0
42.83333333333333,-73.0,0.0
42.166666666666664,-73.0,0.0
41.5,-73.0,0.0
40.83333333333333,-73.0,0.0
40.166666666666664,-73.0,0.0
48.83333333333333,-100.33333333333334,0.0
48.166666666666664,-100.33333333333334,0.0
47.5,-100.33333333333334,0.0
46.83333333333333,-100.33333333333334,0.0
46.166666666666664,-100.33333333333334,0.0
45.5,-100.33333333333334,0.0
44.83333333333333,-100.33333333333334,0.0
44.166666666666664,-100.33333333333334,0.0
43.5,-100.33333333333334,0.0
42.83333333333333,-100.33333333333334,0.0
42.166666666666664,-100.33333333333334,0.0
41.5,-100.33333333333334,0.0
40.83333333333333,-100.33333333333334,0.0
39.5,-100.33333333333334,0.0
40.166666666666664,-100.33333333333334,0.0
38.83333333333333,-100.33333333333334,0.0
37.5,-100.33333333333334,1.497175141242938
38.166666666666664,-100.33333333333334,0.0
36.83333333333333,-100.33333333333334,6.0
35.5,-100.33333333333334,15.0
36.166666666666664,-100.33333333333334,15.0
34.83333333333333,-100.33333333333334,15.0
34.166666666666664,-100.33333333333334,15.0
33.5,-100.33333333333334,15.0
32.83333333333333,-100.33333333333334,13.359788359788359
31.5,-100.33333333333334,0.5586592178770949
32.166666666666664,-100.33333333333334,4.835164835164835
30.833333333333336,-100.33333333333334,0.0
30.166666666666668,-100.33333333333334,0.0
29.5,-100.33333333333334,0.0
28.833333333333336,-100.33333333333334,0.0
28.166666666666668,-100.33333333333334,0.0
43.5,-77.0,0.0
42.83333333333333,-77.0,0.0
42.166666666666664,-77.0,0.0
41.5,-77.0,0.0
40.83333333333333,-77.0,0.0
40.166666666666664,-77.0,0.0
39.5,-77.0,0.0
38.166666666666664,-77.0,0.0
38.83333333333333,-77.0,0.0
37.5,-77.0,0.0
36.166666666666664,-77.0,0.0
36.83333333333333,-77.0,0.0
35.5,-77.0,0.0
48.83333333333333,-104.33333333333334,0.0
34.83333333333333,-77.0,0.0
34.166666666666664,-77.0,0.0
48.166666666666664,-104.33333333333334,0.0
47.5,-104.33333333333334,0.0
46.83333333333333,-104.33333333333334,0.0
46.166666666666664,-104.33333333333334,0.0
45.5,-104.33333333333334,0.0
44.83333333333333,-104.33333333333334,0.0
44.166666666666664,-104.33333333333334,0.0
43.5,-104.33333333333334,0.0
42.83333333333333,-104.33333333333334,0.0
42.166666666666664,-104.33333333333334,0.0
41.5,-104.33333333333334,0.0
40.83333333333333,-104.33333333333334,0.0
39.5,-104.33333333333334,0.0
40.166666666666664,-104.33333333333334,0.0
38.83333333333333,-104.33333333333334,0.0
37.5,-104.33333333333334,8.05084745762712
38.166666666666664,-104.33333333333334,4.661016949152542
36.83333333333333,-104.33333333333334,15.0
35.5,-104.33333333333334,15.0
36.166666666666664,-104.33333333333334,15.0
34.83333333333333,-104.33333333333334,15.0
34.166666666666664,-104.33333333333334,14.162011173184357
33.5,-104.33333333333334,5.527777777777778
32.83333333333333,-104.33333333333334,1.3114754098360655
31.5,-104.33333333333334,0.10869565217391304
32.166666666666664,-104.33333333333334,0.3551912568306011
30.833333333333336,-104.33333333333334,0.8870967741935484
30.166666666666668,-104.33333333333334,1.935483870967742
29.5,-104.33333333333334,3.3908045977011496
42.166666666666664,-81.0,0.0
41.5,-81.0,0.0
40.83333333333333,-81.0,0.0
40.166666666666664,-81.0,0.0
39.5,-81.0,0.0
38.166666666666664,-81.0,0.0
38.83333333333333,-81.0,0.0
37.5,-81.0,0.0
36.166666666666664,-81.0,0.0
36.83333333333333,-81.0,0.0
35.5,-81.0,0.0
48.83333333333333,-108.33333333333334,0.0
34.83333333333333,-81.0,0.0
34.166666666666664,-81.0,0.0
48.166666666666664,-108.33333333333334,0.0
47.5,-108.33333333333334,0.0
33.5,-81.0,0.0
46.83333333333333,-108.33333333333334,0.0
32.83333333333333,-81.0,0.0
32.166666666666664,-81.0,0.0
46.166666666666664,-108.33333333333334,0.0
45.5,-108.33333333333334,0.0
31.5,-81.0,0.0
44.83333333333333,-108.33333333333334,0.0
30.166666666666668,-81.0,0.0
30.833333333333336,-81.0,0.0
44.166666666666664,-108.33333333333334,0.0
43.5,-108.33333333333334,0.0
29.5,-81.0,0.0
42.83333333333333,-108.33333333333334,0.0
28.833333333333336,-81.0,0.0
28.166666666666668,-81.0,0.0
42.166666666666664,-108.33333333333334,0.0
41.5,-108.33333333333334,0.0
27.5,-81.0,0.0
40.83333333333333,-108.33333333333334,0.0
26.833333333333336,-81.0,0.0
26.166666666666668,-81.0,0.0
39.5,-108.33333333333334,0.0
40.166666666666664,-108.33333333333334,0.0
25.5,-81.0,0.0
38.83333333333333,-108.33333333333334,0.0
24.833333333333336,-81.0,0.0
24.166666666666668,-81.0,0.0
37.5,-108.33333333333334,0.0
38.166666666666664,-108.33333333333334,0.0
36.83333333333333,-108.33333333333334,0.0
35.5,-108.33333333333334,0.0
36.166666666666664,-108.33333333333334,0.0
34.83333333333333,-108.33333333333334,0.0
34.166666666666664,-108.33333333333334,0.0
33.5,-108.33333333333334,0.0
32.83333333333333,-108.33333333333334,0.0
31.5,-108.33333333333334,0.0
32.166666666666664,-108.33333333333334,0.0
46.83333333333333,-85.0,0.0
46.166666666666664,-85.0,0.0
45.5,-85.0,0.0
44.83333333333333,-85.0,0.0
44.166666666666664,-85.0,0.0
43.5,-85.0,0.0
42.83333333333333,-85.0,0.0
42.166666666666664,-85.0,0.0
41.5,-85.0,0.0
40.166666666666664,-85.0,0.0
40.83333333333333,-85.0,0.0
39.5,-85.0,0.0
38.166666666666664,-85.0,0.0
38.83333333333333,-85.0,0.0
37.5,-85.0,0.0
36.166666666666664,-85.0,0.0
36.83333333333333,-85.0,0.0
35.5,-85.0,0.8333333333333334
48.83333333333333,-112.33333333333334,0.0
34.83333333333333,-85.0,3.342541436464088
34.166666666666664,-85.0,4.834254143646409
48.166666666666664,-112.33333333333334,0.0
47.5,-112.33333333333334,0.0
33.5,-85.0,4.005524861878453
46.83333333333333,-112.33333333333334,0.0
32.83333333333333,-85.0,1.3315217391304348
32.166666666666664,-85.0,0.0
46.166666666666664,-112.33333333333334,0.0
45.5,-112.33333333333334,0.0
31.5,-85.0,0.0
44.83333333333333,-112.33333333333334,0.0
30.166666666666668,-85.0,0.0
30.833333333333336,-85.0,0.0
44.166666666666664,-112.33333333333334,0.0
43.5,-112.33333333333334,0.0
29.5,-85.0,0.0
42.83333333333333,-112.33333333333334,0.0
42.166666666666664,-112.33333333333334,0.0
41.5,-112.33333333333334,0.0
40.83333333333333,-112.33333333333334,0.0
39.5,-112.33333333333334,0.0
40.166666666666664,-112.33333333333334,0.0
38.83333333333333,-112.33333333333334,0.0
37.5,-112.33333333333334,0.0
38.166666666666664,-112.33333333333334,0.0
36.83333333333333,-112.33333333333334,0.0
35.5,-112.33333333333334,0.0
36.166666666666664,-112.33333333333334,0.0
34.83333333333333,-112.33333333333334,0.0
34.166666666666664,-112.33333333333334,0.0
33.5,-112.33333333333334,0.0
32.83333333333333,-112.33333333333334,0.0
32.166666666666664,-112.33333333333334,0.0
31.5,-112.33333333333334,0.0
48.166666666666664,-89.0,0.0
47.5,-89.0,0.0
46.83333333333333,-89.0,0.0
46.166666666666664,-89.0,0.0
45.5,-89.0,0.0
44.83333333333333,-89.0,0.0
44.166666666666664,-89.0,0.0
43.5,-89.0,0.0
42.83333333333333,-89.0,0.0
42.166666666666664,-89.0,0.0
41.5,-89.0,0.0
40.166666666666664,-89.0,0.0
40.83333333333333,-89.0,0.0
39.5,-89.0,0.0
38.166666666666664,-89.0,4.571428571428571
38.83333333333333,-89.0,0.4748603351955307
37.5,-89.0,11.25
36.166666666666664,-89.0,15.0
36.83333333333333,-89.0,15.0
35.5,-89.0,15.0
48.83333333333333,-116.33333333333334,0.0
34.83333333333333,-89.0,14.832402234636872
34.166666666666664,-89.0,6.075268817204301
48.166666666666664,-116.33333333333334,0.0
47.5,-116.33333333333334,0.0
33.5,-89.0,5.0
46.83333333333333,-116.33333333333334,0.0
32.83333333333333,-89.0,5.0
32.166666666666664,-89.0,4.468085106382978
46.166666666666664,-116.33333333333334,0.0
45.5,-116.33333333333334,0.0
31.5,-89.0,0.5706521739130435
44.83333333333333,-116.33333333333334,0.0
30.166666666666668,-89.0,0.0
30.833333333333336,-89.0,0.0
44.166666666666664,-116.33333333333334,0.0
43.5,-116.33333333333334,0.0
29.5,-89.0,0.0
42.83333333333333,-116.33333333333334,0.0
28.833333333333336,-89.0,0.0
42.166666666666664,-116.33333333333334,0.0
41.5,-116.33333333333334,0.0
40.83333333333333,-116.33333333333334,0.0
40.166666666666664,-116.33333333333334,0.0
39.5,-116.33333333333334,0.0
38.83333333333333,-116.33333333333334,0.0
37.5,-116.33333333333334,0.0
38.166666666666664,-116.33333333333334,0.0
36.83333333333333,-116.33333333333334,0.0
35.5,-116.33333333333334,0.0
36.166666666666664,-116.33333333333334,0.0
34.83333333333333,-116.33333333333334,0.0
34.166666666666664,-116.33333333333334,0.0
33.5,-116.33333333333334,0.0
32.83333333333333,-116.33333333333334,0.0
48.83333333333333,-93.0,0.0
48.166666666666664,-93.0,0.0
47.5,-93.0,0.0
46.83333333333333,-93.0,0.0
46.166666666666664,-93.0,0.0
45.5,-93.0,0.0
44.83333333333333,-93.0,0.0
44.166666666666664,-93.0,0.0
43.5,-93.0,0.0
42.83333333333333,-93.0,0.0
42.166666666666664,-93.0,0.0
41.5,-93.0,0.0
40.166666666666664,-93.0,0.0
40.83333333333333,-93.0,0.0
39.5,-93.0,2.7976190476190474
38.166666666666664,-93.0,14.333333333333334
38.83333333333333,-93.0,5.0
37.5,-93.0,15.0
36.166666666666664,-93.0,15.0
36.83333333333333,-93.0,15.0
35.5,-93.0,15.0
48.83333333333333,-120.33333333333334,0.0
34.83333333333333,-93.0,15.0
34.166666666666664,-93.0,9.666666666666666
48.166666666666664,-120.33333333333334,0.0
47.5,-120.33333333333334,0.0
33.5,-93.0,2.074468085106383
46.83333333333333,-120.33333333333334,0.0
32.83333333333333,-93.0,0.0
32.166666666666664,-93.0,0.0
46.166666666666664,-120.33333333333334,0.0
45.5,-120.33333333333334,0.0
31.5,-93.0,0.0
44.83333333333333,-120.33333333333334,0.0
30.166666666666668,-93.0,0.0
30.833333333333336,-93.0,0.0
44.166666666666664,-120.33333333333334,0.0
43.5,-120.33333333333334,0.0
29.5,-93.0,0.0
42.83333333333333,-120.33333333333334,0.0
42.166666666666664,-120.33333333333334,0.0
41.5,-120.33333333333334,0.0
40.83333333333333,-120.33333333333334,0.0
40.166666666666664,-120.33333333333334,0.0
39.5,-120.33333333333334,0.0
38.83333333333333,-120.33333333333334,0.0
37.5,-120.33333333333334,0.0
38.166666666666664,-120.33333333333334,0.0
36.83333333333333,-120.33333333333334,0.0
35.5,-120.33333333333334,0.0
36.166666666666664,-120.33333333333334,0.0
34.83333333333333,-120.33333333333334,0.0
34.166666666666664,-120.33333333333334,0.0
47.5,-69.66666666666667,0.0
46.83333333333333,-69.66666666666667,0.0
46.166666666666664,-69.66666666666667,0.0
45.5,-69.66666666666667,0.0
44.83333333333333,-69.66666666666667,0.0
44.166666666666664,-69.66666666666667,0.0
43.5,-69.66666666666667,0.0
42.83333333333333,-69.66666666666667,0.0
42.166666666666664,-69.66666666666667,0.0
41.5,-69.66666666666667,0.0
40.83333333333333,-69.66666666666667,0.0
48.83333333333333,-97.0,0.0
48.166666666666664,-97.0,0.0
47.5,-97.0,0.0
46.83333333333333,-97.0,0.0
46.166666666666664,-97.0,0.0
45.5,-97.0,0.0
44.83333333333333,-97.0,0.0
44.166666666666664,-97.0,0.0
43.5,-97.0,0.0
42.83333333333333,-97.0,0.0
42.166666666666664,-97.0,0.0
41.5,-97.0,0.0
40.166666666666664,-97.0,0.0
40.83333333333333,-97.0,0.0
39.5,-97.0,0.0
38.166666666666664,-97.0,0.0
38.83333333333333,-97.0,0.0
37.5,-97.0,3.4722222222222223
36.166666666666664,-97.0,15.0
36.83333333333333,-97.0,10.393258426966293
35.5,-97.0,15.0
34.83333333333333,-97.0,15.0
34.166666666666664,-97.0,15.0
48.166666666666664,-124.33333333333334,0.0
47.5,-124.33333333333334,0.0
33.5,-97.0,10.435897435897436
46.83333333333333,-124.33333333333334,0.0
32.166666666666664,-97.0,0.0
32.83333333333333,-97.0,4.0710382513661205
46.166666666666664,-124.33333333333334,0.0
45.5,-124.33333333333334,0.0
31.5,-97.0,0.0
44.83333333333333,-124.33333333333334,0.0
30.166666666666668,-97.0,0.0
30.833333333333336,-97.0,0.0
44.166666666666664,-124.33333333333334,0.0
43.5,-124.33333333333334,0.0
29.5,-97.0,0.0
42.83333333333333,-124.33333333333334,0.0
28.166666666666668,-97.0,0.0
28.833333333333336,-97.0,0.0
42.166666666666664,-124.33333333333334,0.0
41.5,-124.33333333333334,0.0
27.5,-97.0,0.0
40.83333333333333,-124.33333333333334,0.0
26.833333333333336,-97.0,0.0
26.166666666666668,-97.0,0.0
40.166666666666664,-124.33333333333334,0.0
39.5,-124.33333333333334,0.0
38.83333333333333,-124.33333333333334,0.0
44.83333333333333,-73.66666666666667,0.0
44.166666666666664,-73.66666666666667,0.0
43.5,-73.66666666666667,0.0
42.83333333333333,-73.66666666666667,0.0
42.166666666666664,-73.66666666666667,0.0
41.5,-73.66666666666667,0.0
40.83333333333333,-73.66666666666667,0.0
40.166666666666664,-73.66666666666667,0.0
39.5,-73.66666666666667,0.0
48.83333333333333,-101.0,0.0
48.166666666666664,-101.0,0.0
47.5,-101.0,0.0
46.83333333333333,-101.0,0.0
46.166666666666664,-101.0,0.0
45.5,-101.0,0.0
44.83333333333333,-101.0,0.0
44.166666666666664,-101.0,0.0
43.5,-101.0,0.0
42.83333333333333,-101.0,0.0
42.166666666666664,-101.0,0.0
41.5,-101.0,0.0
40.166666666666664,-101.0,0.0
40.83333333333333,-101.0,0.0
39.5,-101.0,0.0
38.166666666666664,-101.0,0.0
38.83333333333333,-101.0,0.0
37.5,-101.0,2.414772727272727
36.166666666666664,-101.0,15.0
36.83333333333333,-101.0,6.396648044692737
35.5,-101.0,15.0
34.83333333333333,-101.0,15.0
34.166666666666664,-101.0,15.0
33.5,-101.0,15.0
32.83333333333333,-101.0,14.82857142857143
32.166666666666664,-101.0,5.0
31.5,-101.0,2.6470588235294117
30.166666666666668,-101.0,0.0
30.833333333333336,-101.0,0.0
29.5,-101.0,0.0
28.833333333333336,-101.0,0.0
43.5,-77.66666666666667,0.0
42.83333333333333,-77.66666666666667,0.0
42.166666666666664,-77.66666666666667,0.0
41.5,-77.66666666666667,0.0
40.83333333333333,-77.66666666666667,0.0
40.166666666666664,-77.66666666666667,0.0
38.83333333333333,-77.66666666666667,0.0
39.5,-77.66666666666667,0.0
38.166666666666664,-77.66666666666667,0.0
36.83333333333333,-77.66666666666667,0.0
37.5,-77.66666666666667,0.0
36.166666666666664,-77.66666666666667,0.0
34.83333333333333,-77.66666666666667,0.0
35.5,-77.66666666666667,0.0
48.83333333333333,-105.0,0.0
48.166666666666664,-105.0,0.0
34.166666666666664,-77.66666666666667,0.0
47.5,-105.0,0.0
33.5,-77.66666666666667,0.0
46.83333333333333,-105.0,0.0
46.166666666666664,-105.0,0.0
45.5,-105.0,0.0
44.83333333333333,-105.0,0.0
44.166666666666664,-105.0,0.0
43.5,-105.0,0.0
42.83333333333333,-105.0,0.0
42.166666666666664,-105.0,0.0
41.5,-105.0,0.0
40.166666666666664,-105.0,0.0
40.83333333333333,-105.0,0.0
39.5,-105.0,0.0
38.166666666666664,-105.0,1.5730337078651686
38.83333333333333,-105.0,0.0
37.5,-105.0,3.2865168539325844
36.166666666666664,-105.0,13.324022346368714
36.83333333333333,-105.0,10.308988764044944
35.5,-105.0,13.333333333333334
34.83333333333333,-105.0,13.131868131868131
34.166666666666664,-105.0,5.25
33.5,-105.0,0.2185792349726776
32.83333333333333,-105.0,0.0
32.166666666666664,-105.0,0.0
31.5,-105.0,0.0
30.166666666666668,-105.0,0.0
30.833333333333336,-105.0,0.0
42.166666666666664,-81.66666666666667,0.0
41.5,-81.66666666666667,0.0
40.83333333333333,-81.66666666666667,0.0
40.166666666666664,-81.66666666666667,0.0
38.83333333333333,-81.66666666666667,0.0
39.5,-81.66666666666667,0.0
38.166666666666664,-81.66666666666667,0.0
36.83333333333333,-81.66666666666667,0.0
37.5,-81.66666666666667,0.0
36.166666666666664,-81.66666666666667,0.0
34.83333333333333,-81.66666666666667,0.0
35.5,-81.66666666666667,0.0
48.83333333333333,-109.0,0.0
48.166666666666664,-109.0,0.0
34.166666666666664,-81.66666666666667,0.0
47.5,-109.0,0.0
33.5,-81.66666666666667,0.0
32.83333333333333,-81.66666666666667,0.0
46.83333333333333,-109.0,0.0
46.166666666666664,-109.0,0.0
32.166666666666664,-81.66666666666667,0.0
45.5,-109.0,0.0
30.833333333333336,-81.66666666666667,0.0
31.5,-81.66666666666667,0.0
44.83333333333333,-109.0,0.0
44.166666666666664,-109.0,0.0
30.166666666666668,-81.66666666666667,0.0
43.5,-109.0,0.0
29.5,-81.66666666666667,0.0
28.833333333333336,-81.66666666666667,0.0
42.83333333333333,-109.0,0.0
42.166666666666664,-109.0,0.0
28.166666666666668,-81.66666666666667,0.0
41.5,-109.0,0.0
26.833333333333336,-81.66666666666667,0.0
27.5,-81.66666666666667,0.0
40.83333333333333,-109.0,0.0
40.166666666666664,-109.0,0.0
26.166666666666668,-81.66666666666667,0.0
39.5,-109.0,0.0
25.5,-81.66666666666667,0.0
24.833333333333336,-81.66666666666667,0.0
38.166666666666664,-109.0,0.0
38.83333333333333,-109.0,0.0
24.166666666666668,-81.66666666666667,0.0
37.5,-109.0,0.0
36.166666666666664,-109.0,0.0
36.83333333333333,-109.0,0.0
35.5,-109.0,0.0
34.83333333333333,-109.0,0.0
34.166666666666664,-109.0,0.0
33.5,-109.0,0.0
32.83333333333333,-109.0,0.0
32.166666666666664,-109.0,0.0
31.5,-109.0,0.0
47.5,-85.66666666666667,0.0
46.83333333333333,-85.66666666666667,0.0
46.166666666666664,-85.66666666666667,0.0
45.5,-85.66666666666667,0.0
44.83333333333333,-85.66666666666667,0.0
44.166666666666664,-85.66666666666667,0.0
43.5,-85.66666666666667,0.0
42.83333333333333,-85.66666666666667,0.0
42.166666666666664,-85.66666666666667,0.0
41.5,-85.66666666666667,0.0
40.83333333333333,-85.66666666666667,0.0
40.166666666666664,-85.66666666666667,0.0
38.83333333333333,-85.66666666666667,0.0
39.5,-85.66666666666667,0.0
38.166666666666664,-85.66666666666667,0.0
36.83333333333333,-85.66666666666667,0.0
37.5,-85.66666666666667,0.0
36.166666666666664,-85.66666666666667,0.5337078651685393
35.5,-85.66666666666667,4.640883977900552
34.83333333333333,-85.66666666666667,5.0
48.83333333333333,-113.0,0.0
48.166666666666664,-113.0,0.0
34.166666666666664,-85.66666666666667,5.0
47.5,-113.0,0.0
33.5,-85.66666666666667,5.0
32.83333333333333,-85.66666666666667,5.0
46.83333333333333,-113.0,0.0
46.166666666666664,-113.0,0.0
32.166666666666664,-85.66666666666667,2.841530054644809
45.5,-113.0,0.0
30.833333333333336,-85.66666666666667,0.0
31.5,-85.66666666666667,0.0273224043715847
44.83333333333333,-113.0,0.0
44.166666666666664,-113.0,0.0
30.166666666666668,-85.66666666666667,0.0
43.5,-113.0,0.0
29.5,-85.66666666666667,0.0
42.83333333333333,-113.0,0.0
42.166666666666664,-113.0,0.0
41.5,-113.0,0.0
40.83333333333333,-113.0,0.0
40.166666666666664,-113.0,0.0
39.5,-113.0,0.0
38.166666666666664,-113.0,0.0
38.83333333333333,-113.0,0.0
37.5,-113.0,0.0
36.166666666666664,-113.0,0.0
36.83333333333333,-113.0,0.0
35.5,-113.0,0.0
34.83333333333333,-113.0,0.0
34.166666666666664,-113.0,0.0
33.5,-113.0,0.0
32.83333333333333,-113.0,0.0
32.166666666666664,-113.0,0.0
48.166666666666664,-89.66666666666667,0.0
47.5,-89.66666666666667,0.0
46.83333333333333,-89.66666666666667,0.0
46.166666666666664,-89.66666666666667,0.0
45.5,-89.66666666666667,0.0
44.83333333333333,-89.66666666666667,0.0
44.166666666666664,-89.66666666666667,0.0
43.5,-89.66666666666667,0.0
42.83333333333333,-89.66666666666667,0.0
42.166666666666664,-89.66666666666667,0.0
41.5,-89.66666666666667,0.0
40.83333333333333,-89.66666666666667,0.0
40.166666666666664,-89.66666666666667,0.0
38.83333333333333,-89.66666666666667,3.061797752808989
39.5,-89.66666666666667,0.0
38.166666666666664,-89.66666666666667,7.655367231638418
36.83333333333333,-89.66666666666667,15.0
37.5,-89.66666666666667,15.0
36.166666666666664,-89.66666666666667,15.0
35.5,-89.66666666666667,15.0
34.83333333333333,-89.66666666666667,15.0
48.83333333333333,-117.0,0.0
48.166666666666664,-117.0,0.0
34.166666666666664,-89.66666666666667,9.222222222222221
47.5,-117.0,0.0
33.5,-89.66666666666667,5.0
32.83333333333333,-89.66666666666667,4.7631578947368425
46.83333333333333,-117.0,0.0
46.166666666666664,-117.0,0.0
32.166666666666664,-89.66666666666667,0.7909604519774012
45.5,-117.0,0.0
30.833333333333336,-89.66666666666667,0.0
31.5,-89.66666666666667,0.0
44.83333333333333,-117.0,0.0
44.166666666666664,-117.0,0.0
30.166666666666668,-89.66666666666667,0.0
43.5,-117.0,0.0
29.5,-89.66666666666667,0.0
28.833333333333336,-89.66666666666667,0.0
42.83333333333333,-117.0,0.0
42.166666666666664,-117.0,0.0
41.5,-117.0,0.0
40.83333333333333,-117.0,0.0
40.166666666666664,-117.0,0.0
39.5,-117.0,0.0
38.166666666666664,-117.0,0.0
38.83333333333333,-117.0,0.0
37.5,-117.0,0.0
36.166666666666664,-117.0,0.0
36.83333333333333,-117.0,0.0
35.5,-117.0,0.0
34.166666666666664,-117.0,0.0
34.83333333333333,-117.0,0.0
33.5,-117.0,0.0
32.83333333333333,-117.0,0.0
48.83333333333333,-93.66666666666667,0.0
48.166666666666664,-93.66666666666667,0.0
47.5,-93.66666666666667,0.0
46.83333333333333,-93.66666666666667,0.0
46.166666666666664,-93.66666666666667,0.0
45.5,-93.66666666666667,0.0
44.83333333333333,-93.66666666666667,0.0
44.166666666666664,-93.66666666666667,0.0
43.5,-93.66666666666667,0.0
42.83333333333333,-93.66666666666667,0.0
42.166666666666664,-93.66666666666667,0.0
41.5,-93.66666666666667,0.0
40.83333333333333,-93.66666666666667,0.0
40.166666666666664,-93.66666666666667,0.0
38.83333333333333,-93.66666666666667,5.0
39.5,-93.66666666666667,1.0169491525423728
38.166666666666664,-93.66666666666667,12.222222222222221
36.83333333333333,-93.66666666666667,15.0
37.5,-93.66666666666667,15.0
36.166666666666664,-93.66666666666667,15.0
35.5,-93.66666666666667,15.0
34.83333333333333,-93.66666666666667,15.0
48.83333333333333,-121.0,0.0
48.166666666666664,-121.0,0.0
34.166666666666664,-93.66666666666667,10.166666666666666
47.5,-121.0,0.0
33.5,-93.66666666666667,2.8055555555555554
32.83333333333333,-93.66666666666667,0.0
46.83333333333333,-121.0,0.0
46.166666666666664,-121.0,0.0
32.166666666666664,-93.66666666666667,0.0
45.5,-121.0,0.0
30.833333333333336,-93.66666666666667,0.0
31.5,-93.66666666666667,0.0
44.83333333333333,-121.0,0.0
44.166666666666664,-121.0,0.0
30.166666666666668,-93.66666666666667,0.0
43.5,-121.0,0.0
29.5,-93.66666666666667,0.0
42.83333333333333,-121.0,0.0
42.166666666666664,-121.0,0.0
41.5,-121.0,0.0
40.83333333333333,-121.0,0.0
40.166666666666664,-121.0,0.0
39.5,-121.0,0.0
38.166666666666664,-121.0,0.0
38.83333333333333,-121.0,0.0
37.5,-121.0,0.0
36.166666666666664,-121.0,0.0
36.83333333333333,-121.0,0.0
35.5,-121.0,0.0
34.83333333333333,-121.0,0.0
46.83333333333333,-70.33333333333334,0.0
46.166666666666664,-70.33333333333334,0.0
45.5,-70.33333333333334,0.0
44.83333333333333,-70.33333333333334,0.0
44.166666666666664,-70.33333333333334,0.0
43.5,-70.33333333333334,0.0
42.83333333333333,-70.33333333333334,0.0
42.166666666666664,-70.33333333333334,0.0
41.5,-70.33333333333334,0.0
40.83333333333333,-70.33333333333334,0.0
48.83333333333333,-97.66666666666667,0.0
48.166666666666664,-97.66666666666667,0.0
47.5,-97.66666666666667,0.0
46.83333333333333,-97.66666666666667,0.0
46.166666666666664,-97.66666666666667,0.0
45.5,-97.66666666666667,0.0
44.83333333333333,-97.66666666666667,0.0
44.166666666666664,-97.66666666666667,0.0
43.5,-97.66666666666667,0.0
42.83333333333333,-97.66666666666667,0.0
42.166666666666664,-97.66666666666667,0.0
41.5,-97.66666666666667,0.0
40.83333333333333,-97.66666666666667,0.0
40.166666666666664,-97.66666666666667,0.0
38.83333333333333,-97.66666666666667,0.0
39.5,-97.66666666666667,0.0
38.166666666666664,-97.66666666666667,0.0
36.83333333333333,-97.66666666666667,8.05084745762712
37.5,-97.66666666666667,1.899441340782123
36.166666666666664,-97.66666666666667,15.0
35.5,-97.66666666666667,15.0
34.83333333333333,-97.66666666666667,15.0
48.166666666666664,-125.0,0.0
34.166666666666664,-97.66666666666667,15.0
47.5,-125.0,0.0
33.5,-97.66666666666667,13.38888888888889
32.83333333333333,-97.66666666666667,5.0
32.166666666666664,-97.66666666666667,0.4427083333333333
30.833333333333336,-97.66666666666667,0.0
31.5,-97.66666666666667,0.0
30.166666666666668,-97.66666666666667,0.0
43.5,-125.0,0.0
29.5,-97.66666666666667,0.0
28.833333333333336,-97.66666666666667,0.0
42.83333333333333,-125.0,0.0
42.166666666666664,-125.0,0.0
28.166666666666668,-97.66666666666667,0.0
41.5,-125.0,0.0
27.5,-97.66666666666667,0.0
26.833333333333336,-97.66666666666667,0.0
40.83333333333333,-125.0,0.0
40.166666666666664,-125.0,0.0
26.166666666666668,-97.66666666666667,0.0
44.83333333333333,-74.33333333333334,0.0
44.166666666666664,-74.33333333333334,0.0
43.5,-74.33333333333334,0.0
42.83333333333333,-74.33333333333334,0.0
42.166666666666664,-74.33333333333334,0.0
41.5,-74.33333333333334,0.0
40.83333333333333,-74.33333333333334,0.0
40.166666666666664,-74.33333333333334,0.0
39.5,-74.33333333333334,0.0
38.83333333333333,-74.33333333333334,0.0
48.83333333333333,-101.66666666666667,0.0
48.166666666666664,-101.66666666666667,0.0
47.5,-101.66666666666667,0.0
46.83333333333333,-101.66666666666667,0.0
46.166666666666664,-101.66666666666667,0.0
45.5,-101.66666666666667,0.0
44.83333333333333,-101.66666666666667,0.0
44.166666666666664,-101.66666666666667,0.0
43.5,-101.66666666666667,0.0
42.83333333333333,-101.66666666666667,0.0
42.166666666666664,-101.66666666666667,0.0
41.5,-101.66666666666667,0.0
40.83333333333333,-101.66666666666667,0.0
40.166666666666664,-101.66666666666667,0.0
38.83333333333333,-101.66666666666667,0.0
39.5,-101.66666666666667,0.0
38.166666666666664,-101.66666666666667,0.0
36.83333333333333,-101.66666666666667,9.5
37.5,-101.66666666666667,3.848314606741573
36.166666666666664,-101.66666666666667,15.0
35.5,-101.66666666666667,15.0
34.83333333333333,-101.66666666666667,15.0
34.166666666666664,-101.66666666666667,15.0
33.5,-101.66666666666667,15.0
32.83333333333333,-101.66666666666667,15.0
32.166666666666664,-101.66666666666667,5.561797752808989
30.833333333333336,-101.66666666666667,0.5440414507772021
31.5,-101.66666666666667,4.752747252747253
30.166666666666668,-101.66666666666667,0.0
29.5,-101.66666666666667,0.0
43.5,-78.33333333333334,0.0
42.83333333333333,-78.33333333333334,0.0
42.166666666666664,-78.33333333333334,0.0
41.5,-78.33333333333334,0.0
40.83333333333333,-78.33333333333334,0.0
39.5,-78.33333333333334,0.0
40.166666666666664,-78.33333333333334,0.0
38.83333333333333,-78.33333333333334,0.0
37.5,-78.33333333333334,0.0
38.166666666666664,-78.33333333333334,0.0
36.83333333333333,-78.33333333333334,0.0
35.5,-78.33333333333334,0.0
36.166666666666664,-78.33333333333334,0.0
48.83333333333333,-105.66666666666667,0.0
34.83333333333333,-78.33333333333334,0.0
48.166666666666664,-105.66666666666667,0.0
34.166666666666664,-78.33333333333334,0.0
33.5,-78.33333333333334,0.0
47.5,-105.66666666666667,0.0
46.83333333333333,-105.66666666666667,0.0
46.166666666666664,-105.66666666666667,0.0
45.5,-105.66666666666667,0.0
44.83333333333333,-105.66666666666667,0.0
44.166666666666664,-105.66666666666667,0.0
43.5,-105.66666666666667,0.0
42.83333333333333,-105.66666666666667,0.0
42.166666666666664,-105.66666666666667,0.0
41.5,-105.66666666666667,0.0
40.83333333333333,-105.66666666666667,0.0
40.166666666666664,-105.66666666666667,0.0
38.83333333333333,-105.66666666666667,0.0
39.5,-105.66666666666667,0.0
38.166666666666664,-105.66666666666667,0.0
36.83333333333333,-105.66666666666667,0.055865921787709494
37.5,-105.66666666666667,0.0
36.166666666666664,-105.66666666666667,1.151685393258427
35.5,-105.66666666666667,1.2921348314606742
34.83333333333333,-105.66666666666667,0.8839779005524862
34.166666666666664,-105.66666666666667,0.054945054945054944
33.5,-105.66666666666667,0.0
32.83333333333333,-105.66666666666667,0.0
32.166666666666664,-105.66666666666667,0.0
30.833333333333336,-105.66666666666667,0.0
31.5,-105.66666666666667,0.0
45.5,-82.33333333333334,0.0
44.83333333333333,-82.33333333333334,0.0
44.166666666666664,-82.33333333333334,0.0
43.5,-82.33333333333334,0.0
42.83333333333333,-82.33333333333334,0.0
42.166666666666664,-82.33333333333334,0.0
41.5,-82.33333333333334,0.0
40.83333333333333,-82.33333333333334,0.0
39.5,-82.33333333333334,0.0
40.166666666666664,-82.33333333333334,0.0
38.83333333333333,-82.33333333333334,0.0
37.5,-82.33333333333334,0.0
38.166666666666664,-82.33333333333334,0.0
36.83333333333333,-82.33333333333334,0.0
35.5,-82.33333333333334,0.0
36.166666666666664,-82.33333333333334,0.0
48.83333333333333,-109.66666666666667,0.0
34.83333333333333,-82.33333333333334,0.0
48.166666666666664,-109.66666666666667,0.0
34.166666666666664,-82.33333333333334,0.0
33.5,-82.33333333333334,0.0
47.5,-109.66666666666667,0.0
46.83333333333333,-109.66666666666667,0.0
32.83333333333333,-82.33333333333334,0.0
46.166666666666664,-109.66666666666667,0.0
31.5,-82.33333333333334,0.0
32.166666666666664,-82.33333333333334,0.0
45.5,-109.66666666666667,0.0
44.83333333333333,-109.66666666666667,0.0
30.833333333333336,-82.33333333333334,0.0
44.166666666666664,-109.66666666666667,0.0
29.5,-82.33333333333334,0.0
30.166666666666668,-82.33333333333334,0.0
43.5,-109.66666666666667,0.0
42.83333333333333,-109.66666666666667,0.0
28.833333333333336,-82.33333333333334,0.0
42.166666666666664,-109.66666666666667,0.0
27.5,-82.33333333333334,0.0
28.166666666666668,-82.33333333333334,0.0
41.5,-109.66666666666667,0.0
40.83333333333333,-109.66666666666667,0.0
26.833333333333336,-82.33333333333334,0.0
40.166666666666664,-109.66666666666667,0.0
25.5,-82.33333333333334,0.0
26.166666666666668,-82.33333333333334,0.0
38.83333333333333,-109.66666666666667,0.0
39.5,-109.66666666666667,0.0
38.166666666666664,-109.66666666666667,0.0
36.83333333333333,-109.66666666666667,0.0
37.5,-109.66666666666667,0.0
36.166666666666664,-109.66666666666667,0.0
34.83333333333333,-109.66666666666667,0.0
35.5,-109.66666666666667,0.0
34.166666666666664,-109.66666666666667,0.0
33.5,-109.66666666666667,0.0
32.83333333333333,-109.66666666666667,0.0
32.166666666666664,-109.66666666666667,0.0
31.5,-109.66666666666667,0.0
47.5,-86.33333333333334,0.0
46.83333333333333,-86.33333333333334,0.0
46.166666666666664,-86.33333333333334,0.0
45.5,-86.33333333333334,0.0
44.83333333333333,-86.33333333333334,0.0
44.166666666666664,-86.33333333333334,0.0
43.5,-86.33333333333334,0.0
42.83333333333333,-86.33333333333334,0.0
42.166666666666664,-86.33333333333334,0.0
41.5,-86.33333333333334,0.0
40.83333333333333,-86.33333333333334,0.0
39.5,-86.33333333333334,0.0
40.166666666666664,-86.33333333333334,0.0
38.83333333333333,-86.33333333333334,0.0
37.5,-86.33333333333334,0.0
38.166666666666664,-86.33333333333334,0.0
36.83333333333333,-86.33333333333334,0.16666666666666666
35.5,-86.33333333333334,5.0
36.166666666666664,-86.33333333333334,4.116022099447513
48.83333333333333,-113.66666666666667,0.0
34.83333333333333,-86.33333333333334,5.0
48.166666666666664,-113.66666666666667,0.0
34.166666666666664,-86.33333333333334,5.0
33.5,-86.33333333333334,5.0
47.5,-113.66666666666667,0.0
46.83333333333333,-113.66666666666667,0.0
32.83333333333333,-86.33333333333334,5.0
46.166666666666664,-113.66666666666667,0.0
31.5,-86.33333333333334,3.0494505494505493
32.166666666666664,-86.33333333333334,5.0
45.5,-113.66666666666667,0.0
44.83333333333333,-113.66666666666667,0.0
30.833333333333336,-86.33333333333334,0.0
44.166666666666664,-113.66666666666667,0.0
30.166666666666668,-86.33333333333334,0.0
43.5,-113.66666666666667,0.0
42.83333333333333,-113.66666666666667,0.0
42.166666666666664,-113.66666666666667,0.0
41.5,-113.66666666666667,0.0
40.83333333333333,-113.66666666666667,0.0
40.166666666666664,-113.66666666666667,0.0
38.83333333333333,-113.66666666666667,0.0
39.5,-113.66666666666667,0.0
38.166666666666664,-113.66666666666667,0.0
36.83333333333333,-113.66666666666667,0.0
37.5,-113.66666666666667,0.0
36.166666666666664,-113.66666666666667,0.0
34.83333333333333,-113.66666666666667,0.0
35.5,-113.66666666666667,0.0
34.166666666666664,-113.66666666666667,0.0
33.5,-113.66666666666667,0.0
32.83333333333333,-113.66666666666667,0.0
32.166666666666664,-113.66666666666667,0.0
48.166666666666664,-90.33333333333334,0.0
47.5,-90.33333333333334,0.0
46.83333333333333,-90.33333333333334,0.0
46.166666666666664,-90.33333333333334,0.0
45.5,-90.33333333333334,0.0
44.83333333333333,-90.33333333333334,0.0
44.166666666666664,-90.33333333333334,0.0
43.5,-90.33333333333334,0.0
42.83333333333333,-90.33333333333334,0.0
42.166666666666664,-90.33333333333334,0.0
41.5,-90.33333333333334,0.0
40.83333333333333,-90.33333333333334,0.0
39.5,-90.33333333333334,0.8743169398907104
40.166666666666664,-90.33333333333334,0.0
38.83333333333333,-90.33333333333334,4.941860465116279
37.5,-90.33333333333334,15.0
38.166666666666664,-90.33333333333334,12.679558011049723
36.83333333333333,-90.33333333333334,15.0
35.5,-90.33333333333334,15.0
36.166666666666664,-90.33333333333334,15.0
48.83333333333333,-117.66666666666667,0.0
34.83333333333333,-90.33333333333334,15.0
48.166666666666664,-117.66666666666667,0.0
34.166666666666664,-90.33333333333334,9.88888888888889
33.5,-90.33333333333334,5.0
47.5,-117.66666666666667,0.0
46.83333333333333,-117.66666666666667,0.0
32.83333333333333,-90.33333333333334,1.4367816091954022
46.166666666666664,-117.66666666666667,0.0
31.5,-90.33333333333334,0.0
32.166666666666664,-90.33333333333334,0.0
45.5,-117.66666666666667,0.0
44.83333333333333,-117.66666666666667,0.0
30.833333333333336,-90.33333333333334,0.0
44.166666666666664,-117.66666666666667,0.0
30.166666666666668,-90.33333333333334,0.0
29.5,-90.33333333333334,0.0
43.5,-117.66666666666667,0.0
42.83333333333333,-117.66666666666667,0.0
28.833333333333336,-90.33333333333334,0.0
42.166666666666664,-117.66666666666667,0.0
41.5,-117.66666666666667,0.0
40.83333333333333,-117.66666666666667,0.0
40.166666666666664,-117.66666666666667,0.0
38.83333333333333,-117.66666666666667,0.0
39.5,-117.66666666666667,0.0
38.166666666666664,-117.66666666666667,0.0
36.83333333333333,-117.66666666666667,0.0
37.5,-117.66666666666667,0.0
36.166666666666664,-117.66666666666667,0.0
34.83333333333333,-117.66666666666667,0.0
35.5,-117.66666666666667,0.0
34.166666666666664,-117.66666666666667,0.0
33.5,-117.66666666666667,0.0
32.83333333333333,-117.66666666666667,0.0
32.166666666666664,-117.66666666666667,0.0
44.83333333333333,-67.0,0.0
44.166666666666664,-67.0,0.0
48.83333333333333,-94.33333333333334,0.0
48.166666666666664,-94.33333333333334,0.0
47.5,-94.33333333333334,0.0
46.83333333333333,-94.33333333333334,0.0
46.166666666666664,-94.33333333333334,0.0
45.5,-94.33333333333334,0.0
44.83333333333333,-94.33333333333334,0.0
44.166666666666664,-94.33333333333334,0.0
43.5,-94.33333333333334,0.0
42.83333333333333,-94.33333333333334,0.0
42.166666666666664,-94.33333333333334,0.0
41.5,-94.33333333333334,0.0
40.83333333333333,-94.33333333333334,0.0
39.5,-94.33333333333334,0.0
40.166666666666664,-94.33333333333334,0.0
38.83333333333333,-94.33333333333334,4.111111111111111
37.5,-94.33333333333334,15.0
38.166666666666664,-94.33333333333334,9.0
36.83333333333333,-94.33333333333334,15.0
35.5,-94.33333333333334,15.0
36.166666666666664,-94.33333333333334,15.0
48.83333333333333,-121.66666666666667,0.0
34.83333333333333,-94.33333333333334,15.0
48.166666666666664,-121.66666666666667,0.0
34.166666666666664,-94.33333333333334,11.0
33.5,-94.33333333333334,3.7222222222222223
47.5,-121.66666666666667,0.0
46.83333333333333,-121.66666666666667,0.0
32.83333333333333,-94.33333333333334,0.0
46.166666666666664,-121.66666666666667,0.0
31.5,-94.33333333333334,0.0
32.166666666666664,-94.33333333333334,0.0
45.5,-121.66666666666667,0.0
44.83333333333333,-121.66666666666667,0.0
30.833333333333336,-94.33333333333334,0.0
44.166666666666664,-121.66666666666667,0.0
30.166666666666668,-94.33333333333334,0.0
29.5,-94.33333333333334,0.0
43.5,-121.66666666666667,0.0
42.83333333333333,-121.66666666666667,0.0
28.833333333333336,-94.33333333333334,0.0
42.166666666666664,-121.66666666666667,0.0
41.5,-121.66666666666667,0.0
40.83333333333333,-121.66666666666667,0.0
40.166666666666664,-121.66666666666667,0.0
39.5,-121.66666666666667,0.0
38.83333333333333,-121.66666666666667,0.0
38.166666666666664,-121.66666666666667,0.0
36.83333333333333,-121.66666666666667,0.0
37.5,-121.66666666666667,0.0
36.166666666666664,-121.66666666666667,0.0
34.83333333333333,-121.66666666666667,0.0
35.5,-121.66666666666667,0.0
45.5,-71.0,0.0
44.83333333333333,-71.0,0.0
44.166666666666664,-71.0,0.0
43.5,-71.0,0.0
42.83333333333333,-71.0,0.0
42.166666666666664,-71.0,0.0
41.5,-71.0,0.0
40.83333333333333,-71.0,0.0
48.83333333333333,-98.33333333333334,0.0
48.166666666666664,-98.33333333333334,0.0
47.5,-98.33333333333334,0.0
46.83333333333333,-98.33333333333334,0.0
46.166666666666664,-98.33333333333334,0.0
45.5,-98.33333333333334,0.0
44.83333333333333,-98.33333333333334,0.0
44.166666666666664,-98.33333333333334,0.0
43.5,-98.33333333333334,0.0
42.83333333333333,-98.33333333333334,0.0
42.166666666666664,-98.33333333333334,0.0
41.5,-98.33333333333334,0.0
40.83333333333333,-98.33333333333334,0.0
39.5,-98.33333333333334,0.0
40.166666666666664,-98.33333333333334,0.0
38.83333333333333,-98.33333333333334,0.0
37.5,-98.33333333333334,0.8379888268156425
38.166666666666664,-98.33333333333334,0.0
36.83333333333333,-98.33333333333334,6.666666666666667
35.5,-98.33333333333334,15.0
36.166666666666664,-98.33333333333334,15.0
34.83333333333333,-98.33333333333334,15.0
34.166666666666664,-98.33333333333334,15.0
33.5,-98.33333333333334,15.0
32.83333333333333,-98.33333333333334,6.709844559585492
31.5,-98.33333333333334,0.0
32.166666666666664,-98.33333333333334,1.6120218579234973
30.833333333333336,-98.33333333333334,0.0
30.166666666666668,-98.33333333333334,0.0
29.5,-98.33333333333334,0.0
28.833333333333336,-98.33333333333334,0.0
27.5,-98.33333333333334,0.0
28.166666666666668,-98.33333333333334,0.0
26.833333333333336,-98.33333333333334,0.0
26.166666666666668,-98.33333333333334,0.0
44.83333333333333,-75.0,0.0
44.166666666666664,-75.0,0.0
43.5,-75.0,0.0
42.83333333333333,-75.0,0.0
42.166666666666664,-75.0,0.0
41.5,-75.0,0.0
40.83333333333333,-75.0,0.0
40.166666666666664,-75.0,0.0
39.5,-75.0,0.0
38.166666666666664,-75.0,0.0
38.83333333333333,-75.0,0.0
37.5,-75.0,0.0
36.166666666666664,-75.0,0.0
35.5,-75.0,0.0
48.83333333333333,-102.33333333333334,0.0
34.83333333333333,-75.0,0.0
48.166666666666664,-102.33333333333334,0.0
47.5,-102.33333333333334,0.0
46.83333333333333,-102.33333333333334,0.0
46.166666666666664,-102.33333333333334,0.0
45.5,-102.33333333333334,0.0
44.83333333333333,-102.33333333333334,0.0
44.166666666666664,-102.33333333333334,0.0
43.5,-102.33333333333334,0.0
42.83333333333333,-102.33333333333334,0.0
42.166666666666664,-102.33333333333334,0.0
41.5,-102.33333333333334,0.0
40.83333333333333,-102.33333333333334,0.0
39.5,-102.33333333333334,0.0
40.166666666666664,-102.33333333333334,0.0
38.83333333333333,-102.33333333333334,0.0
37.5,-102.33333333333334,5.726256983240224
38.166666666666664,-102.33333333333334,0.8238636363636364
36.83333333333333,-102.33333333333334,14.606741573033707
35.5,-102.33333333333334,15.0
36.166666666666664,-102.33333333333334,15.0
34.83333333333333,-102.33333333333334,15.0
34.166666666666664,-102.33333333333334,15.0
33.5,-102.33333333333334,15.0
32.83333333333333,-102.33333333333334,14.340659340659341
31.5,-102.33333333333334,5.0
32.166666666666664,-102.33333333333334,5.105820105820106
30.833333333333336,-102.33333333333334,4.833333333333333
30.166666666666668,-102.33333333333334,2.872340425531915
29.5,-102.33333333333334,2.857142857142857
43.5,-79.0,0.0
42.83333333333333,-79.0,0.0
42.166666666666664,-79.0,0.0
41.5,-79.0,0.0
40.83333333333333,-79.0,0.0
40.166666666666664,-79.0,0.0
39.5,-79.0,0.0
38.166666666666664,-79.0,0.0
38.83333333333333,-79.0,0.0
37.5,-79.0,0.0
36.166666666666664,-79.0,0.0
36.83333333333333,-79.0,0.0
35.5,-79.0,0.0
48.83333333333333,-106.33333333333334,0.0
34.83333333333333,-79.0,0.0
34.166666666666664,-79.0,0.0
48.166666666666664,-106.33333333333334,0.0
47.5,-106.33333333333334,0.0
33.5,-79.0,0.0
46.83333333333333,-106.33333333333334,0.0
32.83333333333333,-79.0,0.0
46.166666666666664,-106.33333333333334,0.0
45.5,-106.33333333333334,0.0
44.83333333333333,-106.33333333333334,0.0
44.166666666666664,-106.33333333333334,0.0
43.5,-106.33333333333334,0.0
42.83333333333333,-106.33333333333334,0.0
42.166666666666664,-106.33333333333334,0.0
41.5,-106.33333333333334,0.0
40.83333333333333,-106.33333333333334,0.0
39.5,-106.33333333333334,0.0
40.166666666666664,-106.33333333333334,0.0
38.83333333333333,-106.33333333333334,0.0
37.5,-106.33333333333334,0.0
38.166666666666664,-106.33333333333334,0.0
36.83333333333333,-106.33333333333334,0.0
35.5,-106.33333333333334,0.0
36.166666666666664,-106.33333333333334,0.0
34.83333333333333,-106.33333333333334,0.0
34.166666666666664,-106.33333333333334,0.0
33.5,-106.33333333333334,0.0
32.83333333333333,-106.33333333333334,0.0
31.5,-106.33333333333334,0.0
32.166666666666664,-106.33333333333334,0.0
45.5,-83.0,0.0
44.83333333333333,-83.0,0.0
44.166666666666664,-83.0,0.0
43.5,-83.0,0.0
42.83333333333333,-83.0,0.0
42.166666666666664,-83.0,0.0
41.5,-83.0,0.0
40.83333333333333,-83.0,0.0
40.166666666666664,-83.0,0.0
39.5,-83.0,0.0
38.166666666666664,-83.0,0.0
38.83333333333333,-83.0,0.0
37.5,-83.0,0.0
36.166666666666664,-83.0,0.0
36.83333333333333,-83.0,0.0
35.5,-83.0,0.0
48.83333333333333,-110.33333333333334,0.0
34.83333333333333,-83.0,0.0
34.166666666666664,-83.0,0.0
48.166666666666664,-110.33333333333334,0.0
47.5,-110.33333333333334,0.0
33.5,-83.0,0.0
46.83333333333333,-110.33333333333334,0.0
32.83333333333333,-83.0,0.0
32.166666666666664,-83.0,0.0
46.166666666666664,-110.33333333333334,0.0
45.5,-110.33333333333334,0.0
31.5,-83.0,0.0
44.83333333333333,-110.33333333333334,0.0
30.166666666666668,-83.0,0.0
30.833333333333336,-83.0,0.0
44.166666666666664,-110.33333333333334,0.0
43.5,-110.33333333333334,0.0
29.5,-83.0,0.0
42.83333333333333,-110.33333333333334,0.0
28.166666666666668,-83.0,0.0
28.833333333333336,-83.0,0.0
42.166666666666664,-110.33333333333334,0.0
41.5,-110.33333333333334,0.0
27.5,-83.0,0.0
40.83333333333333,-110.33333333333334,0.0
26.833333333333336,-83.0,0.0
39.5,-110.33333333333334,0.0
40.166666666666664,-110.33333333333334,0.0
38.83333333333333,-110.33333333333334,0.0
37.5,-110.33333333333334,0.0
38.166666666666664,-110.33333333333334,0.0
36.83333333333333,-110.33333333333334,0.0
35.5,-110.33333333333334,0.0
36.166666666666664,-110.33333333333334,0.0
34.83333333333333,-110.33333333333334,0.0
34.166666666666664,-110.33333333333334,0.0
33.5,-110.33333333333334,0.0
32.83333333333333,-110.33333333333334,0.0
32.166666666666664,-110.33333333333334,0.0
31.5,-110.33333333333334,0.0
48.166666666666664,-87.0,0.0
47.5,-87.0,0.0
46.83333333333333,-87.0,0.0
46.166666666666664,-87.0,0.0
45.5,-87.0,0.0
44.83333333333333,-87.0,0.0
44.166666666666664,-87.0,0.0
43.5,-87.0,0.0
42.83333333333333,-87.0,0.0
42.166666666666664,-87.0,0.0
41.5,-87.0,0.0
40.166666666666664,-87.0,0.0
40.83333333333333,-87.0,0.0
39.5,-87.0,0.0
38.166666666666664,-87.0,0.0
38.83333333333333,-87.0,0.0
37.5,-87.0,0.0
36.166666666666664,-87.0,5.0
36.83333333333333,-87.0,3.3333333333333335
35.5,-87.0,5.0
48.83333333333333,-114.33333333333334,0.0
34.83333333333333,-87.0,5.0
34.166666666666664,-87.0,5.0
48.166666666666664,-114.33333333333334,0.0
47.5,-114.33333333333334,0.0
33.5,-87.0,5.0
46.83333333333333,-114.33333333333334,0.0
32.83333333333333,-87.0,5.0
32.166666666666664,-87.0,5.0
46.166666666666664,-114.33333333333334,0.0
45.5,-114.33333333333334,0.0
31.5,-87.0,4.973544973544974
44.83333333333333,-114.33333333333334,0.0
30.166666666666668,-87.0,0.0
30.833333333333336,-87.0,0.5163043478260869
44.166666666666664,-114.33333333333334,0.0
43.5,-114.33333333333334,0.0
42.83333333333333,-114.33333333333334,0.0
42.166666666666664,-114.33333333333334,0.0
41.5,-114.33333333333334,0.0
40.83333333333333,-114.33333333333334,0.0
40.166666666666664,-114.33333333333334,0.0
39.5,-114.33333333333334,0.0
38.83333333333333,-114.33333333333334,0.0
37.5,-114.33333333333334,0.0
38.166666666666664,-114.33333333333334,0.0
36.83333333333333,-114.33333333333334,0.0
35.5,-114.33333333333334,0.0
36.166666666666664,-114.33333333333334,0.0
34.83333333333333,-114.33333333333334,0.0
34.166666666666664,-114.33333333333334,0.0
33.5,-114.33333333333334,0.0
32.83333333333333,-114.33333333333334,0.0
32.166666666666664,-114.33333333333334,0.0
