Lat,Lng, TotalSvrProb_201407031200
48.4,-125.2,0.0
48.0,-125.2,0.0
47.6,-125.2,0.0
42.8,-125.2,0.0
48.8,-108.0,0.0
48.4,-108.0,0.0
48.0,-108.0,0.0
47.6,-108.0,0.0
47.2,-108.0,0.0
46.8,-108.0,0.0
46.4,-108.0,0.0
46.0,-108.0,0.0
45.6,-108.0,0.0
45.2,-108.0,0.0
44.4,-108.0,0.0
44.8,-108.0,0.0
43.2,-108.0,0.0
43.6,-108.0,0.0
44.0,-108.0,0.0
42.4,-108.0,0.0
42.8,-108.0,0.0
41.2,-108.0,0.0
41.6,-108.0,0.0
42.0,-108.0,0.0
40.4,-108.0,0.0
40.8,-108.0,0.0
39.2,-108.0,0.0
39.6,-108.0,0.0
40.0,-108.0,0.0
38.4,-108.0,0.0
38.8,-108.0,0.0
38.0,-108.0,0.0
37.6,-108.0,0.0
37.2,-108.0,0.0
36.8,-108.0,0.0
36.4,-108.0,0.0
36.0,-108.0,0.0
35.6,-108.0,0.0
35.2,-108.0,0.0
34.8,-108.0,0.0
34.4,-108.0,0.0
34.0,-108.0,0.0
33.2,-108.0,0.0
33.6,-108.0,0.0
32.4,-108.0,0.0
32.8,-108.0,0.0
31.6,-108.0,0.0
32.0,-108.0,0.0
48.4,-90.8,0.0
48.0,-90.8,0.0
47.6,-90.8,0.0
47.2,-90.8,0.0
46.8,-90.8,0.0
46.4,-90.8,0.0
46.0,-90.8,0.0
45.6,-90.8,0.0
45.2,-90.8,0.0
44.4,-90.8,0.0
44.8,-90.8,0.0
43.2,-90.8,0.0
43.6,-90.8,0.0
44.0,-90.8,0.0
42.4,-90.8,0.0
42.8,-90.8,0.0
41.2,-90.8,0.0
41.6,-90.8,0.0
42.0,-90.8,0.0
40.4,-90.8,0.0
40.8,-90.8,0.0
39.2,-90.8,0.0
39.6,-90.8,0.0
40.0,-90.8,0.0
38.4,-90.8,0.0
38.8,-90.8,0.0
38.0,-90.8,0.0
37.6,-90.8,0.0
37.2,-90.8,0.0
36.8,-90.8,0.0
36.4,-90.8,0.0
36.0,-90.8,0.0
35.6,-90.8,0.0
35.2,-90.8,0.07692307692307693
34.8,-90.8,2.7464788732394365
34.4,-90.8,4.444444444444445
33.2,-90.8,0.5223880597014925
33.6,-90.8,1.9285714285714286
34.0,-90.8,3.015873015873016
32.4,-90.8,0.0
32.8,-90.8,0.0
31.6,-90.8,0.0
31.2,-90.8,0.0
32.0,-90.8,0.0
30.8,-90.8,0.0
30.4,-90.8,0.0
30.0,-90.8,0.0
29.2,-90.8,0.0
29.6,-90.8,0.0
28.8,-90.8,0.0
45.2,-73.6,15.0
44.8,-73.6,15.0
44.4,-73.6,15.0
43.2,-73.6,15.0
43.6,-73.6,15.0
44.0,-73.6,15.0
42.4,-73.6,15.0
42.8,-73.6,15.0
41.2,-73.6,10.714285714285714
41.6,-73.6,15.0
42.0,-73.6,15.0
40.4,-73.6,4.824561403508772
40.8,-73.6,5.0
39.6,-73.6,0.0
40.0,-73.6,4.230769230769231
48.4,-124.0,0.0
48.0,-124.0,0.0
47.6,-124.0,0.0
47.2,-124.0,0.0
46.8,-124.0,0.0
46.4,-124.0,0.0
46.0,-124.0,0.0
45.6,-124.0,0.0
45.2,-124.0,0.0
44.8,-124.0,0.0
44.4,-124.0,0.0
44.0,-124.0,0.0
43.6,-124.0,0.0
43.2,-124.0,0.0
42.4,-124.0,0.0
42.8,-124.0,0.0
41.2,-124.0,0.0
41.6,-124.0,0.0
42.0,-124.0,0.0
40.4,-124.0,0.0
40.8,-124.0,0.0
39.2,-124.0,0.0
39.6,-124.0,0.0
40.0,-124.0,0.0
38.4,-124.0,0.0
38.8,-124.0,0.0
48.8,-106.8,0.0
48.4,-106.8,0.0
48.0,-106.8,0.0
47.6,-106.8,0.0
47.2,-106.8,0.0
46.8,-106.8,0.0
46.4,-106.8,0.0
46.0,-106.8,0.0
45.6,-106.8,0.0
45.2,-106.8,0.0
44.4,-106.8,0.0
44.8,-106.8,0.0
43.2,-106.8,0.0
43.6,-106.8,0.0
44.0,-106.8,0.0
42.4,-106.8,0.0
42.8,-106.8,0.0
41.2,-106.8,0.0
41.6,-106.8,0.0
42.0,-106.8,0.0
40.4,-106.8,0.0
40.8,-106.8,0.0
39.2,-106.8,0.0
39.6,-106.8,0.0
40.0,-106.8,0.0
38.4,-106.8,0.0
38.8,-106.8,0.0
38.0,-106.8,0.0
37.6,-106.8,0.0
37.2,-106.8,0.0
36.8,-106.8,0.0
36.4,-106.8,0.0
36.0,-106.8,0.0
35.6,-106.8,0.0
35.2,-106.8,0.0
34.8,-106.8,0.0
34.4,-106.8,0.0
33.2,-106.8,0.0
33.6,-106.8,0.0
34.0,-106.8,0.0
32.4,-106.8,5.0
32.8,-106.8,2.5396825396825395
31.6,-106.8,2.5
32.0,-106.8,4.104477611940299
48.0,-89.6,0.0
47.6,-89.6,0.0
47.2,-89.6,0.0
46.8,-89.6,0.0
46.4,-89.6,0.0
46.0,-89.6,0.0
45.6,-89.6,0.0
45.2,-89.6,0.0
44.4,-89.6,0.0
44.8,-89.6,0.0
43.2,-89.6,0.0
43.6,-89.6,0.0
44.0,-89.6,0.0
42.4,-89.6,0.0
42.8,-89.6,0.0
41.2,-89.6,0.0
41.6,-89.6,0.0
42.0,-89.6,0.0
40.4,-89.6,0.0
40.8,-89.6,0.0
39.2,-89.6,0.0
39.6,-89.6,0.0
40.0,-89.6,0.0
38.4,-89.6,0.0
38.8,-89.6,0.0
38.0,-89.6,0.0
37.6,-89.6,0.0
37.2,-89.6,0.0
36.8,-89.6,0.0
36.4,-89.6,0.0
36.0,-89.6,0.6617647058823529
35.6,-89.6,4.920634920634921
35.2,-89.6,5.0
34.8,-89.6,5.0
34.4,-89.6,5.0
33.2,-89.6,5.0
33.6,-89.6,5.0
34.0,-89.6,5.0
32.4,-89.6,0.0
32.8,-89.6,0.6923076923076923
31.6,-89.6,0.0
31.2,-89.6,0.0
32.0,-89.6,0.0
30.8,-89.6,0.0
30.4,-89.6,0.0
30.0,-89.6,0.0
29.2,-89.6,0.0
29.6,-89.6,0.0
28.4,-89.6,0.0
28.8,-89.6,0.0
45.2,-72.4,15.0
44.8,-72.4,15.0
44.4,-72.4,15.0
43.2,-72.4,15.0
43.6,-72.4,15.0
44.0,-72.4,15.0
42.4,-72.4,8.770491803278688
42.8,-72.4,14.682539682539682
41.2,-72.4,0.0
41.6,-72.4,1.746031746031746
42.0,-72.4,4.769230769230769
40.4,-72.4,0.0
40.8,-72.4,0.0
49.2,-122.8,0.0
48.8,-122.8,0.0
48.4,-122.8,0.0
48.0,-122.8,0.0
47.6,-122.8,0.0
47.2,-122.8,0.0
46.8,-122.8,0.0
46.4,-122.8,0.0
46.0,-122.8,0.0
45.6,-122.8,0.0
45.2,-122.8,0.0
44.8,-122.8,0.0
44.4,-122.8,0.0
44.0,-122.8,0.0
43.2,-122.8,0.0
43.6,-122.8,0.0
42.4,-122.8,0.0
42.8,-122.8,0.0
41.2,-122.8,0.0
41.6,-122.8,0.0
42.0,-122.8,0.0
40.4,-122.8,0.0
40.8,-122.8,0.0
39.2,-122.8,0.0
39.6,-122.8,0.0
40.0,-122.8,0.0
38.4,-122.8,0.0
38.8,-122.8,0.0
37.2,-122.8,0.0
37.6,-122.8,0.0
38.0,-122.8,0.0
36.8,-122.8,0.0
35.6,-122.8,0.0
49.2,-105.6,0.0
48.8,-105.6,0.0
48.4,-105.6,0.0
48.0,-105.6,0.0
47.6,-105.6,0.0
47.2,-105.6,0.0
46.8,-105.6,0.0
46.4,-105.6,0.0
46.0,-105.6,0.0
45.6,-105.6,0.0
45.2,-105.6,0.0
44.4,-105.6,0.0
44.8,-105.6,0.0
43.2,-105.6,0.0
43.6,-105.6,0.0
44.0,-105.6,0.0
42.4,-105.6,0.0
42.8,-105.6,0.0
41.2,-105.6,0.0
41.6,-105.6,0.0
42.0,-105.6,0.0
40.4,-105.6,0.0
40.8,-105.6,0.0
39.2,-105.6,0.0
39.6,-105.6,0.0
40.0,-105.6,0.0
38.4,-105.6,0.0
38.8,-105.6,0.0
38.0,-105.6,0.0
37.6,-105.6,0.0
37.2,-105.6,0.0
36.8,-105.6,0.0
36.4,-105.6,0.0
36.0,-105.6,0.0
35.6,-105.6,0.0
35.2,-105.6,0.0
34.8,-105.6,0.0
34.4,-105.6,0.0
33.2,-105.6,5.0
33.6,-105.6,1.0606060606060606
34.0,-105.6,0.0
32.4,-105.6,5.0
32.8,-105.6,5.0
31.6,-105.6,5.0
31.2,-105.6,5.0
32.0,-105.6,5.0
48.4,-88.4,0.0
30.8,-105.6,5.0
48.0,-88.4,0.0
47.6,-88.4,0.0
47.2,-88.4,0.0
46.8,-88.4,0.0
46.4,-88.4,0.0
46.0,-88.4,0.0
45.6,-88.4,0.0
45.2,-88.4,0.0
44.4,-88.4,0.0
44.8,-88.4,0.0
43.2,-88.4,0.0
43.6,-88.4,0.0
44.0,-88.4,0.0
42.4,-88.4,0.0
42.8,-88.4,0.0
41.2,-88.4,0.0
41.6,-88.4,0.0
42.0,-88.4,0.0
40.4,-88.4,0.0
40.8,-88.4,0.0
39.2,-88.4,0.0
39.6,-88.4,0.0
40.0,-88.4,0.0
38.4,-88.4,0.0
38.8,-88.4,0.0
38.0,-88.4,0.0
37.6,-88.4,0.0
37.2,-88.4,0.0
36.8,-88.4,0.0
36.4,-88.4,0.8955223880597015
36.0,-88.4,5.0
35.6,-88.4,5.0
35.2,-88.4,5.0
34.8,-88.4,5.0
34.4,-88.4,5.0
33.2,-88.4,5.0
33.6,-88.4,5.0
34.0,-88.4,5.0
32.4,-88.4,0.0
32.8,-88.4,1.971830985915493
31.6,-88.4,0.0
31.2,-88.4,0.0
32.0,-88.4,0.0
30.8,-88.4,0.0
30.4,-88.4,0.0
30.0,-88.4,0.0
29.6,-88.4,0.0
45.2,-71.2,15.0
44.8,-71.2,15.0
44.4,-71.2,15.0
43.2,-71.2,2.377049180327869
43.6,-71.2,5.0
44.0,-71.2,11.09375
42.4,-71.2,0.0
42.8,-71.2,0.0
41.2,-71.2,0.0
41.6,-71.2,0.0
42.0,-71.2,0.0
40.8,-71.2,0.0
49.2,-121.6,0.0
48.8,-121.6,0.0
48.4,-121.6,0.0
48.0,-121.6,0.0
47.6,-121.6,0.0
47.2,-121.6,0.0
46.8,-121.6,0.0
46.4,-121.6,0.0
46.0,-121.6,0.0
45.6,-121.6,0.0
45.2,-121.6,0.0
44.8,-121.6,0.0
44.4,-121.6,0.0
44.0,-121.6,0.0
43.2,-121.6,0.0
43.6,-121.6,0.0
42.4,-121.6,0.0
42.8,-121.6,0.0
41.2,-121.6,0.0
41.6,-121.6,0.0
42.0,-121.6,0.0
40.4,-121.6,0.0
40.8,-121.6,0.0
39.2,-121.6,0.0
39.6,-121.6,0.0
40.0,-121.6,0.0
38.4,-121.6,0.0
38.8,-121.6,0.0
37.2,-121.6,0.0
37.6,-121.6,0.0
38.0,-121.6,0.0
36.4,-121.6,0.0
36.8,-121.6,0.0
36.0,-121.6,0.0
35.6,-121.6,0.0
35.2,-121.6,0.0
34.8,-121.6,0.0
34.4,-121.6,0.0
48.8,-104.4,0.0
48.4,-104.4,0.0
48.0,-104.4,0.0
47.6,-104.4,0.0
47.2,-104.4,0.0
46.8,-104.4,0.0
46.4,-104.4,0.0
46.0,-104.4,0.0
45.6,-104.4,0.0
45.2,-104.4,0.0
44.4,-104.4,0.0
44.8,-104.4,0.0
43.2,-104.4,0.0
43.6,-104.4,0.0
44.0,-104.4,0.0
42.4,-104.4,0.0
42.8,-104.4,0.0
41.2,-104.4,0.0
41.6,-104.4,0.0
42.0,-104.4,0.0
40.4,-104.4,0.0
40.8,-104.4,0.0
39.2,-104.4,0.0
39.6,-104.4,0.0
40.0,-104.4,0.0
38.4,-104.4,0.0
38.8,-104.4,0.0
38.0,-104.4,0.0
37.6,-104.4,0.0
37.2,-104.4,0.0
36.8,-104.4,0.0
36.4,-104.4,0.0
36.0,-104.4,0.0
35.6,-104.4,0.0
35.2,-104.4,0.0
34.8,-104.4,0.0
34.4,-104.4,0.0
33.2,-104.4,4.21875
33.6,-104.4,0.4411764705882353
34.0,-104.4,0.0
32.4,-104.4,5.0
32.8,-104.4,5.0
31.6,-104.4,5.0
31.2,-104.4,5.0
32.0,-104.4,5.0
30.8,-104.4,5.0
30.4,-104.4,5.0
48.0,-87.2,0.0
47.6,-87.2,0.0
47.2,-87.2,0.0
30.0,-104.4,5.0
29.6,-104.4,5.0
46.8,-87.2,0.0
46.4,-87.2,0.0
46.0,-87.2,0.0
45.6,-87.2,0.0
45.2,-87.2,0.0
44.4,-87.2,0.0
44.8,-87.2,0.0
43.2,-87.2,0.0
43.6,-87.2,0.0
44.0,-87.2,0.0
42.4,-87.2,0.0
42.8,-87.2,0.0
41.2,-87.2,0.0
41.6,-87.2,0.0
42.0,-87.2,0.0
40.4,-87.2,0.0
40.8,-87.2,0.0
39.2,-87.2,0.0
39.6,-87.2,0.0
40.0,-87.2,0.0
38.4,-87.2,0.0
38.8,-87.2,0.0
38.0,-87.2,0.0
37.6,-87.2,0.0
37.2,-87.2,0.0
36.8,-87.2,0.9090909090909091
36.4,-87.2,5.0
36.0,-87.2,5.0
35.6,-87.2,5.0
35.2,-87.2,5.0
34.8,-87.2,5.0
34.4,-87.2,5.0
33.2,-87.2,3.3846153846153846
33.6,-87.2,5.0
34.0,-87.2,5.0
32.4,-87.2,0.0
32.8,-87.2,0.0
31.6,-87.2,0.0
31.2,-87.2,0.0
32.0,-87.2,0.0
30.8,-87.2,0.0
30.4,-87.2,0.0
30.0,-87.2,0.0
46.8,-70.0,15.0
46.4,-70.0,15.0
46.0,-70.0,15.0
45.6,-70.0,15.0
45.2,-70.0,10.245901639344263
44.8,-70.0,5.0
44.4,-70.0,2.1311475409836067
44.0,-70.0,0.0
43.2,-70.0,0.0
43.6,-70.0,0.0
42.4,-70.0,0.0
42.8,-70.0,0.0
41.2,-70.0,0.0
41.6,-70.0,0.0
42.0,-70.0,0.0
40.8,-70.0,0.0
49.2,-120.4,0.0
48.8,-120.4,0.0
48.4,-120.4,0.0
48.0,-120.4,0.0
47.6,-120.4,0.0
47.2,-120.4,0.0
46.8,-120.4,0.0
46.4,-120.4,0.0
46.0,-120.4,0.0
45.6,-120.4,0.0
45.2,-120.4,0.0
44.8,-120.4,0.0
44.4,-120.4,0.0
44.0,-120.4,0.0
43.2,-120.4,0.0
43.6,-120.4,0.0
42.4,-120.4,0.0
42.8,-120.4,0.0
41.2,-120.4,0.0
41.6,-120.4,0.0
42.0,-120.4,0.0
40.4,-120.4,0.0
40.8,-120.4,0.0
39.2,-120.4,0.0
39.6,-120.4,0.0
40.0,-120.4,0.0
38.4,-120.4,0.0
38.8,-120.4,0.0
37.2,-120.4,0.0
37.6,-120.4,0.0
38.0,-120.4,0.0
36.4,-120.4,0.0
36.8,-120.4,0.0
36.0,-120.4,0.0
35.6,-120.4,0.0
35.2,-120.4,0.0
34.8,-120.4,0.0
34.4,-120.4,0.0
48.8,-103.2,0.0
48.4,-103.2,0.0
48.0,-103.2,0.0
47.6,-103.2,0.0
47.2,-103.2,0.0
46.8,-103.2,0.0
46.4,-103.2,0.0
46.0,-103.2,0.0
45.6,-103.2,0.0
45.2,-103.2,0.0
44.4,-103.2,0.0
44.8,-103.2,0.0
43.2,-103.2,0.0
43.6,-103.2,0.0
44.0,-103.2,0.0
42.4,-103.2,0.0
42.8,-103.2,0.0
41.2,-103.2,0.0
41.6,-103.2,0.0
42.0,-103.2,0.0
40.4,-103.2,0.0
40.8,-103.2,0.0
39.2,-103.2,0.0
39.6,-103.2,0.0
40.0,-103.2,0.0
38.4,-103.2,0.0
38.8,-103.2,0.0
38.0,-103.2,0.0
37.6,-103.2,0.0
37.2,-103.2,0.0
36.8,-103.2,0.0
36.4,-103.2,0.0
36.0,-103.2,0.0
35.6,-103.2,0.0
35.2,-103.2,0.0
34.8,-103.2,0.0
34.4,-103.2,0.0
33.2,-103.2,2.8461538461538463
33.6,-103.2,0.0
34.0,-103.2,0.0
32.4,-103.2,5.0
32.8,-103.2,5.0
31.6,-103.2,5.0
31.2,-103.2,5.0
32.0,-103.2,5.0
30.8,-103.2,4.461538461538462
30.4,-103.2,2.986111111111111
47.6,-86.0,0.0
47.2,-86.0,0.0
30.0,-103.2,1.8548387096774193
29.2,-103.2,0.08064516129032258
29.6,-103.2,1.25
46.8,-86.0,0.0
46.4,-86.0,0.0
28.8,-103.2,0.0
46.0,-86.0,0.0
45.6,-86.0,0.0
45.2,-86.0,0.0
44.4,-86.0,0.0
44.8,-86.0,0.0
43.2,-86.0,0.0
43.6,-86.0,0.0
44.0,-86.0,0.0
42.4,-86.0,0.0
42.8,-86.0,0.0
41.2,-86.0,0.0
41.6,-86.0,0.0
42.0,-86.0,0.0
40.4,-86.0,0.0
40.8,-86.0,0.0
39.2,-86.0,0.0
39.6,-86.0,0.0
40.0,-86.0,0.0
38.4,-86.0,0.0
38.8,-86.0,0.0
38.0,-86.0,0.0
37.6,-86.0,0.0
37.2,-86.0,0.625
36.8,-86.0,5.0
36.4,-86.0,5.0
36.0,-86.0,5.0
35.6,-86.0,5.0
35.2,-86.0,5.0
34.8,-86.0,5.0
34.4,-86.0,5.0
33.2,-86.0,0.5223880597014925
33.6,-86.0,5.0
34.0,-86.0,5.0
32.4,-86.0,0.0
32.8,-86.0,0.0
31.6,-86.0,0.0
31.2,-86.0,0.0
32.0,-86.0,0.0
30.8,-86.0,0.0
30.4,-86.0,0.0
47.2,-68.8,15.0
30.0,-86.0,0.0
29.6,-86.0,0.0
46.8,-68.8,15.0
46.4,-68.8,14.01639344262295
46.0,-68.8,5.983606557377049
45.6,-68.8,4.0476190476190474
45.2,-68.8,0.31746031746031744
44.8,-68.8,0.0
44.4,-68.8,0.0
44.0,-68.8,0.0
43.6,-68.8,0.0
49.2,-119.2,0.0
48.8,-119.2,0.0
48.4,-119.2,0.0
48.0,-119.2,0.0
47.6,-119.2,0.0
47.2,-119.2,0.0
46.8,-119.2,0.0
46.4,-119.2,0.0
46.0,-119.2,0.0
45.6,-119.2,0.0
45.2,-119.2,0.0
44.8,-119.2,0.0
44.4,-119.2,0.0
43.2,-119.2,0.0
43.6,-119.2,0.0
44.0,-119.2,0.0
42.4,-119.2,0.0
42.8,-119.2,0.0
41.2,-119.2,0.0
41.6,-119.2,0.0
42.0,-119.2,0.0
40.4,-119.2,0.0
40.8,-119.2,0.0
39.2,-119.2,0.0
39.6,-119.2,0.0
40.0,-119.2,0.0
38.4,-119.2,0.0
38.8,-119.2,0.0
37.2,-119.2,0.0
37.6,-119.2,0.0
38.0,-119.2,0.0
36.8,-119.2,0.0
36.4,-119.2,0.0
36.0,-119.2,0.0
35.6,-119.2,0.0
35.2,-119.2,0.0
34.8,-119.2,0.0
34.4,-119.2,0.0
34.0,-119.2,0.0
33.6,-119.2,0.0
48.8,-102.0,0.0
48.4,-102.0,0.0
48.0,-102.0,0.0
47.6,-102.0,0.0
47.2,-102.0,0.0
46.8,-102.0,0.0
46.4,-102.0,0.0
46.0,-102.0,0.0
45.6,-102.0,0.0
45.2,-102.0,0.0
44.4,-102.0,0.0
44.8,-102.0,0.0
43.2,-102.0,0.0
43.6,-102.0,0.0
44.0,-102.0,0.0
42.4,-102.0,0.0
42.8,-102.0,0.0
41.2,-102.0,0.0
41.6,-102.0,0.0
42.0,-102.0,0.0
40.4,-102.0,0.0
40.8,-102.0,0.0
39.2,-102.0,0.0
39.6,-102.0,0.0
40.0,-102.0,0.0
38.4,-102.0,0.0
38.8,-102.0,0.0
38.0,-102.0,0.0
37.6,-102.0,0.0
37.2,-102.0,0.0
36.8,-102.0,0.0
36.4,-102.0,0.0
36.0,-102.0,0.0
35.6,-102.0,0.0
35.2,-102.0,0.0
34.8,-102.0,0.0
34.4,-102.0,0.0
33.2,-102.0,5.0
33.6,-102.0,4.523809523809524
34.0,-102.0,0.07462686567164178
32.4,-102.0,5.0
32.8,-102.0,5.0
31.6,-102.0,5.0
31.2,-102.0,5.0
32.0,-102.0,5.0
30.8,-102.0,0.9230769230769231
30.4,-102.0,0.0
30.0,-102.0,0.0
46.8,-84.8,0.0
46.4,-84.8,0.0
46.0,-84.8,0.0
45.6,-84.8,0.0
45.2,-84.8,0.0
44.4,-84.8,0.0
44.8,-84.8,0.0
43.2,-84.8,0.0
43.6,-84.8,0.0
44.0,-84.8,0.0
42.4,-84.8,0.0
42.8,-84.8,0.0
41.2,-84.8,0.0
41.6,-84.8,0.0
42.0,-84.8,0.0
40.4,-84.8,0.0
40.8,-84.8,0.0
39.2,-84.8,0.0
39.6,-84.8,0.0
40.0,-84.8,0.0
38.4,-84.8,0.0
38.8,-84.8,0.0
38.0,-84.8,0.0
37.6,-84.8,0.6153846153846154
37.2,-84.8,5.0
36.8,-84.8,5.0
36.4,-84.8,5.0
36.0,-84.8,5.0
35.6,-84.8,5.0
35.2,-84.8,5.0
34.8,-84.8,5.0
34.4,-84.8,5.0
33.2,-84.8,0.0
33.6,-84.8,2.3076923076923075
34.0,-84.8,5.0
32.4,-84.8,0.0
32.8,-84.8,0.0
31.2,-84.8,0.0
31.6,-84.8,0.0
32.0,-84.8,0.0
30.8,-84.8,0.0
30.4,-84.8,0.0
30.0,-84.8,0.0
29.2,-84.8,0.0
29.6,-84.8,0.0
46.8,-67.6,5.0
46.4,-67.6,4.375
46.0,-67.6,0.0
45.6,-67.6,0.0
45.2,-67.6,0.0
44.8,-67.6,0.0
44.4,-67.6,0.0
44.0,-67.6,0.0
49.2,-118.0,0.0
48.8,-118.0,0.0
48.4,-118.0,0.0
48.0,-118.0,0.0
47.6,-118.0,0.0
47.2,-118.0,0.0
46.8,-118.0,0.0
46.4,-118.0,0.0
46.0,-118.0,0.0
45.6,-118.0,0.0
45.2,-118.0,0.0
44.8,-118.0,0.0
44.4,-118.0,0.0
43.2,-118.0,0.0
43.6,-118.0,0.0
44.0,-118.0,0.0
42.4,-118.0,0.0
42.8,-118.0,0.0
41.2,-118.0,0.0
41.6,-118.0,0.0
42.0,-118.0,0.0
40.4,-118.0,0.0
40.8,-118.0,0.0
39.2,-118.0,0.0
39.6,-118.0,0.0
40.0,-118.0,0.0
38.4,-118.0,0.0
38.8,-118.0,0.0
37.2,-118.0,0.0
37.6,-118.0,0.0
38.0,-118.0,0.0
36.8,-118.0,0.0
36.4,-118.0,0.0
36.0,-118.0,0.0
35.6,-118.0,0.0
35.2,-118.0,0.0
34.8,-118.0,0.0
34.4,-118.0,0.0
34.0,-118.0,0.0
33.6,-118.0,0.0
33.2,-118.0,0.0
32.8,-118.0,0.0
48.8,-100.8,0.0
48.4,-100.8,0.0
48.0,-100.8,0.0
47.6,-100.8,0.0
47.2,-100.8,0.0
46.8,-100.8,0.0
46.4,-100.8,0.0
46.0,-100.8,0.0
45.6,-100.8,0.0
45.2,-100.8,0.0
44.4,-100.8,0.0
44.8,-100.8,0.0
43.2,-100.8,0.0
43.6,-100.8,0.0
44.0,-100.8,0.0
42.4,-100.8,0.0
42.8,-100.8,0.0
41.2,-100.8,0.0
41.6,-100.8,0.0
42.0,-100.8,0.0
40.4,-100.8,0.0
40.8,-100.8,0.0
39.2,-100.8,0.0
39.6,-100.8,0.0
40.0,-100.8,0.0
38.4,-100.8,0.0
38.8,-100.8,0.0
38.0,-100.8,0.0
37.6,-100.8,0.0
37.2,-100.8,0.0
36.8,-100.8,0.0
36.4,-100.8,0.0
36.0,-100.8,0.0
35.6,-100.8,0.0
35.2,-100.8,0.0
34.8,-100.8,0.0
34.4,-100.8,0.0
33.2,-100.8,5.0
33.6,-100.8,5.0
34.0,-100.8,4.485294117647059
32.4,-100.8,5.0
32.8,-100.8,5.0
31.6,-100.8,5.0
31.2,-100.8,3.4328358208955225
32.0,-100.8,5.0
30.8,-100.8,0.0
30.4,-100.8,0.0
30.0,-100.8,0.0
29.2,-100.8,0.0
29.6,-100.8,0.0
28.8,-100.8,0.0
46.0,-83.6,0.0
45.6,-83.6,0.0
45.2,-83.6,0.0
44.4,-83.6,0.0
44.8,-83.6,0.0
43.2,-83.6,0.0
43.6,-83.6,0.0
44.0,-83.6,0.0
42.4,-83.6,0.0
42.8,-83.6,0.0
41.2,-83.6,0.0
41.6,-83.6,0.0
42.0,-83.6,0.0
40.4,-83.6,0.0
40.8,-83.6,0.0
39.2,-83.6,0.0
39.6,-83.6,0.0
40.0,-83.6,0.0
38.4,-83.6,0.0
38.8,-83.6,0.0
38.0,-83.6,2.109375
37.6,-83.6,5.0
37.2,-83.6,5.0
36.8,-83.6,5.0
36.4,-83.6,5.0
36.0,-83.6,5.0
35.6,-83.6,5.0
35.2,-83.6,5.0
34.8,-83.6,5.0
34.4,-83.6,5.0
33.2,-83.6,0.0
33.6,-83.6,0.0
34.0,-83.6,1.2307692307692308
32.4,-83.6,0.0
32.8,-83.6,0.0
31.2,-83.6,0.0
31.6,-83.6,0.0
32.0,-83.6,0.0
30.8,-83.6,0.0
30.4,-83.6,0.0
30.0,-83.6,0.0
29.2,-83.6,0.0
29.6,-83.6,0.0
49.2,-116.8,0.0
48.8,-116.8,0.0
48.4,-116.8,0.0
48.0,-116.8,0.0
47.6,-116.8,0.0
47.2,-116.8,0.0
46.8,-116.8,0.0
46.4,-116.8,0.0
46.0,-116.8,0.0
45.6,-116.8,0.0
45.2,-116.8,0.0
44.8,-116.8,0.0
44.4,-116.8,0.0
43.2,-116.8,0.0
43.6,-116.8,0.0
44.0,-116.8,0.0
42.4,-116.8,0.0
42.8,-116.8,0.0
41.2,-116.8,0.0
41.6,-116.8,0.0
42.0,-116.8,0.0
40.4,-116.8,0.0
40.8,-116.8,0.0
39.2,-116.8,0.0
39.6,-116.8,0.0
40.0,-116.8,0.0
38.4,-116.8,0.0
38.8,-116.8,0.0
37.2,-116.8,0.0
37.6,-116.8,0.0
38.0,-116.8,0.0
36.8,-116.8,0.0
36.4,-116.8,0.0
36.0,-116.8,0.0
35.6,-116.8,0.0
35.2,-116.8,0.0
34.8,-116.8,0.0
34.4,-116.8,0.0
34.0,-116.8,0.0
33.6,-116.8,0.0
33.2,-116.8,0.0
32.4,-116.8,0.0
32.8,-116.8,0.0
48.8,-99.6,0.0
48.4,-99.6,0.0
48.0,-99.6,0.0
47.6,-99.6,0.0
47.2,-99.6,0.0
46.8,-99.6,0.0
46.4,-99.6,0.0
46.0,-99.6,0.0
45.6,-99.6,0.0
45.2,-99.6,0.0
44.4,-99.6,0.0
44.8,-99.6,0.0
43.2,-99.6,0.0
43.6,-99.6,0.0
44.0,-99.6,0.0
42.4,-99.6,0.0
42.8,-99.6,0.0
41.2,-99.6,0.0
41.6,-99.6,0.0
42.0,-99.6,0.0
40.4,-99.6,0.0
40.8,-99.6,0.0
39.2,-99.6,0.0
39.6,-99.6,0.0
40.0,-99.6,0.0
38.4,-99.6,0.0
38.8,-99.6,0.0
38.0,-99.6,0.0
37.6,-99.6,0.0
37.2,-99.6,0.0
36.8,-99.6,0.0
36.4,-99.6,0.0
36.0,-99.6,0.0
35.6,-99.6,0.0
35.2,-99.6,0.0
34.8,-99.6,0.0
34.4,-99.6,0.0
33.2,-99.6,5.0
33.6,-99.6,5.0
34.0,-99.6,4.27536231884058
32.4,-99.6,5.0
32.8,-99.6,5.0
31.6,-99.6,3.8194444444444446
31.2,-99.6,0.0
32.0,-99.6,5.0
30.8,-99.6,0.0
30.4,-99.6,0.0
30.0,-99.6,0.0
29.2,-99.6,0.0
29.6,-99.6,0.0
28.4,-99.6,0.0
28.8,-99.6,0.0
28.0,-99.6,0.0
27.6,-99.6,0.0
27.2,-99.6,0.0
45.2,-82.4,0.0
26.8,-99.6,0.0
44.4,-82.4,0.0
44.8,-82.4,0.0
43.2,-82.4,0.0
43.6,-82.4,0.0
44.0,-82.4,0.0
42.4,-82.4,0.0
42.8,-82.4,0.0
41.2,-82.4,0.0
41.6,-82.4,0.0
40.4,-82.4,0.0
40.8,-82.4,0.0
39.2,-82.4,0.0
39.6,-82.4,0.0
40.0,-82.4,0.0
38.4,-82.4,4.365079365079365
38.8,-82.4,0.078125
38.0,-82.4,5.0
37.6,-82.4,5.0
37.2,-82.4,5.0
36.8,-82.4,5.0
36.4,-82.4,5.0
36.0,-82.4,5.0
35.6,-82.4,5.0
35.2,-82.4,5.0
34.8,-82.4,3.4375
34.4,-82.4,0.0
34.0,-82.4,0.0
33.2,-82.4,0.0
33.6,-82.4,0.0
32.4,-82.4,0.0
32.8,-82.4,0.0
31.2,-82.4,0.0
31.6,-82.4,0.0
32.0,-82.4,0.0
30.8,-82.4,0.0
30.4,-82.4,0.0
30.0,-82.4,0.0
29.6,-82.4,0.0
29.2,-82.4,0.0
28.4,-82.4,0.0
28.8,-82.4,0.0
28.0,-82.4,0.0
27.6,-82.4,0.0
27.2,-82.4,0.0
26.4,-82.4,0.0
26.8,-82.4,0.0
26.0,-82.4,0.0
49.2,-115.6,0.0
48.8,-115.6,0.0
48.4,-115.6,0.0
48.0,-115.6,0.0
47.6,-115.6,0.0
47.2,-115.6,0.0
46.8,-115.6,0.0
46.4,-115.6,0.0
46.0,-115.6,0.0
45.6,-115.6,0.0
45.2,-115.6,0.0
44.8,-115.6,0.0
44.4,-115.6,0.0
43.2,-115.6,0.0
43.6,-115.6,0.0
44.0,-115.6,0.0
42.4,-115.6,0.0
42.8,-115.6,0.0
41.2,-115.6,0.0
41.6,-115.6,0.0
42.0,-115.6,0.0
40.4,-115.6,0.0
40.8,-115.6,0.0
39.2,-115.6,0.0
39.6,-115.6,0.0
40.0,-115.6,0.0
38.4,-115.6,0.0
38.8,-115.6,0.0
37.2,-115.6,0.0
37.6,-115.6,0.0
38.0,-115.6,0.0
36.8,-115.6,0.0
36.4,-115.6,0.0
36.0,-115.6,0.0
35.6,-115.6,0.0
35.2,-115.6,0.0
34.8,-115.6,0.0
34.4,-115.6,0.0
34.0,-115.6,0.0
33.6,-115.6,0.0
33.2,-115.6,0.0
32.8,-115.6,0.0
48.8,-98.4,0.0
48.4,-98.4,0.0
48.0,-98.4,0.0
47.6,-98.4,0.0
47.2,-98.4,0.0
46.8,-98.4,0.0
46.4,-98.4,0.0
46.0,-98.4,0.0
45.6,-98.4,0.0
45.2,-98.4,0.0
44.4,-98.4,0.0
44.8,-98.4,0.0
43.2,-98.4,0.0
43.6,-98.4,0.0
44.0,-98.4,0.0
42.4,-98.4,0.0
42.8,-98.4,0.0
41.2,-98.4,0.0
41.6,-98.4,0.0
42.0,-98.4,0.0
40.4,-98.4,0.0
40.8,-98.4,0.0
39.2,-98.4,0.0
39.6,-98.4,0.0
40.0,-98.4,0.0
38.4,-98.4,0.0
38.8,-98.4,0.0
38.0,-98.4,0.0
37.6,-98.4,0.0
37.2,-98.4,0.0
36.8,-98.4,0.0
36.4,-98.4,0.0
36.0,-98.4,0.0
35.6,-98.4,0.0
35.2,-98.4,0.0
34.8,-98.4,0.0
34.4,-98.4,0.0
33.2,-98.4,2.2222222222222223
33.6,-98.4,0.0
34.0,-98.4,0.0
32.4,-98.4,5.0
32.8,-98.4,5.0
31.6,-98.4,0.0
31.2,-98.4,0.0
32.0,-98.4,3.0303030303030303
30.8,-98.4,0.0
30.4,-98.4,0.0
29.2,-98.4,0.0
29.6,-98.4,0.0
30.0,-98.4,0.0
28.8,-98.4,0.0
28.4,-98.4,0.0
28.0,-98.4,0.0
27.6,-98.4,0.0
27.2,-98.4,0.0
26.4,-98.4,0.0
26.8,-98.4,0.0
26.0,-98.4,0.0
42.4,-81.2,0.0
41.2,-81.2,0.0
41.6,-81.2,0.0
42.0,-81.2,0.0
40.4,-81.2,0.0
40.8,-81.2,0.0
39.2,-81.2,5.0
39.6,-81.2,3.8095238095238093
40.0,-81.2,0.47619047619047616
38.4,-81.2,5.0
38.8,-81.2,5.0
37.6,-81.2,11.19047619047619
37.2,-81.2,15.0
38.0,-81.2,5.15625
36.8,-81.2,15.0
36.4,-81.2,11.615384615384615
36.0,-81.2,5.153846153846154
35.6,-81.2,5.0
35.2,-81.2,1.1538461538461537
34.8,-81.2,0.0
34.4,-81.2,0.0
34.0,-81.2,0.0
33.2,-81.2,0.0
33.6,-81.2,0.0
32.4,-81.2,0.0
32.8,-81.2,0.0
31.2,-81.2,0.0
31.6,-81.2,0.0
32.0,-81.2,0.0
30.8,-81.2,0.0
30.4,-81.2,0.0
30.0,-81.2,0.0
29.6,-81.2,0.0
29.2,-81.2,0.0
28.4,-81.2,0.0
28.8,-81.2,0.0
28.0,-81.2,0.0
27.6,-81.2,0.0
27.2,-81.2,0.0
26.4,-81.2,0.0
26.8,-81.2,0.0
25.6,-81.2,0.0
25.2,-81.2,0.0
26.0,-81.2,0.0
24.8,-81.2,0.0
24.4,-81.2,0.0
48.8,-114.4,0.0
48.4,-114.4,0.0
48.0,-114.4,0.0
47.6,-114.4,0.0
47.2,-114.4,0.0
46.8,-114.4,0.0
46.4,-114.4,0.0
46.0,-114.4,0.0
45.6,-114.4,0.0
45.2,-114.4,0.0
44.8,-114.4,0.0
44.4,-114.4,0.0
43.2,-114.4,0.0
43.6,-114.4,0.0
44.0,-114.4,0.0
42.4,-114.4,0.0
42.8,-114.4,0.0
41.2,-114.4,0.0
41.6,-114.4,0.0
42.0,-114.4,0.0
40.4,-114.4,0.0
40.8,-114.4,0.0
39.2,-114.4,0.0
39.6,-114.4,0.0
40.0,-114.4,0.0
38.4,-114.4,0.0
38.8,-114.4,0.0
37.2,-114.4,0.0
37.6,-114.4,0.0
38.0,-114.4,0.0
36.8,-114.4,0.0
36.4,-114.4,0.0
36.0,-114.4,0.0
35.6,-114.4,0.0
35.2,-114.4,0.0
34.8,-114.4,0.0
34.4,-114.4,0.0
34.0,-114.4,0.0
33.6,-114.4,0.0
33.2,-114.4,0.0
32.4,-114.4,0.0
32.8,-114.4,0.0
48.8,-97.2,0.0
48.4,-97.2,0.0
48.0,-97.2,0.0
47.6,-97.2,0.0
47.2,-97.2,0.0
46.8,-97.2,0.0
46.4,-97.2,0.0
46.0,-97.2,0.0
45.6,-97.2,0.0
45.2,-97.2,0.0
44.4,-97.2,0.0
44.8,-97.2,0.0
43.2,-97.2,0.0
43.6,-97.2,0.0
44.0,-97.2,0.0
42.4,-97.2,0.0
42.8,-97.2,0.0
41.2,-97.2,0.0
41.6,-97.2,0.0
42.0,-97.2,0.0
40.4,-97.2,0.0
40.8,-97.2,0.0
39.2,-97.2,0.0
39.6,-97.2,0.0
40.0,-97.2,0.0
38.4,-97.2,0.0
38.8,-97.2,0.0
38.0,-97.2,0.0
37.6,-97.2,0.0
37.2,-97.2,0.0
36.8,-97.2,0.0
36.4,-97.2,0.0
36.0,-97.2,0.0
35.6,-97.2,0.0
35.2,-97.2,0.0
34.8,-97.2,0.0
34.4,-97.2,0.0
33.2,-97.2,0.0
33.6,-97.2,0.0
34.0,-97.2,0.0
32.4,-97.2,0.0
32.8,-97.2,0.0
31.6,-97.2,0.0
31.2,-97.2,0.0
32.0,-97.2,0.0
30.8,-97.2,0.0
30.4,-97.2,0.0
29.2,-97.2,0.0
29.6,-97.2,0.0
30.0,-97.2,0.0
28.4,-97.2,0.0
28.8,-97.2,0.0
28.0,-97.2,0.0
27.6,-97.2,0.0
27.2,-97.2,0.0
26.4,-97.2,0.0
26.8,-97.2,0.0
26.0,-97.2,0.0
42.4,-80.0,0.0
41.2,-80.0,2.4603174603174605
41.6,-80.0,0.08064516129032258
42.0,-80.0,0.0
40.4,-80.0,5.0
40.8,-80.0,5.0
39.2,-80.0,7.063492063492063
39.6,-80.0,5.0
40.0,-80.0,5.0
38.4,-80.0,15.0
38.8,-80.0,12.46031746031746
37.6,-80.0,15.0
37.2,-80.0,15.0
38.0,-80.0,15.0
36.8,-80.0,14.538461538461538
36.4,-80.0,6.09375
36.0,-80.0,4.603174603174603
35.6,-80.0,0.078125
35.2,-80.0,0.0
34.8,-80.0,0.0
34.4,-80.0,0.0
34.0,-80.0,0.0
33.2,-80.0,0.0
33.6,-80.0,0.0
32.4,-80.0,0.0
32.8,-80.0,0.0
32.0,-80.0,0.0
28.0,-80.0,0.0
27.6,-80.0,0.0
27.2,-80.0,0.0
26.8,-80.0,0.0
26.4,-80.0,0.0
25.6,-80.0,0.0
25.2,-80.0,0.0
26.0,-80.0,0.0
24.8,-80.0,0.0
49.2,-113.2,0.0
48.8,-113.2,0.0
48.4,-113.2,0.0
48.0,-113.2,0.0
47.6,-113.2,0.0
47.2,-113.2,0.0
46.8,-113.2,0.0
46.4,-113.2,0.0
46.0,-113.2,0.0
45.6,-113.2,0.0
45.2,-113.2,0.0
44.8,-113.2,0.0
44.4,-113.2,0.0
43.2,-113.2,0.0
43.6,-113.2,0.0
44.0,-113.2,0.0
42.4,-113.2,0.0
42.8,-113.2,0.0
41.2,-113.2,0.0
41.6,-113.2,0.0
42.0,-113.2,0.0
40.4,-113.2,0.0
40.8,-113.2,0.0
39.2,-113.2,0.0
39.6,-113.2,0.0
40.0,-113.2,0.0
38.4,-113.2,0.0
38.8,-113.2,0.0
37.2,-113.2,0.0
37.6,-113.2,0.0
38.0,-113.2,0.0
36.8,-113.2,0.0
36.4,-113.2,0.0
36.0,-113.2,0.0
35.6,-113.2,0.0
35.2,-113.2,0.0
34.8,-113.2,0.0
34.4,-113.2,0.0
34.0,-113.2,0.0
33.6,-113.2,0.0
33.2,-113.2,0.0
32.4,-113.2,0.0
32.8,-113.2,0.0
32.0,-113.2,0.0
48.8,-96.0,0.0
48.4,-96.0,0.0
48.0,-96.0,0.0
47.6,-96.0,0.0
47.2,-96.0,0.0
46.8,-96.0,0.0
46.4,-96.0,0.0
46.0,-96.0,0.0
45.2,-96.0,0.0
45.6,-96.0,0.0
44.4,-96.0,0.0
44.8,-96.0,0.0
43.2,-96.0,0.0
43.6,-96.0,0.0
44.0,-96.0,0.0
42.4,-96.0,0.0
42.8,-96.0,0.0
41.2,-96.0,0.0
41.6,-96.0,0.0
42.0,-96.0,0.0
40.4,-96.0,0.0
40.8,-96.0,0.0
39.2,-96.0,0.0
39.6,-96.0,0.0
40.0,-96.0,0.0
38.4,-96.0,0.0
38.8,-96.0,0.0
38.0,-96.0,0.0
37.6,-96.0,0.0
37.2,-96.0,0.0
36.8,-96.0,0.0
36.4,-96.0,0.0
36.0,-96.0,0.0
35.6,-96.0,0.0
35.2,-96.0,0.0
34.8,-96.0,0.0
34.4,-96.0,0.0
33.2,-96.0,0.0
33.6,-96.0,0.0
34.0,-96.0,0.0
32.4,-96.0,0.0
32.8,-96.0,0.0
31.6,-96.0,0.0
31.2,-96.0,0.0
32.0,-96.0,0.0
30.8,-96.0,0.0
30.4,-96.0,0.0
29.2,-96.0,0.0
29.6,-96.0,0.0
30.0,-96.0,0.0
28.8,-96.0,0.0
28.4,-96.0,0.0
28.0,-96.0,0.0
43.2,-78.8,0.0
43.6,-78.8,0.0
42.4,-78.8,3.9682539682539684
42.8,-78.8,0.25
41.2,-78.8,5.7936507936507935
41.6,-78.8,5.0
42.0,-78.8,5.0
40.4,-78.8,15.0
40.8,-78.8,12.03125
39.2,-78.8,15.0
39.6,-78.8,15.0
40.0,-78.8,15.0
38.4,-78.8,15.0
38.8,-78.8,15.0
37.6,-78.8,15.0
37.2,-78.8,12.076923076923077
38.0,-78.8,15.0
36.8,-78.8,5.0
36.4,-78.8,3.75
36.0,-78.8,0.0
35.6,-78.8,0.0
35.2,-78.8,0.0
34.8,-78.8,0.0
34.4,-78.8,0.0
34.0,-78.8,0.0
33.2,-78.8,0.0
33.6,-78.8,0.0
32.8,-78.8,0.0
49.2,-112.0,0.0
48.8,-112.0,0.0
48.4,-112.0,0.0
48.0,-112.0,0.0
47.6,-112.0,0.0
47.2,-112.0,0.0
46.8,-112.0,0.0
46.4,-112.0,0.0
46.0,-112.0,0.0
45.6,-112.0,0.0
45.2,-112.0,0.0
44.4,-112.0,0.0
44.8,-112.0,0.0
43.2,-112.0,0.0
43.6,-112.0,0.0
44.0,-112.0,0.0
42.4,-112.0,0.0
42.8,-112.0,0.0
41.2,-112.0,0.0
41.6,-112.0,0.0
42.0,-112.0,0.0
40.4,-112.0,0.0
40.8,-112.0,0.0
39.2,-112.0,0.0
39.6,-112.0,0.0
40.0,-112.0,0.0
38.4,-112.0,0.0
38.8,-112.0,0.0
37.6,-112.0,0.0
37.2,-112.0,0.0
38.0,-112.0,0.0
36.8,-112.0,0.0
36.4,-112.0,0.0
36.0,-112.0,0.0
35.6,-112.0,0.0
35.2,-112.0,0.0
34.8,-112.0,0.0
34.4,-112.0,0.0
34.0,-112.0,0.0
33.2,-112.0,0.0
33.6,-112.0,0.0
32.4,-112.0,0.0
32.8,-112.0,0.0
49.2,-94.8,0.0
31.6,-112.0,0.0
32.0,-112.0,0.0
48.8,-94.8,0.0
48.4,-94.8,0.0
48.0,-94.8,0.0
47.6,-94.8,0.0
47.2,-94.8,0.0
46.8,-94.8,0.0
46.4,-94.8,0.0
46.0,-94.8,0.0
45.2,-94.8,0.0
45.6,-94.8,0.0
44.4,-94.8,0.0
44.8,-94.8,0.0
43.2,-94.8,0.0
43.6,-94.8,0.0
44.0,-94.8,0.0
42.4,-94.8,0.0
42.8,-94.8,0.0
41.2,-94.8,0.0
41.6,-94.8,0.0
42.0,-94.8,0.0
40.4,-94.8,0.0
40.8,-94.8,0.0
39.2,-94.8,0.0
39.6,-94.8,0.0
40.0,-94.8,0.0
38.4,-94.8,0.0
38.8,-94.8,0.0
38.0,-94.8,0.0
37.6,-94.8,0.0
37.2,-94.8,0.0
36.8,-94.8,0.0
36.4,-94.8,0.0
36.0,-94.8,0.0
35.6,-94.8,0.0
35.2,-94.8,0.0
34.8,-94.8,0.0
34.4,-94.8,0.0
33.2,-94.8,0.0
33.6,-94.8,0.0
34.0,-94.8,0.0
32.4,-94.8,0.0
32.8,-94.8,0.0
31.6,-94.8,0.0
31.2,-94.8,0.0
32.0,-94.8,0.0
30.8,-94.8,0.0
30.4,-94.8,0.0
29.2,-94.8,0.0
29.6,-94.8,0.0
30.0,-94.8,0.0
28.8,-94.8,0.0
43.2,-77.6,4.6875
43.6,-77.6,0.78125
42.4,-77.6,7.222222222222222
42.8,-77.6,5.0
41.2,-77.6,15.0
41.6,-77.6,15.0
42.0,-77.6,14.67741935483871
40.4,-77.6,15.0
40.8,-77.6,15.0
39.2,-77.6,15.0
39.6,-77.6,15.0
40.0,-77.6,15.0
38.4,-77.6,15.0
38.8,-77.6,15.0
37.2,-77.6,5.0
37.6,-77.6,8.59375
38.0,-77.6,15.0
36.8,-77.6,2.734375
36.4,-77.6,0.0
36.0,-77.6,0.0
35.6,-77.6,0.0
35.2,-77.6,0.0
34.8,-77.6,0.0
34.4,-77.6,0.0
34.0,-77.6,0.0
33.6,-77.6,0.0
49.2,-110.8,0.0
48.8,-110.8,0.0
48.4,-110.8,0.0
48.0,-110.8,0.0
47.6,-110.8,0.0
47.2,-110.8,0.0
46.8,-110.8,0.0
46.4,-110.8,0.0
46.0,-110.8,0.0
45.6,-110.8,0.0
45.2,-110.8,0.0
44.4,-110.8,0.0
44.8,-110.8,0.0
43.2,-110.8,0.0
43.6,-110.8,0.0
44.0,-110.8,0.0
42.4,-110.8,0.0
42.8,-110.8,0.0
41.2,-110.8,0.0
41.6,-110.8,0.0
42.0,-110.8,0.0
40.4,-110.8,0.0
40.8,-110.8,0.0
39.2,-110.8,0.0
39.6,-110.8,0.0
40.0,-110.8,0.0
38.4,-110.8,0.0
38.8,-110.8,0.0
37.6,-110.8,0.0
37.2,-110.8,0.0
38.0,-110.8,0.0
36.8,-110.8,0.0
36.4,-110.8,0.0
36.0,-110.8,0.0
35.6,-110.8,0.0
35.2,-110.8,0.0
34.8,-110.8,0.0
34.4,-110.8,0.0
34.0,-110.8,0.0
33.2,-110.8,0.0
33.6,-110.8,0.0
32.4,-110.8,0.0
32.8,-110.8,0.0
31.2,-110.8,0.0
31.6,-110.8,0.0
32.0,-110.8,0.0
48.4,-93.6,0.0
48.0,-93.6,0.0
47.6,-93.6,0.0
47.2,-93.6,0.0
46.8,-93.6,0.0
46.4,-93.6,0.0
46.0,-93.6,0.0
45.2,-93.6,0.0
45.6,-93.6,0.0
44.4,-93.6,0.0
44.8,-93.6,0.0
43.2,-93.6,0.0
43.6,-93.6,0.0
44.0,-93.6,0.0
42.4,-93.6,0.0
42.8,-93.6,0.0
41.2,-93.6,0.0
41.6,-93.6,0.0
42.0,-93.6,0.0
40.4,-93.6,0.0
40.8,-93.6,0.0
39.2,-93.6,0.0
39.6,-93.6,0.0
40.0,-93.6,0.0
38.4,-93.6,0.0
38.8,-93.6,0.0
38.0,-93.6,0.0
37.6,-93.6,0.0
37.2,-93.6,0.0
36.8,-93.6,0.0
36.4,-93.6,0.0
36.0,-93.6,0.0
35.6,-93.6,0.0
35.2,-93.6,0.0
34.8,-93.6,0.0
34.4,-93.6,0.0
33.2,-93.6,0.0
33.6,-93.6,0.0
34.0,-93.6,0.0
32.4,-93.6,0.0
32.8,-93.6,0.0
31.6,-93.6,0.0
31.2,-93.6,0.0
32.0,-93.6,0.0
30.8,-93.6,0.0
30.4,-93.6,0.0
29.2,-93.6,0.0
29.6,-93.6,0.0
30.0,-93.6,0.0
43.2,-76.4,9.603174603174603
43.6,-76.4,5.0
44.0,-76.4,5.0
42.4,-76.4,15.0
42.8,-76.4,15.0
41.2,-76.4,15.0
41.6,-76.4,15.0
42.0,-76.4,15.0
40.4,-76.4,15.0
40.8,-76.4,15.0
39.2,-76.4,15.0
39.6,-76.4,15.0
40.0,-76.4,15.0
38.4,-76.4,10.15625
38.8,-76.4,15.0
37.2,-76.4,0.45454545454545453
37.6,-76.4,4.761904761904762
38.0,-76.4,5.0
36.8,-76.4,0.0
36.4,-76.4,0.0
36.0,-76.4,0.0
35.6,-76.4,0.0
35.2,-76.4,0.0
34.8,-76.4,0.0
34.4,-76.4,0.0
49.2,-109.6,0.0
48.8,-109.6,0.0
48.4,-109.6,0.0
48.0,-109.6,0.0
47.6,-109.6,0.0
47.2,-109.6,0.0
46.8,-109.6,0.0
46.4,-109.6,0.0
46.0,-109.6,0.0
45.6,-109.6,0.0
45.2,-109.6,0.0
44.4,-109.6,0.0
44.8,-109.6,0.0
43.2,-109.6,0.0
43.6,-109.6,0.0
44.0,-109.6,0.0
42.4,-109.6,0.0
42.8,-109.6,0.0
41.2,-109.6,0.0
41.6,-109.6,0.0
42.0,-109.6,0.0
40.4,-109.6,0.0
40.8,-109.6,0.0
39.2,-109.6,0.0
39.6,-109.6,0.0
40.0,-109.6,0.0
38.4,-109.6,0.0
38.8,-109.6,0.0
37.6,-109.6,0.0
37.2,-109.6,0.0
38.0,-109.6,0.0
36.8,-109.6,0.0
36.4,-109.6,0.0
36.0,-109.6,0.0
35.6,-109.6,0.0
35.2,-109.6,0.0
34.8,-109.6,0.0
34.4,-109.6,0.0
34.0,-109.6,0.0
33.2,-109.6,0.0
33.6,-109.6,0.0
32.4,-109.6,0.0
32.8,-109.6,0.0
31.2,-109.6,0.0
31.6,-109.6,0.0
32.0,-109.6,0.0
48.4,-92.4,0.0
48.0,-92.4,0.0
47.6,-92.4,0.0
47.2,-92.4,0.0
46.8,-92.4,0.0
46.4,-92.4,0.0
46.0,-92.4,0.0
45.6,-92.4,0.0
45.2,-92.4,0.0
44.4,-92.4,0.0
44.8,-92.4,0.0
43.2,-92.4,0.0
43.6,-92.4,0.0
44.0,-92.4,0.0
42.4,-92.4,0.0
42.8,-92.4,0.0
41.2,-92.4,0.0
41.6,-92.4,0.0
42.0,-92.4,0.0
40.4,-92.4,0.0
40.8,-92.4,0.0
39.2,-92.4,0.0
39.6,-92.4,0.0
40.0,-92.4,0.0
38.4,-92.4,0.0
38.8,-92.4,0.0
38.0,-92.4,0.0
37.6,-92.4,0.0
37.2,-92.4,0.0
36.8,-92.4,0.0
36.4,-92.4,0.0
36.0,-92.4,0.0
35.6,-92.4,0.0
35.2,-92.4,0.0
34.8,-92.4,0.0
34.4,-92.4,0.0
33.2,-92.4,0.0
33.6,-92.4,0.0
34.0,-92.4,0.0
32.4,-92.4,0.0
32.8,-92.4,0.0
31.6,-92.4,0.0
31.2,-92.4,0.0
32.0,-92.4,0.0
30.8,-92.4,0.0
30.4,-92.4,0.0
29.2,-92.4,0.0
29.6,-92.4,0.0
30.0,-92.4,0.0
44.8,-75.2,5.0
44.4,-75.2,5.983606557377049
43.2,-75.2,15.0
43.6,-75.2,15.0
44.0,-75.2,13.73015873015873
42.4,-75.2,15.0
42.8,-75.2,15.0
41.2,-75.2,15.0
41.6,-75.2,15.0
42.0,-75.2,15.0
40.4,-75.2,15.0
40.8,-75.2,15.0
39.2,-75.2,7.380952380952381
39.6,-75.2,14.206349206349206
40.0,-75.2,15.0
38.4,-75.2,3.8095238095238093
38.8,-75.2,5.0
37.2,-75.2,0.0
37.6,-75.2,0.0
38.0,-75.2,0.15625
36.0,-75.2,0.0
35.6,-75.2,0.0
35.2,-75.2,0.0
34.8,-75.2,0.0
49.2,-108.4,0.0
48.8,-108.4,0.0
48.4,-108.4,0.0
48.0,-108.4,0.0
47.6,-108.4,0.0
47.2,-108.4,0.0
46.8,-108.4,0.0
46.4,-108.4,0.0
46.0,-108.4,0.0
45.6,-108.4,0.0
45.2,-108.4,0.0
44.4,-108.4,0.0
44.8,-108.4,0.0
43.2,-108.4,0.0
43.6,-108.4,0.0
44.0,-108.4,0.0
42.4,-108.4,0.0
42.8,-108.4,0.0
41.2,-108.4,0.0
41.6,-108.4,0.0
42.0,-108.4,0.0
40.4,-108.4,0.0
40.8,-108.4,0.0
39.2,-108.4,0.0
39.6,-108.4,0.0
40.0,-108.4,0.0
38.4,-108.4,0.0
38.8,-108.4,0.0
37.6,-108.4,0.0
37.2,-108.4,0.0
38.0,-108.4,0.0
36.8,-108.4,0.0
36.4,-108.4,0.0
36.0,-108.4,0.0
35.6,-108.4,0.0
35.2,-108.4,0.0
34.8,-108.4,0.0
34.4,-108.4,0.0
34.0,-108.4,0.0
33.2,-108.4,0.0
33.6,-108.4,0.0
32.4,-108.4,0.0
32.8,-108.4,0.0
31.2,-108.4,0.0
31.6,-108.4,0.0
32.0,-108.4,0.0
48.0,-91.2,0.0
47.6,-91.2,0.0
47.2,-91.2,0.0
46.8,-91.2,0.0
46.4,-91.2,0.0
46.0,-91.2,0.0
45.6,-91.2,0.0
45.2,-91.2,0.0
44.4,-91.2,0.0
44.8,-91.2,0.0
43.2,-91.2,0.0
43.6,-91.2,0.0
44.0,-91.2,0.0
42.4,-91.2,0.0
42.8,-91.2,0.0
41.2,-91.2,0.0
41.6,-91.2,0.0
42.0,-91.2,0.0
40.4,-91.2,0.0
40.8,-91.2,0.0
39.2,-91.2,0.0
39.6,-91.2,0.0
40.0,-91.2,0.0
38.4,-91.2,0.0
38.8,-91.2,0.0
38.0,-91.2,0.0
37.6,-91.2,0.0
37.2,-91.2,0.0
36.8,-91.2,0.0
36.4,-91.2,0.0
36.0,-91.2,0.0
35.6,-91.2,0.0
35.2,-91.2,0.0
34.8,-91.2,0.0
34.4,-91.2,0.0
33.2,-91.2,0.0
33.6,-91.2,0.0
34.0,-91.2,0.0
32.4,-91.2,0.0
32.8,-91.2,0.0
31.6,-91.2,0.0
31.2,-91.2,0.0
32.0,-91.2,0.0
30.8,-91.2,0.0
30.4,-91.2,0.0
30.0,-91.2,0.0
29.2,-91.2,0.0
29.6,-91.2,0.0
28.8,-91.2,0.0
45.2,-74.0,15.0
44.8,-74.0,15.0
44.4,-74.0,15.0
43.2,-74.0,15.0
43.6,-74.0,15.0
44.0,-74.0,15.0
42.4,-74.0,15.0
42.8,-74.0,15.0
41.2,-74.0,15.0
41.6,-74.0,15.0
42.0,-74.0,15.0
40.4,-74.0,5.0
40.8,-74.0,8.968253968253968
39.2,-74.0,0.3125
39.6,-74.0,3.0172413793103448
40.0,-74.0,5.0
48.4,-124.4,0.0
48.0,-124.4,0.0
47.6,-124.4,0.0
47.2,-124.4,0.0
46.8,-124.4,0.0
46.4,-124.4,0.0
46.0,-124.4,0.0
45.6,-124.4,0.0
45.2,-124.4,0.0
44.8,-124.4,0.0
44.4,-124.4,0.0
44.0,-124.4,0.0
43.6,-124.4,0.0
43.2,-124.4,0.0
42.4,-124.4,0.0
42.8,-124.4,0.0
41.2,-124.4,0.0
41.6,-124.4,0.0
42.0,-124.4,0.0
40.4,-124.4,0.0
40.8,-124.4,0.0
39.2,-124.4,0.0
39.6,-124.4,0.0
40.0,-124.4,0.0
48.8,-107.2,0.0
48.4,-107.2,0.0
48.0,-107.2,0.0
47.6,-107.2,0.0
47.2,-107.2,0.0
46.8,-107.2,0.0
46.4,-107.2,0.0
46.0,-107.2,0.0
45.6,-107.2,0.0
45.2,-107.2,0.0
44.4,-107.2,0.0
44.8,-107.2,0.0
43.2,-107.2,0.0
43.6,-107.2,0.0
44.0,-107.2,0.0
42.4,-107.2,0.0
42.8,-107.2,0.0
41.2,-107.2,0.0
41.6,-107.2,0.0
42.0,-107.2,0.0
40.4,-107.2,0.0
40.8,-107.2,0.0
39.2,-107.2,0.0
39.6,-107.2,0.0
40.0,-107.2,0.0
38.4,-107.2,0.0
38.8,-107.2,0.0
38.0,-107.2,0.0
37.6,-107.2,0.0
37.2,-107.2,0.0
36.8,-107.2,0.0
36.4,-107.2,0.0
36.0,-107.2,0.0
35.6,-107.2,0.0
35.2,-107.2,0.0
34.8,-107.2,0.0
34.4,-107.2,0.0
33.2,-107.2,0.0
33.6,-107.2,0.0
34.0,-107.2,0.0
32.4,-107.2,2.121212121212121
32.8,-107.2,0.30303030303030304
31.6,-107.2,0.0
32.0,-107.2,0.15151515151515152
48.0,-90.0,0.0
47.6,-90.0,0.0
47.2,-90.0,0.0
46.8,-90.0,0.0
46.4,-90.0,0.0
46.0,-90.0,0.0
45.6,-90.0,0.0
45.2,-90.0,0.0
44.4,-90.0,0.0
44.8,-90.0,0.0
43.2,-90.0,0.0
43.6,-90.0,0.0
44.0,-90.0,0.0
42.4,-90.0,0.0
42.8,-90.0,0.0
41.2,-90.0,0.0
41.6,-90.0,0.0
42.0,-90.0,0.0
40.4,-90.0,0.0
40.8,-90.0,0.0
39.2,-90.0,0.0
39.6,-90.0,0.0
40.0,-90.0,0.0
38.4,-90.0,0.0
38.8,-90.0,0.0
38.0,-90.0,0.0
37.6,-90.0,0.0
37.2,-90.0,0.0
36.8,-90.0,0.0
36.4,-90.0,0.0
36.0,-90.0,0.0
35.6,-90.0,3.642857142857143
35.2,-90.0,5.0
34.8,-90.0,5.0
34.4,-90.0,5.0
33.2,-90.0,4.513888888888889
33.6,-90.0,5.0
34.0,-90.0,5.0
32.4,-90.0,0.0
32.8,-90.0,0.0
31.6,-90.0,0.0
31.2,-90.0,0.0
32.0,-90.0,0.0
30.8,-90.0,0.0
30.4,-90.0,0.0
30.0,-90.0,0.0
29.2,-90.0,0.0
29.6,-90.0,0.0
28.8,-90.0,0.0
45.2,-72.8,15.0
44.8,-72.8,15.0
44.4,-72.8,15.0
43.2,-72.8,15.0
43.6,-72.8,15.0
44.0,-72.8,15.0
42.4,-72.8,15.0
42.8,-72.8,15.0
41.2,-72.8,2.903225806451613
41.6,-72.8,5.0
42.0,-72.8,10.96774193548387
40.4,-72.8,0.0
40.8,-72.8,0.078125
49.2,-123.2,0.0
48.8,-123.2,0.0
48.4,-123.2,0.0
48.0,-123.2,0.0
47.6,-123.2,0.0
47.2,-123.2,0.0
46.8,-123.2,0.0
46.4,-123.2,0.0
46.0,-123.2,0.0
45.6,-123.2,0.0
45.2,-123.2,0.0
44.8,-123.2,0.0
44.4,-123.2,0.0
44.0,-123.2,0.0
43.6,-123.2,0.0
43.2,-123.2,0.0
42.4,-123.2,0.0
42.8,-123.2,0.0
41.2,-123.2,0.0
41.6,-123.2,0.0
42.0,-123.2,0.0
40.4,-123.2,0.0
40.8,-123.2,0.0
39.2,-123.2,0.0
39.6,-123.2,0.0
40.0,-123.2,0.0
38.4,-123.2,0.0
38.8,-123.2,0.0
37.2,-123.2,0.0
37.6,-123.2,0.0
38.0,-123.2,0.0
48.8,-106.0,0.0
48.4,-106.0,0.0
48.0,-106.0,0.0
47.6,-106.0,0.0
47.2,-106.0,0.0
46.8,-106.0,0.0
46.4,-106.0,0.0
46.0,-106.0,0.0
45.6,-106.0,0.0
45.2,-106.0,0.0
44.4,-106.0,0.0
44.8,-106.0,0.0
43.2,-106.0,0.0
43.6,-106.0,0.0
44.0,-106.0,0.0
42.4,-106.0,0.0
42.8,-106.0,0.0
41.2,-106.0,0.0
41.6,-106.0,0.0
42.0,-106.0,0.0
40.4,-106.0,0.0
40.8,-106.0,0.0
39.2,-106.0,0.0
39.6,-106.0,0.0
40.0,-106.0,0.0
38.4,-106.0,0.0
38.8,-106.0,0.0
38.0,-106.0,0.0
37.6,-106.0,0.0
37.2,-106.0,0.0
36.8,-106.0,0.0
36.4,-106.0,0.0
36.0,-106.0,0.0
35.6,-106.0,0.0
35.2,-106.0,0.0
34.8,-106.0,0.0
34.4,-106.0,0.0
33.2,-106.0,3.3333333333333335
33.6,-106.0,0.0
34.0,-106.0,0.0
32.4,-106.0,5.0
32.8,-106.0,5.0
31.2,-106.0,5.0
31.6,-106.0,5.0
32.0,-106.0,5.0
48.4,-88.8,0.0
48.0,-88.8,0.0
47.6,-88.8,0.0
47.2,-88.8,0.0
46.8,-88.8,0.0
46.4,-88.8,0.0
46.0,-88.8,0.0
45.6,-88.8,0.0
45.2,-88.8,0.0
44.4,-88.8,0.0
44.8,-88.8,0.0
43.2,-88.8,0.0
43.6,-88.8,0.0
44.0,-88.8,0.0
42.4,-88.8,0.0
42.8,-88.8,0.0
41.2,-88.8,0.0
41.6,-88.8,0.0
42.0,-88.8,0.0
40.4,-88.8,0.0
40.8,-88.8,0.0
39.2,-88.8,0.0
39.6,-88.8,0.0
40.0,-88.8,0.0
38.4,-88.8,0.0
38.8,-88.8,0.0
38.0,-88.8,0.0
37.6,-88.8,0.0
37.2,-88.8,0.0
36.8,-88.8,0.0
36.4,-88.8,0.0
36.0,-88.8,4.0476190476190474
35.6,-88.8,5.0
35.2,-88.8,5.0
34.8,-88.8,5.0
34.4,-88.8,5.0
33.2,-88.8,5.0
33.6,-88.8,5.0
34.0,-88.8,5.0
32.4,-88.8,0.0
32.8,-88.8,3.1746031746031744
31.6,-88.8,0.0
31.2,-88.8,0.0
32.0,-88.8,0.0
30.8,-88.8,0.0
30.4,-88.8,0.0
30.0,-88.8,0.0
29.2,-88.8,0.0
29.6,-88.8,0.0
28.8,-88.8,0.0
45.2,-71.6,15.0
44.8,-71.6,15.0
44.4,-71.6,15.0
43.2,-71.6,5.7936507936507935
43.6,-71.6,12.741935483870968
44.0,-71.6,15.0
42.4,-71.6,0.23809523809523808
42.8,-71.6,3.467741935483871
41.2,-71.6,0.0
41.6,-71.6,0.0
42.0,-71.6,0.0
40.8,-71.6,0.0
49.2,-122.0,0.0
48.8,-122.0,0.0
48.4,-122.0,0.0
48.0,-122.0,0.0
47.6,-122.0,0.0
47.2,-122.0,0.0
46.8,-122.0,0.0
46.4,-122.0,0.0
46.0,-122.0,0.0
45.6,-122.0,0.0
45.2,-122.0,0.0
44.8,-122.0,0.0
44.4,-122.0,0.0
44.0,-122.0,0.0
43.2,-122.0,0.0
43.6,-122.0,0.0
42.4,-122.0,0.0
42.8,-122.0,0.0
41.2,-122.0,0.0
41.6,-122.0,0.0
42.0,-122.0,0.0
40.4,-122.0,0.0
40.8,-122.0,0.0
39.2,-122.0,0.0
39.6,-122.0,0.0
40.0,-122.0,0.0
38.4,-122.0,0.0
38.8,-122.0,0.0
37.2,-122.0,0.0
37.6,-122.0,0.0
38.0,-122.0,0.0
36.4,-122.0,0.0
36.8,-122.0,0.0
36.0,-122.0,0.0
35.6,-122.0,0.0
35.2,-122.0,0.0
34.8,-122.0,0.0
34.4,-122.0,0.0
48.8,-104.8,0.0
48.4,-104.8,0.0
48.0,-104.8,0.0
47.6,-104.8,0.0
47.2,-104.8,0.0
46.8,-104.8,0.0
46.4,-104.8,0.0
46.0,-104.8,0.0
45.6,-104.8,0.0
45.2,-104.8,0.0
44.4,-104.8,0.0
44.8,-104.8,0.0
43.2,-104.8,0.0
43.6,-104.8,0.0
44.0,-104.8,0.0
42.4,-104.8,0.0
42.8,-104.8,0.0
41.2,-104.8,0.0
41.6,-104.8,0.0
42.0,-104.8,0.0
40.4,-104.8,0.0
40.8,-104.8,0.0
39.2,-104.8,0.0
39.6,-104.8,0.0
40.0,-104.8,0.0
38.4,-104.8,0.0
38.8,-104.8,0.0
38.0,-104.8,0.0
37.6,-104.8,0.0
37.2,-104.8,0.0
36.8,-104.8,0.0
36.4,-104.8,0.0
36.0,-104.8,0.0
35.6,-104.8,0.0
35.2,-104.8,0.0
34.8,-104.8,0.0
34.4,-104.8,0.0
33.2,-104.8,5.0
33.6,-104.8,3.769230769230769
34.0,-104.8,0.0
32.4,-104.8,5.0
32.8,-104.8,5.0
31.6,-104.8,5.0
31.2,-104.8,5.0
32.0,-104.8,5.0
30.8,-104.8,5.0
30.4,-104.8,5.0
48.0,-87.6,0.0
47.6,-87.6,0.0
47.2,-87.6,0.0
30.0,-104.8,5.0
29.6,-104.8,5.0
46.8,-87.6,0.0
46.4,-87.6,0.0
46.0,-87.6,0.0
45.6,-87.6,0.0
45.2,-87.6,0.0
44.4,-87.6,0.0
44.8,-87.6,0.0
43.2,-87.6,0.0
43.6,-87.6,0.0
44.0,-87.6,0.0
42.4,-87.6,0.0
42.8,-87.6,0.0
41.2,-87.6,0.0
41.6,-87.6,0.0
42.0,-87.6,0.0
40.4,-87.6,0.0
40.8,-87.6,0.0
39.2,-87.6,0.0
39.6,-87.6,0.0
40.0,-87.6,0.0
38.4,-87.6,0.0
38.8,-87.6,0.0
38.0,-87.6,0.0
37.6,-87.6,0.0
37.2,-87.6,0.0
36.8,-87.6,0.0
36.4,-87.6,4.0476190476190474
36.0,-87.6,5.0
35.6,-87.6,5.0
35.2,-87.6,5.0
34.8,-87.6,5.0
34.4,-87.6,5.0
33.2,-87.6,4.769230769230769
33.6,-87.6,5.0
34.0,-87.6,5.0
32.4,-87.6,0.0
32.8,-87.6,0.07246376811594203
31.6,-87.6,0.0
31.2,-87.6,0.0
32.0,-87.6,0.0
30.8,-87.6,0.0
30.4,-87.6,0.0
30.0,-87.6,0.0
46.4,-70.4,15.0
46.0,-70.4,15.0
45.6,-70.4,15.0
45.2,-70.4,15.0
44.8,-70.4,8.870967741935484
44.4,-70.4,4.918032786885246
43.2,-70.4,0.0
43.6,-70.4,0.0
44.0,-70.4,1.5573770491803278
42.4,-70.4,0.0
42.8,-70.4,0.0
41.2,-70.4,0.0
41.6,-70.4,0.0
42.0,-70.4,0.0
40.8,-70.4,0.0
49.2,-120.8,0.0
48.8,-120.8,0.0
48.4,-120.8,0.0
48.0,-120.8,0.0
47.6,-120.8,0.0
47.2,-120.8,0.0
46.8,-120.8,0.0
46.4,-120.8,0.0
46.0,-120.8,0.0
45.6,-120.8,0.0
45.2,-120.8,0.0
44.8,-120.8,0.0
44.4,-120.8,0.0
44.0,-120.8,0.0
43.2,-120.8,0.0
43.6,-120.8,0.0
42.4,-120.8,0.0
42.8,-120.8,0.0
41.2,-120.8,0.0
41.6,-120.8,0.0
42.0,-120.8,0.0
40.4,-120.8,0.0
40.8,-120.8,0.0
39.2,-120.8,0.0
39.6,-120.8,0.0
40.0,-120.8,0.0
38.4,-120.8,0.0
38.8,-120.8,0.0
37.2,-120.8,0.0
37.6,-120.8,0.0
38.0,-120.8,0.0
36.4,-120.8,0.0
36.8,-120.8,0.0
36.0,-120.8,0.0
35.6,-120.8,0.0
35.2,-120.8,0.0
34.8,-120.8,0.0
34.4,-120.8,0.0
48.8,-103.6,0.0
48.4,-103.6,0.0
48.0,-103.6,0.0
47.6,-103.6,0.0
47.2,-103.6,0.0
46.8,-103.6,0.0
46.4,-103.6,0.0
46.0,-103.6,0.0
45.6,-103.6,0.0
45.2,-103.6,0.0
44.4,-103.6,0.0
44.8,-103.6,0.0
43.2,-103.6,0.0
43.6,-103.6,0.0
44.0,-103.6,0.0
42.4,-103.6,0.0
42.8,-103.6,0.0
41.2,-103.6,0.0
41.6,-103.6,0.0
42.0,-103.6,0.0
40.4,-103.6,0.0
40.8,-103.6,0.0
39.2,-103.6,0.0
39.6,-103.6,0.0
40.0,-103.6,0.0
38.4,-103.6,0.0
38.8,-103.6,0.0
38.0,-103.6,0.0
37.6,-103.6,0.0
37.2,-103.6,0.0
36.8,-103.6,0.0
36.4,-103.6,0.0
36.0,-103.6,0.0
35.6,-103.6,0.0
35.2,-103.6,0.0
34.8,-103.6,0.0
34.4,-103.6,0.0
33.2,-103.6,2.4242424242424243
33.6,-103.6,0.0
34.0,-103.6,0.0
32.4,-103.6,5.0
32.8,-103.6,5.0
31.6,-103.6,5.0
31.2,-103.6,5.0
32.0,-103.6,5.0
30.8,-103.6,5.0
30.4,-103.6,5.0
47.6,-86.4,0.0
47.2,-86.4,0.0
30.0,-103.6,5.0
29.2,-103.6,5.0
29.6,-103.6,5.0
46.8,-86.4,0.0
46.4,-86.4,0.0
46.0,-86.4,0.0
45.6,-86.4,0.0
45.2,-86.4,0.0
44.4,-86.4,0.0
44.8,-86.4,0.0
43.2,-86.4,0.0
43.6,-86.4,0.0
44.0,-86.4,0.0
42.4,-86.4,0.0
42.8,-86.4,0.0
41.2,-86.4,0.0
41.6,-86.4,0.0
42.0,-86.4,0.0
40.4,-86.4,0.0
40.8,-86.4,0.0
39.2,-86.4,0.0
39.6,-86.4,0.0
40.0,-86.4,0.0
38.4,-86.4,0.0
38.8,-86.4,0.0
38.0,-86.4,0.0
37.6,-86.4,0.0
37.2,-86.4,0.0
36.8,-86.4,4.126984126984127
36.4,-86.4,5.0
36.0,-86.4,5.0
35.6,-86.4,5.0
35.2,-86.4,5.0
34.8,-86.4,5.0
34.4,-86.4,5.0
33.2,-86.4,1.4285714285714286
33.6,-86.4,5.0
34.0,-86.4,5.0
32.4,-86.4,0.0
32.8,-86.4,0.0
31.6,-86.4,0.0
31.2,-86.4,0.0
32.0,-86.4,0.0
30.8,-86.4,0.0
30.4,-86.4,0.0
47.6,-69.2,15.0
47.2,-69.2,15.0
30.0,-86.4,0.0
46.8,-69.2,15.0
46.4,-69.2,15.0
46.0,-69.2,12.936507936507937
45.6,-69.2,5.491803278688525
45.2,-69.2,3.3870967741935485
44.8,-69.2,0.08064516129032258
44.4,-69.2,0.0
44.0,-69.2,0.0
43.6,-69.2,0.0
49.2,-119.6,0.0
48.8,-119.6,0.0
48.4,-119.6,0.0
48.0,-119.6,0.0
47.6,-119.6,0.0
47.2,-119.6,0.0
46.8,-119.6,0.0
46.4,-119.6,0.0
46.0,-119.6,0.0
45.6,-119.6,0.0
45.2,-119.6,0.0
44.8,-119.6,0.0
44.4,-119.6,0.0
43.2,-119.6,0.0
43.6,-119.6,0.0
44.0,-119.6,0.0
42.4,-119.6,0.0
42.8,-119.6,0.0
41.2,-119.6,0.0
41.6,-119.6,0.0
42.0,-119.6,0.0
40.4,-119.6,0.0
40.8,-119.6,0.0
39.2,-119.6,0.0
39.6,-119.6,0.0
40.0,-119.6,0.0
38.4,-119.6,0.0
38.8,-119.6,0.0
37.2,-119.6,0.0
37.6,-119.6,0.0
38.0,-119.6,0.0
36.4,-119.6,0.0
36.8,-119.6,0.0
36.0,-119.6,0.0
35.6,-119.6,0.0
35.2,-119.6,0.0
34.8,-119.6,0.0
34.4,-119.6,0.0
34.0,-119.6,0.0
48.8,-102.4,0.0
48.4,-102.4,0.0
48.0,-102.4,0.0
47.6,-102.4,0.0
47.2,-102.4,0.0
46.8,-102.4,0.0
46.4,-102.4,0.0
46.0,-102.4,0.0
45.6,-102.4,0.0
45.2,-102.4,0.0
44.4,-102.4,0.0
44.8,-102.4,0.0
43.2,-102.4,0.0
43.6,-102.4,0.0
44.0,-102.4,0.0
42.4,-102.4,0.0
42.8,-102.4,0.0
41.2,-102.4,0.0
41.6,-102.4,0.0
42.0,-102.4,0.0
40.4,-102.4,0.0
40.8,-102.4,0.0
39.2,-102.4,0.0
39.6,-102.4,0.0
40.0,-102.4,0.0
38.4,-102.4,0.0
38.8,-102.4,0.0
38.0,-102.4,0.0
37.6,-102.4,0.0
37.2,-102.4,0.0
36.8,-102.4,0.0
36.4,-102.4,0.0
36.0,-102.4,0.0
35.6,-102.4,0.0
35.2,-102.4,0.0
34.8,-102.4,0.0
34.4,-102.4,0.0
33.2,-102.4,5.0
33.6,-102.4,1.9565217391304348
34.0,-102.4,0.0
32.4,-102.4,5.0
32.8,-102.4,5.0
31.6,-102.4,5.0
31.2,-102.4,5.0
32.0,-102.4,5.0
30.8,-102.4,1.8181818181818181
30.4,-102.4,0.0
47.2,-85.2,0.0
30.0,-102.4,0.0
29.6,-102.4,0.0
46.8,-85.2,0.0
46.4,-85.2,0.0
46.0,-85.2,0.0
45.6,-85.2,0.0
45.2,-85.2,0.0
44.4,-85.2,0.0
44.8,-85.2,0.0
43.2,-85.2,0.0
43.6,-85.2,0.0
44.0,-85.2,0.0
42.4,-85.2,0.0
42.8,-85.2,0.0
41.2,-85.2,0.0
41.6,-85.2,0.0
42.0,-85.2,0.0
40.4,-85.2,0.0
40.8,-85.2,0.0
39.2,-85.2,0.0
39.6,-85.2,0.0
40.0,-85.2,0.0
38.4,-85.2,0.0
38.8,-85.2,0.0
38.0,-85.2,0.0
37.6,-85.2,0.0
37.2,-85.2,3.90625
36.8,-85.2,5.0
36.4,-85.2,5.0
36.0,-85.2,5.0
35.6,-85.2,5.0
35.2,-85.2,5.0
34.8,-85.2,5.0
34.4,-85.2,5.0
33.2,-85.2,0.0
33.6,-85.2,3.3846153846153846
34.0,-85.2,5.0
32.4,-85.2,0.0
32.8,-85.2,0.0
31.6,-85.2,0.0
31.2,-85.2,0.0
32.0,-85.2,0.0
30.8,-85.2,0.0
30.4,-85.2,0.0
47.2,-68.0,15.0
30.0,-85.2,0.0
29.2,-85.2,0.0
29.6,-85.2,0.0
46.8,-68.0,8.666666666666666
46.4,-68.0,4.838709677419355
46.0,-68.0,1.25
45.6,-68.0,0.0
45.2,-68.0,0.0
44.8,-68.0,0.0
44.4,-68.0,0.0
44.0,-68.0,0.0
49.2,-118.4,0.0
48.8,-118.4,0.0
48.4,-118.4,0.0
48.0,-118.4,0.0
47.6,-118.4,0.0
47.2,-118.4,0.0
46.8,-118.4,0.0
46.4,-118.4,0.0
46.0,-118.4,0.0
45.6,-118.4,0.0
45.2,-118.4,0.0
44.8,-118.4,0.0
44.4,-118.4,0.0
43.2,-118.4,0.0
43.6,-118.4,0.0
44.0,-118.4,0.0
42.4,-118.4,0.0
42.8,-118.4,0.0
41.2,-118.4,0.0
41.6,-118.4,0.0
42.0,-118.4,0.0
40.4,-118.4,0.0
40.8,-118.4,0.0
39.2,-118.4,0.0
39.6,-118.4,0.0
40.0,-118.4,0.0
38.4,-118.4,0.0
38.8,-118.4,0.0
37.2,-118.4,0.0
37.6,-118.4,0.0
38.0,-118.4,0.0
36.8,-118.4,0.0
36.4,-118.4,0.0
36.0,-118.4,0.0
35.6,-118.4,0.0
35.2,-118.4,0.0
34.8,-118.4,0.0
34.4,-118.4,0.0
34.0,-118.4,0.0
33.6,-118.4,0.0
33.2,-118.4,0.0
48.8,-101.2,0.0
48.4,-101.2,0.0
48.0,-101.2,0.0
47.6,-101.2,0.0
47.2,-101.2,0.0
46.8,-101.2,0.0
46.4,-101.2,0.0
46.0,-101.2,0.0
45.6,-101.2,0.0
45.2,-101.2,0.0
44.4,-101.2,0.0
44.8,-101.2,0.0
43.2,-101.2,0.0
43.6,-101.2,0.0
44.0,-101.2,0.0
42.4,-101.2,0.0
42.8,-101.2,0.0
41.2,-101.2,0.0
41.6,-101.2,0.0
42.0,-101.2,0.0
40.4,-101.2,0.0
40.8,-101.2,0.0
39.2,-101.2,0.0
39.6,-101.2,0.0
40.0,-101.2,0.0
38.4,-101.2,0.0
38.8,-101.2,0.0
38.0,-101.2,0.0
37.6,-101.2,0.0
37.2,-101.2,0.0
36.8,-101.2,0.0
36.4,-101.2,0.0
36.0,-101.2,0.0
35.6,-101.2,0.0
35.2,-101.2,0.0
34.8,-101.2,0.0
34.4,-101.2,0.0
33.2,-101.2,5.0
33.6,-101.2,5.0
34.0,-101.2,4.166666666666667
32.4,-101.2,5.0
32.8,-101.2,5.0
31.6,-101.2,5.0
31.2,-101.2,5.0
32.0,-101.2,5.0
30.8,-101.2,0.0
30.4,-101.2,0.0
30.0,-101.2,0.0
29.6,-101.2,0.0
46.4,-84.0,0.0
46.0,-84.0,0.0
45.6,-84.0,0.0
45.2,-84.0,0.0
44.4,-84.0,0.0
44.8,-84.0,0.0
43.2,-84.0,0.0
43.6,-84.0,0.0
44.0,-84.0,0.0
42.4,-84.0,0.0
42.8,-84.0,0.0
41.2,-84.0,0.0
41.6,-84.0,0.0
42.0,-84.0,0.0
40.4,-84.0,0.0
40.8,-84.0,0.0
39.2,-84.0,0.0
39.6,-84.0,0.0
40.0,-84.0,0.0
38.4,-84.0,0.0
38.8,-84.0,0.0
38.0,-84.0,0.234375
37.6,-84.0,4.461538461538462
37.2,-84.0,5.0
36.8,-84.0,5.0
36.4,-84.0,5.0
36.0,-84.0,5.0
35.6,-84.0,5.0
35.2,-84.0,5.0
34.8,-84.0,5.0
34.4,-84.0,5.0
33.2,-84.0,0.0
33.6,-84.0,0.0
34.0,-84.0,3.8461538461538463
32.4,-84.0,0.0
32.8,-84.0,0.0
31.2,-84.0,0.0
31.6,-84.0,0.0
32.0,-84.0,0.0
30.8,-84.0,0.0
30.4,-84.0,0.0
30.0,-84.0,0.0
29.6,-84.0,0.0
44.8,-66.8,0.0
49.2,-117.2,0.0
48.8,-117.2,0.0
48.4,-117.2,0.0
48.0,-117.2,0.0
47.6,-117.2,0.0
47.2,-117.2,0.0
46.8,-117.2,0.0
46.4,-117.2,0.0
46.0,-117.2,0.0
45.6,-117.2,0.0
45.2,-117.2,0.0
44.8,-117.2,0.0
44.4,-117.2,0.0
43.2,-117.2,0.0
43.6,-117.2,0.0
44.0,-117.2,0.0
42.4,-117.2,0.0
42.8,-117.2,0.0
41.2,-117.2,0.0
41.6,-117.2,0.0
42.0,-117.2,0.0
40.4,-117.2,0.0
40.8,-117.2,0.0
39.2,-117.2,0.0
39.6,-117.2,0.0
40.0,-117.2,0.0
38.4,-117.2,0.0
38.8,-117.2,0.0
37.2,-117.2,0.0
37.6,-117.2,0.0
38.0,-117.2,0.0
36.8,-117.2,0.0
36.4,-117.2,0.0
36.0,-117.2,0.0
35.6,-117.2,0.0
35.2,-117.2,0.0
34.8,-117.2,0.0
34.4,-117.2,0.0
34.0,-117.2,0.0
33.6,-117.2,0.0
33.2,-117.2,0.0
32.4,-117.2,0.0
32.8,-117.2,0.0
48.8,-100.0,0.0
48.4,-100.0,0.0
48.0,-100.0,0.0
47.6,-100.0,0.0
47.2,-100.0,0.0
46.8,-100.0,0.0
46.4,-100.0,0.0
46.0,-100.0,0.0
45.6,-100.0,0.0
45.2,-100.0,0.0
44.4,-100.0,0.0
44.8,-100.0,0.0
43.2,-100.0,0.0
43.6,-100.0,0.0
44.0,-100.0,0.0
42.4,-100.0,0.0
42.8,-100.0,0.0
41.2,-100.0,0.0
41.6,-100.0,0.0
42.0,-100.0,0.0
40.4,-100.0,0.0
40.8,-100.0,0.0
39.2,-100.0,0.0
39.6,-100.0,0.0
40.0,-100.0,0.0
38.4,-100.0,0.0
38.8,-100.0,0.0
38.0,-100.0,0.0
37.6,-100.0,0.0
37.2,-100.0,0.0
36.8,-100.0,0.0
36.4,-100.0,0.0
36.0,-100.0,0.0
35.6,-100.0,0.0
35.2,-100.0,0.0
34.8,-100.0,0.0
34.4,-100.0,0.0
33.2,-100.0,5.0
33.6,-100.0,5.0
34.0,-100.0,4.745762711864407
32.4,-100.0,5.0
32.8,-100.0,5.0
31.6,-100.0,5.0
31.2,-100.0,0.5970149253731343
32.0,-100.0,5.0
30.8,-100.0,0.0
30.4,-100.0,0.0
29.2,-100.0,0.0
29.6,-100.0,0.0
30.0,-100.0,0.0
28.4,-100.0,0.0
28.8,-100.0,0.0
45.6,-82.8,0.0
28.0,-100.0,0.0
45.2,-82.8,0.0
44.4,-82.8,0.0
44.8,-82.8,0.0
43.2,-82.8,0.0
43.6,-82.8,0.0
44.0,-82.8,0.0
42.4,-82.8,0.0
42.8,-82.8,0.0
41.2,-82.8,0.0
41.6,-82.8,0.0
40.4,-82.8,0.0
40.8,-82.8,0.0
39.2,-82.8,0.0
39.6,-82.8,0.0
40.0,-82.8,0.0
38.4,-82.8,1.9047619047619047
38.8,-82.8,0.0
38.0,-82.8,5.0
37.6,-82.8,5.0
37.2,-82.8,5.0
36.8,-82.8,5.0
36.4,-82.8,5.0
36.0,-82.8,5.0
35.6,-82.8,5.0
35.2,-82.8,5.0
34.8,-82.8,5.0
34.4,-82.8,1.09375
34.0,-82.8,0.0
33.2,-82.8,0.0
33.6,-82.8,0.0
32.4,-82.8,0.0
32.8,-82.8,0.0
31.2,-82.8,0.0
31.6,-82.8,0.0
32.0,-82.8,0.0
30.8,-82.8,0.0
30.4,-82.8,0.0
30.0,-82.8,0.0
29.6,-82.8,0.0
29.2,-82.8,0.0
28.4,-82.8,0.0
28.8,-82.8,0.0
28.0,-82.8,0.0
27.6,-82.8,0.0
27.2,-82.8,0.0
26.8,-82.8,0.0
49.2,-116.0,0.0
48.8,-116.0,0.0
48.4,-116.0,0.0
48.0,-116.0,0.0
47.6,-116.0,0.0
47.2,-116.0,0.0
46.8,-116.0,0.0
46.4,-116.0,0.0
46.0,-116.0,0.0
45.6,-116.0,0.0
45.2,-116.0,0.0
44.8,-116.0,0.0
44.4,-116.0,0.0
43.2,-116.0,0.0
43.6,-116.0,0.0
44.0,-116.0,0.0
42.4,-116.0,0.0
42.8,-116.0,0.0
41.2,-116.0,0.0
41.6,-116.0,0.0
42.0,-116.0,0.0
40.4,-116.0,0.0
40.8,-116.0,0.0
39.2,-116.0,0.0
39.6,-116.0,0.0
40.0,-116.0,0.0
38.4,-116.0,0.0
38.8,-116.0,0.0
37.2,-116.0,0.0
37.6,-116.0,0.0
38.0,-116.0,0.0
36.8,-116.0,0.0
36.4,-116.0,0.0
36.0,-116.0,0.0
35.6,-116.0,0.0
35.2,-116.0,0.0
34.8,-116.0,0.0
34.4,-116.0,0.0
34.0,-116.0,0.0
33.6,-116.0,0.0
33.2,-116.0,0.0
32.8,-116.0,0.0
48.8,-98.8,0.0
48.4,-98.8,0.0
48.0,-98.8,0.0
47.6,-98.8,0.0
47.2,-98.8,0.0
46.8,-98.8,0.0
46.4,-98.8,0.0
46.0,-98.8,0.0
45.6,-98.8,0.0
45.2,-98.8,0.0
44.4,-98.8,0.0
44.8,-98.8,0.0
43.2,-98.8,0.0
43.6,-98.8,0.0
44.0,-98.8,0.0
42.4,-98.8,0.0
42.8,-98.8,0.0
41.2,-98.8,0.0
41.6,-98.8,0.0
42.0,-98.8,0.0
40.4,-98.8,0.0
40.8,-98.8,0.0
39.2,-98.8,0.0
39.6,-98.8,0.0
40.0,-98.8,0.0
38.4,-98.8,0.0
38.8,-98.8,0.0
38.0,-98.8,0.0
37.6,-98.8,0.0
37.2,-98.8,0.0
36.8,-98.8,0.0
36.4,-98.8,0.0
36.0,-98.8,0.0
35.6,-98.8,0.0
35.2,-98.8,0.0
34.8,-98.8,0.0
34.4,-98.8,0.0
33.2,-98.8,4.929577464788732
33.6,-98.8,1.1904761904761905
34.0,-98.8,0.0
32.4,-98.8,5.0
32.8,-98.8,5.0
31.6,-98.8,0.625
31.2,-98.8,0.0
32.0,-98.8,4.919354838709677
30.8,-98.8,0.0
30.4,-98.8,0.0
30.0,-98.8,0.0
29.2,-98.8,0.0
29.6,-98.8,0.0
28.8,-98.8,0.0
28.4,-98.8,0.0
28.0,-98.8,0.0
27.6,-98.8,0.0
27.2,-98.8,0.0
26.4,-98.8,0.0
26.8,-98.8,0.0
41.2,-81.6,0.0
41.6,-81.6,0.0
42.0,-81.6,0.0
40.4,-81.6,0.0
40.8,-81.6,0.0
39.2,-81.6,2.6984126984126986
39.6,-81.6,0.15873015873015872
40.0,-81.6,0.0
38.4,-81.6,5.0
38.8,-81.6,5.0
37.6,-81.6,5.0
37.2,-81.6,11.09375
38.0,-81.6,5.0
36.8,-81.6,8.846153846153847
36.4,-81.6,5.0
36.0,-81.6,5.0
35.6,-81.6,5.0
35.2,-81.6,3.5384615384615383
34.8,-81.6,0.0
34.4,-81.6,0.0
34.0,-81.6,0.0
33.2,-81.6,0.0
33.6,-81.6,0.0
32.4,-81.6,0.0
32.8,-81.6,0.0
31.2,-81.6,0.0
31.6,-81.6,0.0
32.0,-81.6,0.0
30.8,-81.6,0.0
30.4,-81.6,0.0
30.0,-81.6,0.0
29.6,-81.6,0.0
29.2,-81.6,0.0
28.4,-81.6,0.0
28.8,-81.6,0.0
28.0,-81.6,0.0
27.6,-81.6,0.0
27.2,-81.6,0.0
26.4,-81.6,0.0
26.8,-81.6,0.0
26.0,-81.6,0.0
25.6,-81.6,0.0
25.2,-81.6,0.0
24.8,-81.6,0.0
24.4,-81.6,0.0
49.2,-114.8,0.0
48.8,-114.8,0.0
48.4,-114.8,0.0
48.0,-114.8,0.0
47.6,-114.8,0.0
47.2,-114.8,0.0
46.8,-114.8,0.0
46.4,-114.8,0.0
46.0,-114.8,0.0
45.6,-114.8,0.0
45.2,-114.8,0.0
44.8,-114.8,0.0
44.4,-114.8,0.0
43.2,-114.8,0.0
43.6,-114.8,0.0
44.0,-114.8,0.0
42.4,-114.8,0.0
42.8,-114.8,0.0
41.2,-114.8,0.0
41.6,-114.8,0.0
42.0,-114.8,0.0
40.4,-114.8,0.0
40.8,-114.8,0.0
39.2,-114.8,0.0
39.6,-114.8,0.0
40.0,-114.8,0.0
38.4,-114.8,0.0
38.8,-114.8,0.0
37.2,-114.8,0.0
37.6,-114.8,0.0
38.0,-114.8,0.0
36.8,-114.8,0.0
36.4,-114.8,0.0
36.0,-114.8,0.0
35.6,-114.8,0.0
35.2,-114.8,0.0
34.8,-114.8,0.0
34.4,-114.8,0.0
34.0,-114.8,0.0
33.6,-114.8,0.0
33.2,-114.8,0.0
32.4,-114.8,0.0
32.8,-114.8,0.0
48.8,-97.6,0.0
48.4,-97.6,0.0
48.0,-97.6,0.0
47.6,-97.6,0.0
47.2,-97.6,0.0
46.8,-97.6,0.0
46.4,-97.6,0.0
46.0,-97.6,0.0
45.6,-97.6,0.0
45.2,-97.6,0.0
44.4,-97.6,0.0
44.8,-97.6,0.0
43.2,-97.6,0.0
43.6,-97.6,0.0
44.0,-97.6,0.0
42.4,-97.6,0.0
42.8,-97.6,0.0
41.2,-97.6,0.0
41.6,-97.6,0.0
42.0,-97.6,0.0
40.4,-97.6,0.0
40.8,-97.6,0.0
39.2,-97.6,0.0
39.6,-97.6,0.0
40.0,-97.6,0.0
38.4,-97.6,0.0
38.8,-97.6,0.0
38.0,-97.6,0.0
37.6,-97.6,0.0
37.2,-97.6,0.0
36.8,-97.6,0.0
36.4,-97.6,0.0
36.0,-97.6,0.0
35.6,-97.6,0.0
35.2,-97.6,0.0
34.8,-97.6,0.0
34.4,-97.6,0.0
33.2,-97.6,0.0
33.6,-97.6,0.0
34.0,-97.6,0.0
32.4,-97.6,0.0
32.8,-97.6,0.0
31.6,-97.6,0.0
31.2,-97.6,0.0
32.0,-97.6,0.0
30.8,-97.6,0.0
30.4,-97.6,0.0
29.2,-97.6,0.0
29.6,-97.6,0.0
30.0,-97.6,0.0
28.8,-97.6,0.0
28.4,-97.6,0.0
28.0,-97.6,0.0
27.6,-97.6,0.0
27.2,-97.6,0.0
26.4,-97.6,0.0
26.8,-97.6,0.0
26.0,-97.6,0.0
42.4,-80.4,0.0
41.2,-80.4,0.0
41.6,-80.4,0.0
42.0,-80.4,0.0
40.4,-80.4,4.682539682539683
40.8,-80.4,1.7741935483870968
39.2,-80.4,5.0
39.6,-80.4,5.0
40.0,-80.4,5.0
38.4,-80.4,10.78125
38.8,-80.4,5.15625
37.6,-80.4,15.0
37.2,-80.4,15.0
38.0,-80.4,15.0
36.8,-80.4,15.0
36.4,-80.4,10.079365079365079
36.0,-80.4,5.0
35.6,-80.4,1.9230769230769231
35.2,-80.4,0.0
34.8,-80.4,0.0
34.4,-80.4,0.0
34.0,-80.4,0.0
33.2,-80.4,0.0
33.6,-80.4,0.0
32.4,-80.4,0.0
32.8,-80.4,0.0
32.0,-80.4,0.0
29.2,-80.4,0.0
28.4,-80.4,0.0
28.8,-80.4,0.0
28.0,-80.4,0.0
27.6,-80.4,0.0
27.2,-80.4,0.0
26.8,-80.4,0.0
26.4,-80.4,0.0
25.6,-80.4,0.0
25.2,-80.4,0.0
26.0,-80.4,0.0
24.4,-80.4,0.0
24.8,-80.4,0.0
49.2,-113.6,0.0
48.8,-113.6,0.0
48.4,-113.6,0.0
48.0,-113.6,0.0
47.6,-113.6,0.0
47.2,-113.6,0.0
46.8,-113.6,0.0
46.4,-113.6,0.0
46.0,-113.6,0.0
45.6,-113.6,0.0
45.2,-113.6,0.0
44.8,-113.6,0.0
44.4,-113.6,0.0
43.2,-113.6,0.0
43.6,-113.6,0.0
44.0,-113.6,0.0
42.4,-113.6,0.0
42.8,-113.6,0.0
41.2,-113.6,0.0
41.6,-113.6,0.0
42.0,-113.6,0.0
40.4,-113.6,0.0
40.8,-113.6,0.0
39.2,-113.6,0.0
39.6,-113.6,0.0
40.0,-113.6,0.0
38.4,-113.6,0.0
38.8,-113.6,0.0
37.2,-113.6,0.0
37.6,-113.6,0.0
38.0,-113.6,0.0
36.8,-113.6,0.0
36.4,-113.6,0.0
36.0,-113.6,0.0
35.6,-113.6,0.0
35.2,-113.6,0.0
34.8,-113.6,0.0
34.4,-113.6,0.0
34.0,-113.6,0.0
33.6,-113.6,0.0
33.2,-113.6,0.0
32.4,-113.6,0.0
32.8,-113.6,0.0
32.0,-113.6,0.0
48.8,-96.4,0.0
48.4,-96.4,0.0
48.0,-96.4,0.0
47.6,-96.4,0.0
47.2,-96.4,0.0
46.8,-96.4,0.0
46.4,-96.4,0.0
46.0,-96.4,0.0
45.2,-96.4,0.0
45.6,-96.4,0.0
44.4,-96.4,0.0
44.8,-96.4,0.0
43.2,-96.4,0.0
43.6,-96.4,0.0
44.0,-96.4,0.0
42.4,-96.4,0.0
42.8,-96.4,0.0
41.2,-96.4,0.0
41.6,-96.4,0.0
42.0,-96.4,0.0
40.4,-96.4,0.0
40.8,-96.4,0.0
39.2,-96.4,0.0
39.6,-96.4,0.0
40.0,-96.4,0.0
38.4,-96.4,0.0
38.8,-96.4,0.0
38.0,-96.4,0.0
37.6,-96.4,0.0
37.2,-96.4,0.0
36.8,-96.4,0.0
36.4,-96.4,0.0
36.0,-96.4,0.0
35.6,-96.4,0.0
35.2,-96.4,0.0
34.8,-96.4,0.0
34.4,-96.4,0.0
33.2,-96.4,0.0
33.6,-96.4,0.0
34.0,-96.4,0.0
32.4,-96.4,0.0
32.8,-96.4,0.0
31.6,-96.4,0.0
31.2,-96.4,0.0
32.0,-96.4,0.0
30.8,-96.4,0.0
30.4,-96.4,0.0
29.2,-96.4,0.0
29.6,-96.4,0.0
30.0,-96.4,0.0
28.8,-96.4,0.0
28.4,-96.4,0.0
28.0,-96.4,0.0
43.2,-79.2,0.0
43.6,-79.2,0.0
42.4,-79.2,0.3225806451612903
42.8,-79.2,0.0
41.2,-79.2,5.0
41.6,-79.2,5.0
42.0,-79.2,3.7301587301587302
40.4,-79.2,9.920634920634921
40.8,-79.2,5.0
39.2,-79.2,15.0
39.6,-79.2,15.0
40.0,-79.2,14.841269841269842
38.4,-79.2,15.0
38.8,-79.2,15.0
37.6,-79.2,15.0
37.2,-79.2,15.0
38.0,-79.2,15.0
36.8,-79.2,7.03125
36.4,-79.2,5.0
36.0,-79.2,0.9230769230769231
35.6,-79.2,0.0
35.2,-79.2,0.0
34.8,-79.2,0.0
34.4,-79.2,0.0
34.0,-79.2,0.0
33.2,-79.2,0.0
33.6,-79.2,0.0
32.8,-79.2,0.0
49.2,-112.4,0.0
48.8,-112.4,0.0
48.4,-112.4,0.0
48.0,-112.4,0.0
47.6,-112.4,0.0
47.2,-112.4,0.0
46.8,-112.4,0.0
46.4,-112.4,0.0
46.0,-112.4,0.0
45.6,-112.4,0.0
45.2,-112.4,0.0
44.4,-112.4,0.0
44.8,-112.4,0.0
43.2,-112.4,0.0
43.6,-112.4,0.0
44.0,-112.4,0.0
42.4,-112.4,0.0
42.8,-112.4,0.0
41.2,-112.4,0.0
41.6,-112.4,0.0
42.0,-112.4,0.0
40.4,-112.4,0.0
40.8,-112.4,0.0
39.2,-112.4,0.0
39.6,-112.4,0.0
40.0,-112.4,0.0
38.4,-112.4,0.0
38.8,-112.4,0.0
37.6,-112.4,0.0
37.2,-112.4,0.0
38.0,-112.4,0.0
36.8,-112.4,0.0
36.4,-112.4,0.0
36.0,-112.4,0.0
35.6,-112.4,0.0
35.2,-112.4,0.0
34.8,-112.4,0.0
34.4,-112.4,0.0
34.0,-112.4,0.0
33.6,-112.4,0.0
33.2,-112.4,0.0
32.4,-112.4,0.0
32.8,-112.4,0.0
49.2,-95.2,0.0
31.6,-112.4,0.0
32.0,-112.4,0.0
48.8,-95.2,0.0
48.4,-95.2,0.0
48.0,-95.2,0.0
47.6,-95.2,0.0
47.2,-95.2,0.0
46.8,-95.2,0.0
46.4,-95.2,0.0
46.0,-95.2,0.0
45.2,-95.2,0.0
45.6,-95.2,0.0
44.4,-95.2,0.0
44.8,-95.2,0.0
43.2,-95.2,0.0
43.6,-95.2,0.0
44.0,-95.2,0.0
42.4,-95.2,0.0
42.8,-95.2,0.0
41.2,-95.2,0.0
41.6,-95.2,0.0
42.0,-95.2,0.0
40.4,-95.2,0.0
40.8,-95.2,0.0
39.2,-95.2,0.0
39.6,-95.2,0.0
40.0,-95.2,0.0
38.4,-95.2,0.0
38.8,-95.2,0.0
38.0,-95.2,0.0
37.6,-95.2,0.0
37.2,-95.2,0.0
36.8,-95.2,0.0
36.4,-95.2,0.0
36.0,-95.2,0.0
35.6,-95.2,0.0
35.2,-95.2,0.0
34.8,-95.2,0.0
34.4,-95.2,0.0
33.2,-95.2,0.0
33.6,-95.2,0.0
34.0,-95.2,0.0
32.4,-95.2,0.0
32.8,-95.2,0.0
31.6,-95.2,0.0
31.2,-95.2,0.0
32.0,-95.2,0.0
30.8,-95.2,0.0
30.4,-95.2,0.0
29.2,-95.2,0.0
29.6,-95.2,0.0
30.0,-95.2,0.0
28.8,-95.2,0.0
28.4,-95.2,0.0
43.2,-78.0,1.532258064516129
43.6,-78.0,0.0
42.4,-78.0,5.0
42.8,-78.0,5.0
41.2,-78.0,15.0
41.6,-78.0,14.516129032258064
42.0,-78.0,8.225806451612904
40.4,-78.0,15.0
40.8,-78.0,15.0
39.2,-78.0,15.0
39.6,-78.0,15.0
40.0,-78.0,15.0
38.4,-78.0,15.0
38.8,-78.0,15.0
37.6,-78.0,13.0
37.2,-78.0,5.0
38.0,-78.0,15.0
36.8,-78.0,4.765625
36.4,-78.0,0.15625
36.0,-78.0,0.0
35.6,-78.0,0.0
35.2,-78.0,0.0
34.8,-78.0,0.0
34.4,-78.0,0.0
34.0,-78.0,0.0
33.6,-78.0,0.0
49.2,-111.2,0.0
48.8,-111.2,0.0
48.4,-111.2,0.0
48.0,-111.2,0.0
47.6,-111.2,0.0
47.2,-111.2,0.0
46.8,-111.2,0.0
46.4,-111.2,0.0
46.0,-111.2,0.0
45.6,-111.2,0.0
45.2,-111.2,0.0
44.4,-111.2,0.0
44.8,-111.2,0.0
43.2,-111.2,0.0
43.6,-111.2,0.0
44.0,-111.2,0.0
42.4,-111.2,0.0
42.8,-111.2,0.0
41.2,-111.2,0.0
41.6,-111.2,0.0
42.0,-111.2,0.0
40.4,-111.2,0.0
40.8,-111.2,0.0
39.2,-111.2,0.0
39.6,-111.2,0.0
40.0,-111.2,0.0
38.4,-111.2,0.0
38.8,-111.2,0.0
37.6,-111.2,0.0
37.2,-111.2,0.0
38.0,-111.2,0.0
36.8,-111.2,0.0
36.4,-111.2,0.0
36.0,-111.2,0.0
35.6,-111.2,0.0
35.2,-111.2,0.0
34.8,-111.2,0.0
34.4,-111.2,0.0
34.0,-111.2,0.0
33.2,-111.2,0.0
33.6,-111.2,0.0
32.4,-111.2,0.0
32.8,-111.2,0.0
31.2,-111.2,0.0
31.6,-111.2,0.0
32.0,-111.2,0.0
48.8,-94.0,0.0
48.4,-94.0,0.0
48.0,-94.0,0.0
47.6,-94.0,0.0
47.2,-94.0,0.0
46.8,-94.0,0.0
46.4,-94.0,0.0
46.0,-94.0,0.0
45.2,-94.0,0.0
45.6,-94.0,0.0
44.4,-94.0,0.0
44.8,-94.0,0.0
43.2,-94.0,0.0
43.6,-94.0,0.0
44.0,-94.0,0.0
42.4,-94.0,0.0
42.8,-94.0,0.0
41.2,-94.0,0.0
41.6,-94.0,0.0
42.0,-94.0,0.0
40.4,-94.0,0.0
40.8,-94.0,0.0
39.2,-94.0,0.0
39.6,-94.0,0.0
40.0,-94.0,0.0
38.4,-94.0,0.0
38.8,-94.0,0.0
38.0,-94.0,0.0
37.6,-94.0,0.0
37.2,-94.0,0.0
36.8,-94.0,0.0
36.4,-94.0,0.0
36.0,-94.0,0.0
35.6,-94.0,0.0
35.2,-94.0,0.0
34.8,-94.0,0.0
34.4,-94.0,0.0
33.2,-94.0,0.0
33.6,-94.0,0.0
34.0,-94.0,0.0
32.4,-94.0,0.0
32.8,-94.0,0.0
31.6,-94.0,0.0
31.2,-94.0,0.0
32.0,-94.0,0.0
30.8,-94.0,0.0
30.4,-94.0,0.0
29.2,-94.0,0.0
29.6,-94.0,0.0
30.0,-94.0,0.0
43.2,-76.8,5.0
43.6,-76.8,5.0
44.0,-76.8,5.0
42.4,-76.8,15.0
42.8,-76.8,11.885245901639344
41.2,-76.8,15.0
41.6,-76.8,15.0
42.0,-76.8,15.0
40.4,-76.8,15.0
40.8,-76.8,15.0
39.2,-76.8,15.0
39.6,-76.8,15.0
40.0,-76.8,15.0
38.4,-76.8,14.84375
38.8,-76.8,15.0
37.2,-76.8,2.65625
37.6,-76.8,5.0
38.0,-76.8,7.380952380952381
36.8,-76.8,0.0
36.4,-76.8,0.0
36.0,-76.8,0.0
35.6,-76.8,0.0
35.2,-76.8,0.0
34.8,-76.8,0.0
34.4,-76.8,0.0
49.2,-110.0,0.0
48.8,-110.0,0.0
48.4,-110.0,0.0
48.0,-110.0,0.0
47.6,-110.0,0.0
47.2,-110.0,0.0
46.8,-110.0,0.0
46.4,-110.0,0.0
46.0,-110.0,0.0
45.6,-110.0,0.0
45.2,-110.0,0.0
44.4,-110.0,0.0
44.8,-110.0,0.0
43.2,-110.0,0.0
43.6,-110.0,0.0
44.0,-110.0,0.0
42.4,-110.0,0.0
42.8,-110.0,0.0
41.2,-110.0,0.0
41.6,-110.0,0.0
42.0,-110.0,0.0
40.4,-110.0,0.0
40.8,-110.0,0.0
39.2,-110.0,0.0
39.6,-110.0,0.0
40.0,-110.0,0.0
38.4,-110.0,0.0
38.8,-110.0,0.0
37.6,-110.0,0.0
37.2,-110.0,0.0
38.0,-110.0,0.0
36.8,-110.0,0.0
36.4,-110.0,0.0
36.0,-110.0,0.0
35.6,-110.0,0.0
35.2,-110.0,0.0
34.8,-110.0,0.0
34.4,-110.0,0.0
34.0,-110.0,0.0
33.2,-110.0,0.0
33.6,-110.0,0.0
32.4,-110.0,0.0
32.8,-110.0,0.0
31.2,-110.0,0.0
31.6,-110.0,0.0
32.0,-110.0,0.0
48.4,-92.8,0.0
48.0,-92.8,0.0
47.6,-92.8,0.0
47.2,-92.8,0.0
46.8,-92.8,0.0
46.4,-92.8,0.0
46.0,-92.8,0.0
45.6,-92.8,0.0
45.2,-92.8,0.0
44.4,-92.8,0.0
44.8,-92.8,0.0
43.2,-92.8,0.0
43.6,-92.8,0.0
44.0,-92.8,0.0
42.4,-92.8,0.0
42.8,-92.8,0.0
41.2,-92.8,0.0
41.6,-92.8,0.0
42.0,-92.8,0.0
40.4,-92.8,0.0
40.8,-92.8,0.0
39.2,-92.8,0.0
39.6,-92.8,0.0
40.0,-92.8,0.0
38.4,-92.8,0.0
38.8,-92.8,0.0
38.0,-92.8,0.0
37.6,-92.8,0.0
37.2,-92.8,0.0
36.8,-92.8,0.0
36.4,-92.8,0.0
36.0,-92.8,0.0
35.6,-92.8,0.0
35.2,-92.8,0.0
34.8,-92.8,0.0
34.4,-92.8,0.0
33.2,-92.8,0.0
33.6,-92.8,0.0
34.0,-92.8,0.0
32.4,-92.8,0.0
32.8,-92.8,0.0
31.6,-92.8,0.0
31.2,-92.8,0.0
32.0,-92.8,0.0
30.8,-92.8,0.0
30.4,-92.8,0.0
29.2,-92.8,0.0
29.6,-92.8,0.0
30.0,-92.8,0.0
44.8,-75.6,5.0
44.4,-75.6,5.0
43.2,-75.6,15.0
43.6,-75.6,13.75
44.0,-75.6,6.311475409836065
42.4,-75.6,15.0
42.8,-75.6,15.0
41.2,-75.6,15.0
41.6,-75.6,15.0
42.0,-75.6,15.0
40.4,-75.6,15.0
40.8,-75.6,15.0
39.2,-75.6,14.84375
39.6,-75.6,15.0
40.0,-75.6,15.0
38.4,-75.6,5.0
38.8,-75.6,6.25
37.2,-75.6,0.0
37.6,-75.6,0.23076923076923078
38.0,-75.6,3.828125
36.8,-75.6,0.0
36.4,-75.6,0.0
36.0,-75.6,0.0
35.6,-75.6,0.0
35.2,-75.6,0.0
34.8,-75.6,0.0
49.2,-108.8,0.0
48.8,-108.8,0.0
48.4,-108.8,0.0
48.0,-108.8,0.0
47.6,-108.8,0.0
47.2,-108.8,0.0
46.8,-108.8,0.0
46.4,-108.8,0.0
46.0,-108.8,0.0
45.6,-108.8,0.0
45.2,-108.8,0.0
44.4,-108.8,0.0
44.8,-108.8,0.0
43.2,-108.8,0.0
43.6,-108.8,0.0
44.0,-108.8,0.0
42.4,-108.8,0.0
42.8,-108.8,0.0
41.2,-108.8,0.0
41.6,-108.8,0.0
42.0,-108.8,0.0
40.4,-108.8,0.0
40.8,-108.8,0.0
39.2,-108.8,0.0
39.6,-108.8,0.0
40.0,-108.8,0.0
38.4,-108.8,0.0
38.8,-108.8,0.0
37.6,-108.8,0.0
37.2,-108.8,0.0
38.0,-108.8,0.0
36.8,-108.8,0.0
36.4,-108.8,0.0
36.0,-108.8,0.0
35.6,-108.8,0.0
35.2,-108.8,0.0
34.8,-108.8,0.0
34.4,-108.8,0.0
34.0,-108.8,0.0
33.2,-108.8,0.0
33.6,-108.8,0.0
32.4,-108.8,0.0
32.8,-108.8,0.0
31.2,-108.8,0.0
31.6,-108.8,0.0
32.0,-108.8,0.0
48.4,-91.6,0.0
48.0,-91.6,0.0
47.6,-91.6,0.0
47.2,-91.6,0.0
46.8,-91.6,0.0
46.4,-91.6,0.0
46.0,-91.6,0.0
45.6,-91.6,0.0
45.2,-91.6,0.0
44.4,-91.6,0.0
44.8,-91.6,0.0
43.2,-91.6,0.0
43.6,-91.6,0.0
44.0,-91.6,0.0
42.4,-91.6,0.0
42.8,-91.6,0.0
41.2,-91.6,0.0
41.6,-91.6,0.0
42.0,-91.6,0.0
40.4,-91.6,0.0
40.8,-91.6,0.0
39.2,-91.6,0.0
39.6,-91.6,0.0
40.0,-91.6,0.0
38.4,-91.6,0.0
38.8,-91.6,0.0
38.0,-91.6,0.0
37.6,-91.6,0.0
37.2,-91.6,0.0
36.8,-91.6,0.0
36.4,-91.6,0.0
36.0,-91.6,0.0
35.6,-91.6,0.0
35.2,-91.6,0.0
34.8,-91.6,0.0
34.4,-91.6,0.0
33.2,-91.6,0.0
33.6,-91.6,0.0
34.0,-91.6,0.0
32.4,-91.6,0.0
32.8,-91.6,0.0
31.6,-91.6,0.0
31.2,-91.6,0.0
32.0,-91.6,0.0
30.8,-91.6,0.0
30.4,-91.6,0.0
29.2,-91.6,0.0
29.6,-91.6,0.0
30.0,-91.6,0.0
45.2,-74.4,5.0
44.8,-74.4,12.704918032786885
44.4,-74.4,15.0
43.2,-74.4,15.0
43.6,-74.4,15.0
44.0,-74.4,15.0
42.4,-74.4,15.0
42.8,-74.4,15.0
41.2,-74.4,15.0
41.6,-74.4,15.0
42.0,-74.4,15.0
40.4,-74.4,10.46875
40.8,-74.4,14.838709677419354
39.2,-74.4,3.9344262295081966
39.6,-74.4,5.0
40.0,-74.4,5.317460317460317
38.8,-74.4,1.0714285714285714
48.4,-124.8,0.0
48.0,-124.8,0.0
47.6,-124.8,0.0
47.2,-124.8,0.0
46.8,-124.8,0.0
43.6,-124.8,0.0
43.2,-124.8,0.0
42.4,-124.8,0.0
42.8,-124.8,0.0
41.6,-124.8,0.0
42.0,-124.8,0.0
40.4,-124.8,0.0
40.8,-124.8,0.0
40.0,-124.8,0.0
49.2,-107.6,0.0
48.8,-107.6,0.0
48.4,-107.6,0.0
48.0,-107.6,0.0
47.6,-107.6,0.0
47.2,-107.6,0.0
46.8,-107.6,0.0
46.4,-107.6,0.0
46.0,-107.6,0.0
45.6,-107.6,0.0
45.2,-107.6,0.0
44.4,-107.6,0.0
44.8,-107.6,0.0
43.2,-107.6,0.0
43.6,-107.6,0.0
44.0,-107.6,0.0
42.4,-107.6,0.0
42.8,-107.6,0.0
41.2,-107.6,0.0
41.6,-107.6,0.0
42.0,-107.6,0.0
40.4,-107.6,0.0
40.8,-107.6,0.0
39.2,-107.6,0.0
39.6,-107.6,0.0
40.0,-107.6,0.0
38.4,-107.6,0.0
38.8,-107.6,0.0
38.0,-107.6,0.0
37.6,-107.6,0.0
37.2,-107.6,0.0
36.8,-107.6,0.0
36.4,-107.6,0.0
36.0,-107.6,0.0
35.6,-107.6,0.0
35.2,-107.6,0.0
34.8,-107.6,0.0
34.4,-107.6,0.0
33.2,-107.6,0.0
33.6,-107.6,0.0
34.0,-107.6,0.0
32.4,-107.6,0.0
32.8,-107.6,0.0
31.6,-107.6,0.0
32.0,-107.6,0.0
48.0,-90.4,0.0
47.6,-90.4,0.0
47.2,-90.4,0.0
46.8,-90.4,0.0
46.4,-90.4,0.0
46.0,-90.4,0.0
45.6,-90.4,0.0
45.2,-90.4,0.0
44.4,-90.4,0.0
44.8,-90.4,0.0
43.2,-90.4,0.0
43.6,-90.4,0.0
44.0,-90.4,0.0
42.4,-90.4,0.0
42.8,-90.4,0.0
41.2,-90.4,0.0
41.6,-90.4,0.0
42.0,-90.4,0.0
40.4,-90.4,0.0
40.8,-90.4,0.0
39.2,-90.4,0.0
39.6,-90.4,0.0
40.0,-90.4,0.0
38.4,-90.4,0.0
38.8,-90.4,0.0
38.0,-90.4,0.0
37.6,-90.4,0.0
37.2,-90.4,0.0
36.8,-90.4,0.0
36.4,-90.4,0.0
36.0,-90.4,0.0
35.6,-90.4,0.234375
35.2,-90.4,3.357142857142857
34.8,-90.4,5.0
34.4,-90.4,5.0
33.2,-90.4,3.25
33.6,-90.4,5.0
34.0,-90.4,5.0
32.4,-90.4,0.0
32.8,-90.4,0.0
31.6,-90.4,0.0
31.2,-90.4,0.0
32.0,-90.4,0.0
30.8,-90.4,0.0
30.4,-90.4,0.0
30.0,-90.4,0.0
29.2,-90.4,0.0
29.6,-90.4,0.0
28.8,-90.4,0.0
45.2,-73.2,15.0
44.8,-73.2,15.0
44.4,-73.2,15.0
43.2,-73.2,15.0
43.6,-73.2,15.0
44.0,-73.2,15.0
42.4,-73.2,15.0
42.8,-73.2,15.0
41.2,-73.2,5.161290322580645
41.6,-73.2,12.419354838709678
42.0,-73.2,15.0
40.4,-73.2,0.7142857142857143
40.8,-73.2,3.9682539682539684
48.4,-123.6,0.0
48.0,-123.6,0.0
47.6,-123.6,0.0
47.2,-123.6,0.0
46.8,-123.6,0.0
46.4,-123.6,0.0
46.0,-123.6,0.0
45.6,-123.6,0.0
45.2,-123.6,0.0
44.8,-123.6,0.0
44.4,-123.6,0.0
44.0,-123.6,0.0
43.6,-123.6,0.0
43.2,-123.6,0.0
42.4,-123.6,0.0
42.8,-123.6,0.0
41.2,-123.6,0.0
41.6,-123.6,0.0
42.0,-123.6,0.0
40.4,-123.6,0.0
40.8,-123.6,0.0
39.2,-123.6,0.0
39.6,-123.6,0.0
40.0,-123.6,0.0
38.4,-123.6,0.0
38.8,-123.6,0.0
37.6,-123.6,0.0
38.0,-123.6,0.0
48.8,-106.4,0.0
48.4,-106.4,0.0
48.0,-106.4,0.0
47.6,-106.4,0.0
47.2,-106.4,0.0
46.8,-106.4,0.0
46.4,-106.4,0.0
46.0,-106.4,0.0
45.6,-106.4,0.0
45.2,-106.4,0.0
44.4,-106.4,0.0
44.8,-106.4,0.0
43.2,-106.4,0.0
43.6,-106.4,0.0
44.0,-106.4,0.0
42.4,-106.4,0.0
42.8,-106.4,0.0
41.2,-106.4,0.0
41.6,-106.4,0.0
42.0,-106.4,0.0
40.4,-106.4,0.0
40.8,-106.4,0.0
39.2,-106.4,0.0
39.6,-106.4,0.0
40.0,-106.4,0.0
38.4,-106.4,0.0
38.8,-106.4,0.0
38.0,-106.4,0.0
37.6,-106.4,0.0
37.2,-106.4,0.0
36.8,-106.4,0.0
36.4,-106.4,0.0
36.0,-106.4,0.0
35.6,-106.4,0.0
35.2,-106.4,0.0
34.8,-106.4,0.0
34.4,-106.4,0.0
33.2,-106.4,0.5303030303030303
33.6,-106.4,0.0
34.0,-106.4,0.0
32.4,-106.4,5.0
32.8,-106.4,4.852941176470588
31.6,-106.4,5.0
32.0,-106.4,5.0
48.0,-89.2,0.0
47.6,-89.2,0.0
47.2,-89.2,0.0
46.8,-89.2,0.0
46.4,-89.2,0.0
46.0,-89.2,0.0
45.6,-89.2,0.0
45.2,-89.2,0.0
44.4,-89.2,0.0
44.8,-89.2,0.0
43.2,-89.2,0.0
43.6,-89.2,0.0
44.0,-89.2,0.0
42.4,-89.2,0.0
42.8,-89.2,0.0
41.2,-89.2,0.0
41.6,-89.2,0.0
42.0,-89.2,0.0
40.4,-89.2,0.0
40.8,-89.2,0.0
39.2,-89.2,0.0
39.6,-89.2,0.0
40.0,-89.2,0.0
38.4,-89.2,0.0
38.8,-89.2,0.0
38.0,-89.2,0.0
37.6,-89.2,0.0
37.2,-89.2,0.0
36.8,-89.2,0.0
36.4,-89.2,0.0
36.0,-89.2,2.0454545454545454
35.6,-89.2,5.0
35.2,-89.2,5.0
34.8,-89.2,5.0
34.4,-89.2,5.0
33.2,-89.2,5.0
33.6,-89.2,5.0
34.0,-89.2,5.0
32.4,-89.2,0.0
32.8,-89.2,2.3484848484848486
31.6,-89.2,0.0
31.2,-89.2,0.0
32.0,-89.2,0.0
30.8,-89.2,0.0
30.4,-89.2,0.0
30.0,-89.2,0.0
29.2,-89.2,0.0
29.6,-89.2,0.0
28.8,-89.2,0.0
45.2,-72.0,15.0
44.8,-72.0,15.0
44.4,-72.0,15.0
43.2,-72.0,13.88888888888889
43.6,-72.0,15.0
44.0,-72.0,15.0
42.4,-72.0,4.21875
42.8,-72.0,7.131147540983607
41.2,-72.0,0.0
41.6,-72.0,0.0
42.0,-72.0,0.8064516129032258
40.8,-72.0,0.0
49.2,-122.4,0.0
48.8,-122.4,0.0
48.4,-122.4,0.0
48.0,-122.4,0.0
47.6,-122.4,0.0
47.2,-122.4,0.0
46.8,-122.4,0.0
46.4,-122.4,0.0
46.0,-122.4,0.0
45.6,-122.4,0.0
45.2,-122.4,0.0
44.8,-122.4,0.0
44.4,-122.4,0.0
44.0,-122.4,0.0
43.2,-122.4,0.0
43.6,-122.4,0.0
42.4,-122.4,0.0
42.8,-122.4,0.0
41.2,-122.4,0.0
41.6,-122.4,0.0
42.0,-122.4,0.0
40.4,-122.4,0.0
40.8,-122.4,0.0
39.2,-122.4,0.0
39.6,-122.4,0.0
40.0,-122.4,0.0
38.4,-122.4,0.0
38.8,-122.4,0.0
37.2,-122.4,0.0
37.6,-122.4,0.0
38.0,-122.4,0.0
36.4,-122.4,0.0
36.8,-122.4,0.0
35.6,-122.4,0.0
35.2,-122.4,0.0
36.0,-122.4,0.0
48.8,-105.2,0.0
48.4,-105.2,0.0
48.0,-105.2,0.0
47.6,-105.2,0.0
47.2,-105.2,0.0
46.8,-105.2,0.0
46.4,-105.2,0.0
46.0,-105.2,0.0
45.6,-105.2,0.0
45.2,-105.2,0.0
44.4,-105.2,0.0
44.8,-105.2,0.0
43.2,-105.2,0.0
43.6,-105.2,0.0
44.0,-105.2,0.0
42.4,-105.2,0.0
42.8,-105.2,0.0
41.2,-105.2,0.0
41.6,-105.2,0.0
42.0,-105.2,0.0
40.4,-105.2,0.0
40.8,-105.2,0.0
39.2,-105.2,0.0
39.6,-105.2,0.0
40.0,-105.2,0.0
38.4,-105.2,0.0
38.8,-105.2,0.0
38.0,-105.2,0.0
37.6,-105.2,0.0
37.2,-105.2,0.0
36.8,-105.2,0.0
36.4,-105.2,0.0
36.0,-105.2,0.0
35.6,-105.2,0.0
35.2,-105.2,0.0
34.8,-105.2,0.0
34.4,-105.2,0.0
33.2,-105.2,5.0
33.6,-105.2,3.75
34.0,-105.2,0.0
32.4,-105.2,5.0
32.8,-105.2,5.0
31.2,-105.2,5.0
31.6,-105.2,5.0
32.0,-105.2,5.0
48.4,-88.0,0.0
30.8,-105.2,5.0
48.0,-88.0,0.0
47.6,-88.0,0.0
47.2,-88.0,0.0
46.8,-88.0,0.0
46.4,-88.0,0.0
46.0,-88.0,0.0
45.6,-88.0,0.0
45.2,-88.0,0.0
44.4,-88.0,0.0
44.8,-88.0,0.0
43.2,-88.0,0.0
43.6,-88.0,0.0
44.0,-88.0,0.0
42.4,-88.0,0.0
42.8,-88.0,0.0
41.2,-88.0,0.0
41.6,-88.0,0.0
42.0,-88.0,0.0
40.4,-88.0,0.0
40.8,-88.0,0.0
39.2,-88.0,0.0
39.6,-88.0,0.0
40.0,-88.0,0.0
38.4,-88.0,0.0
38.8,-88.0,0.0
38.0,-88.0,0.0
37.6,-88.0,0.0
37.2,-88.0,0.0
36.8,-88.0,0.0
36.4,-88.0,2.338709677419355
36.0,-88.0,5.0
35.6,-88.0,5.0
35.2,-88.0,5.0
34.8,-88.0,5.0
34.4,-88.0,5.0
33.2,-88.0,5.0
33.6,-88.0,5.0
34.0,-88.0,5.0
32.4,-88.0,0.0
32.8,-88.0,0.9836065573770492
31.6,-88.0,0.0
31.2,-88.0,0.0
32.0,-88.0,0.0
30.8,-88.0,0.0
30.4,-88.0,0.0
30.0,-88.0,0.0
45.6,-70.8,15.0
45.2,-70.8,15.0
44.8,-70.8,15.0
44.4,-70.8,9.375
43.2,-70.8,0.0
43.6,-70.8,1.4516129032258065
44.0,-70.8,4.672131147540983
42.4,-70.8,0.0
42.8,-70.8,0.0
41.2,-70.8,0.0
41.6,-70.8,0.0
42.0,-70.8,0.0
40.8,-70.8,0.0
49.2,-121.2,0.0
48.8,-121.2,0.0
48.4,-121.2,0.0
48.0,-121.2,0.0
47.6,-121.2,0.0
47.2,-121.2,0.0
46.8,-121.2,0.0
46.4,-121.2,0.0
46.0,-121.2,0.0
45.6,-121.2,0.0
45.2,-121.2,0.0
44.8,-121.2,0.0
44.4,-121.2,0.0
44.0,-121.2,0.0
43.2,-121.2,0.0
43.6,-121.2,0.0
42.4,-121.2,0.0
42.8,-121.2,0.0
41.2,-121.2,0.0
41.6,-121.2,0.0
42.0,-121.2,0.0
40.4,-121.2,0.0
40.8,-121.2,0.0
39.2,-121.2,0.0
39.6,-121.2,0.0
40.0,-121.2,0.0
38.4,-121.2,0.0
38.8,-121.2,0.0
37.2,-121.2,0.0
37.6,-121.2,0.0
38.0,-121.2,0.0
36.4,-121.2,0.0
36.8,-121.2,0.0
36.0,-121.2,0.0
35.6,-121.2,0.0
35.2,-121.2,0.0
34.8,-121.2,0.0
34.4,-121.2,0.0
48.8,-104.0,0.0
48.4,-104.0,0.0
48.0,-104.0,0.0
47.6,-104.0,0.0
47.2,-104.0,0.0
46.8,-104.0,0.0
46.4,-104.0,0.0
46.0,-104.0,0.0
45.6,-104.0,0.0
45.2,-104.0,0.0
44.4,-104.0,0.0
44.8,-104.0,0.0
43.2,-104.0,0.0
43.6,-104.0,0.0
44.0,-104.0,0.0
42.4,-104.0,0.0
42.8,-104.0,0.0
41.2,-104.0,0.0
41.6,-104.0,0.0
42.0,-104.0,0.0
40.4,-104.0,0.0
40.8,-104.0,0.0
39.2,-104.0,0.0
39.6,-104.0,0.0
40.0,-104.0,0.0
38.4,-104.0,0.0
38.8,-104.0,0.0
38.0,-104.0,0.0
37.6,-104.0,0.0
37.2,-104.0,0.0
36.8,-104.0,0.0
36.4,-104.0,0.0
36.0,-104.0,0.0
35.6,-104.0,0.0
35.2,-104.0,0.0
34.8,-104.0,0.0
34.4,-104.0,0.0
33.2,-104.0,1.2878787878787878
33.6,-104.0,0.0
34.0,-104.0,0.0
32.4,-104.0,5.0
32.8,-104.0,5.0
31.6,-104.0,5.0
31.2,-104.0,5.0
32.0,-104.0,5.0
30.8,-104.0,5.0
30.4,-104.0,5.0
47.6,-86.8,0.0
47.2,-86.8,0.0
30.0,-104.0,5.0
29.2,-104.0,5.0
29.6,-104.0,5.0
46.8,-86.8,0.0
46.4,-86.8,0.0
46.0,-86.8,0.0
45.6,-86.8,0.0
45.2,-86.8,0.0
44.4,-86.8,0.0
44.8,-86.8,0.0
43.2,-86.8,0.0
43.6,-86.8,0.0
44.0,-86.8,0.0
42.4,-86.8,0.0
42.8,-86.8,0.0
41.2,-86.8,0.0
41.6,-86.8,0.0
42.0,-86.8,0.0
40.4,-86.8,0.0
40.8,-86.8,0.0
39.2,-86.8,0.0
39.6,-86.8,0.0
40.0,-86.8,0.0
38.4,-86.8,0.0
38.8,-86.8,0.0
38.0,-86.8,0.0
37.6,-86.8,0.0
37.2,-86.8,0.0
36.8,-86.8,2.4193548387096775
36.4,-86.8,5.0
36.0,-86.8,5.0
35.6,-86.8,5.0
35.2,-86.8,5.0
34.8,-86.8,5.0
34.4,-86.8,5.0
33.2,-86.8,2.7611940298507465
33.6,-86.8,5.0
34.0,-86.8,5.0
32.4,-86.8,0.0
32.8,-86.8,0.0
31.6,-86.8,0.0
31.2,-86.8,0.0
32.0,-86.8,0.0
30.8,-86.8,0.0
30.4,-86.8,0.0
47.2,-69.6,15.0
30.0,-86.8,0.0
46.8,-69.6,15.0
46.4,-69.6,15.0
46.0,-69.6,15.0
45.6,-69.6,11.612903225806452
45.2,-69.6,5.161290322580645
44.8,-69.6,2.8225806451612905
44.4,-69.6,0.0
44.0,-69.6,0.0
43.2,-69.6,0.0
43.6,-69.6,0.0
42.4,-69.6,0.0
41.2,-69.6,0.0
41.6,-69.6,0.0
42.0,-69.6,0.0
40.8,-69.6,0.0
49.2,-120.0,0.0
48.8,-120.0,0.0
48.4,-120.0,0.0
48.0,-120.0,0.0
47.6,-120.0,0.0
47.2,-120.0,0.0
46.8,-120.0,0.0
46.4,-120.0,0.0
46.0,-120.0,0.0
45.6,-120.0,0.0
45.2,-120.0,0.0
44.8,-120.0,0.0
44.4,-120.0,0.0
43.2,-120.0,0.0
43.6,-120.0,0.0
44.0,-120.0,0.0
42.4,-120.0,0.0
42.8,-120.0,0.0
41.2,-120.0,0.0
41.6,-120.0,0.0
42.0,-120.0,0.0
40.4,-120.0,0.0
40.8,-120.0,0.0
39.2,-120.0,0.0
39.6,-120.0,0.0
40.0,-120.0,0.0
38.4,-120.0,0.0
38.8,-120.0,0.0
37.2,-120.0,0.0
37.6,-120.0,0.0
38.0,-120.0,0.0
36.4,-120.0,0.0
36.8,-120.0,0.0
36.0,-120.0,0.0
35.6,-120.0,0.0
35.2,-120.0,0.0
34.8,-120.0,0.0
34.4,-120.0,0.0
34.0,-120.0,0.0
48.8,-102.8,0.0
48.4,-102.8,0.0
48.0,-102.8,0.0
47.6,-102.8,0.0
47.2,-102.8,0.0
46.8,-102.8,0.0
46.4,-102.8,0.0
46.0,-102.8,0.0
45.6,-102.8,0.0
45.2,-102.8,0.0
44.4,-102.8,0.0
44.8,-102.8,0.0
43.2,-102.8,0.0
43.6,-102.8,0.0
44.0,-102.8,0.0
42.4,-102.8,0.0
42.8,-102.8,0.0
41.2,-102.8,0.0
41.6,-102.8,0.0
42.0,-102.8,0.0
40.4,-102.8,0.0
40.8,-102.8,0.0
39.2,-102.8,0.0
39.6,-102.8,0.0
40.0,-102.8,0.0
38.4,-102.8,0.0
38.8,-102.8,0.0
38.0,-102.8,0.0
37.6,-102.8,0.0
37.2,-102.8,0.0
36.8,-102.8,0.0
36.4,-102.8,0.0
36.0,-102.8,0.0
35.6,-102.8,0.0
35.2,-102.8,0.0
34.8,-102.8,0.0
34.4,-102.8,0.0
33.2,-102.8,4.701492537313433
33.6,-102.8,0.15625
34.0,-102.8,0.0
32.4,-102.8,5.0
32.8,-102.8,5.0
31.6,-102.8,5.0
31.2,-102.8,5.0
32.0,-102.8,5.0
30.8,-102.8,2.2794117647058822
30.4,-102.8,0.0
47.2,-85.6,0.0
30.0,-102.8,0.0
29.2,-102.8,0.0
29.6,-102.8,0.0
46.8,-85.6,0.0
46.4,-85.6,0.0
46.0,-85.6,0.0
45.6,-85.6,0.0
45.2,-85.6,0.0
44.4,-85.6,0.0
44.8,-85.6,0.0
43.2,-85.6,0.0
43.6,-85.6,0.0
44.0,-85.6,0.0
42.4,-85.6,0.0
42.8,-85.6,0.0
41.2,-85.6,0.0
41.6,-85.6,0.0
42.0,-85.6,0.0
40.4,-85.6,0.0
40.8,-85.6,0.0
39.2,-85.6,0.0
39.6,-85.6,0.0
40.0,-85.6,0.0
38.4,-85.6,0.0
38.8,-85.6,0.0
38.0,-85.6,0.0
37.6,-85.6,0.0
37.2,-85.6,2.272727272727273
36.8,-85.6,5.0
36.4,-85.6,5.0
36.0,-85.6,5.0
35.6,-85.6,5.0
35.2,-85.6,5.0
34.8,-85.6,5.0
34.4,-85.6,5.0
33.2,-85.6,0.0
33.6,-85.6,4.318181818181818
34.0,-85.6,5.0
32.4,-85.6,0.0
32.8,-85.6,0.0
31.6,-85.6,0.0
31.2,-85.6,0.0
32.0,-85.6,0.0
30.8,-85.6,0.0
30.4,-85.6,0.0
47.2,-68.4,15.0
30.0,-85.6,0.0
29.2,-85.6,0.0
29.6,-85.6,0.0
46.8,-68.4,14.67741935483871
46.4,-68.4,7.295081967213115
46.0,-68.4,4.516129032258065
45.6,-68.4,0.6666666666666666
45.2,-68.4,0.0
44.8,-68.4,0.0
44.4,-68.4,0.0
44.0,-68.4,0.0
43.6,-68.4,0.0
49.2,-118.8,0.0
48.8,-118.8,0.0
48.4,-118.8,0.0
48.0,-118.8,0.0
47.6,-118.8,0.0
47.2,-118.8,0.0
46.8,-118.8,0.0
46.4,-118.8,0.0
46.0,-118.8,0.0
45.6,-118.8,0.0
45.2,-118.8,0.0
44.8,-118.8,0.0
44.4,-118.8,0.0
43.2,-118.8,0.0
43.6,-118.8,0.0
44.0,-118.8,0.0
42.4,-118.8,0.0
42.8,-118.8,0.0
41.2,-118.8,0.0
41.6,-118.8,0.0
42.0,-118.8,0.0
40.4,-118.8,0.0
40.8,-118.8,0.0
39.2,-118.8,0.0
39.6,-118.8,0.0
40.0,-118.8,0.0
38.4,-118.8,0.0
38.8,-118.8,0.0
37.2,-118.8,0.0
37.6,-118.8,0.0
38.0,-118.8,0.0
36.8,-118.8,0.0
36.4,-118.8,0.0
36.0,-118.8,0.0
35.6,-118.8,0.0
35.2,-118.8,0.0
34.8,-118.8,0.0
34.4,-118.8,0.0
34.0,-118.8,0.0
33.6,-118.8,0.0
33.2,-118.8,0.0
48.8,-101.6,0.0
48.4,-101.6,0.0
48.0,-101.6,0.0
47.6,-101.6,0.0
47.2,-101.6,0.0
46.8,-101.6,0.0
46.4,-101.6,0.0
46.0,-101.6,0.0
45.6,-101.6,0.0
45.2,-101.6,0.0
44.4,-101.6,0.0
44.8,-101.6,0.0
43.2,-101.6,0.0
43.6,-101.6,0.0
44.0,-101.6,0.0
42.4,-101.6,0.0
42.8,-101.6,0.0
41.2,-101.6,0.0
41.6,-101.6,0.0
42.0,-101.6,0.0
40.4,-101.6,0.0
40.8,-101.6,0.0
39.2,-101.6,0.0
39.6,-101.6,0.0
40.0,-101.6,0.0
38.4,-101.6,0.0
38.8,-101.6,0.0
38.0,-101.6,0.0
37.6,-101.6,0.0
37.2,-101.6,0.0
36.8,-101.6,0.0
36.4,-101.6,0.0
36.0,-101.6,0.0
35.6,-101.6,0.0
35.2,-101.6,0.0
34.8,-101.6,0.0
34.4,-101.6,0.0
33.2,-101.6,5.0
33.6,-101.6,5.0
34.0,-101.6,1.7647058823529411
32.4,-101.6,5.0
32.8,-101.6,5.0
31.6,-101.6,5.0
31.2,-101.6,5.0
32.0,-101.6,5.0
30.8,-101.6,0.373134328358209
30.4,-101.6,0.0
30.0,-101.6,0.0
29.6,-101.6,0.0
46.4,-84.4,0.0
46.0,-84.4,0.0
45.6,-84.4,0.0
45.2,-84.4,0.0
44.4,-84.4,0.0
44.8,-84.4,0.0
43.2,-84.4,0.0
43.6,-84.4,0.0
44.0,-84.4,0.0
42.4,-84.4,0.0
42.8,-84.4,0.0
41.2,-84.4,0.0
41.6,-84.4,0.0
42.0,-84.4,0.0
40.4,-84.4,0.0
40.8,-84.4,0.0
39.2,-84.4,0.0
39.6,-84.4,0.0
40.0,-84.4,0.0
38.4,-84.4,0.0
38.8,-84.4,0.0
38.0,-84.4,0.0
37.6,-84.4,2.0634920634920637
37.2,-84.4,5.0
36.8,-84.4,5.0
36.4,-84.4,5.0
36.0,-84.4,5.0
35.6,-84.4,5.0
35.2,-84.4,5.0
34.8,-84.4,5.0
34.4,-84.4,5.0
33.2,-84.4,0.0
33.6,-84.4,1.1538461538461537
34.0,-84.4,5.0
32.4,-84.4,0.0
32.8,-84.4,0.0
31.2,-84.4,0.0
31.6,-84.4,0.0
32.0,-84.4,0.0
30.8,-84.4,0.0
30.4,-84.4,0.0
30.0,-84.4,0.0
29.6,-84.4,0.0
45.2,-67.2,0.0
44.8,-67.2,0.0
44.4,-67.2,0.0
44.0,-67.2,0.0
49.2,-117.6,0.0
48.8,-117.6,0.0
48.4,-117.6,0.0
48.0,-117.6,0.0
47.6,-117.6,0.0
47.2,-117.6,0.0
46.8,-117.6,0.0
46.4,-117.6,0.0
46.0,-117.6,0.0
45.6,-117.6,0.0
45.2,-117.6,0.0
44.8,-117.6,0.0
44.4,-117.6,0.0
43.2,-117.6,0.0
43.6,-117.6,0.0
44.0,-117.6,0.0
42.4,-117.6,0.0
42.8,-117.6,0.0
41.2,-117.6,0.0
41.6,-117.6,0.0
42.0,-117.6,0.0
40.4,-117.6,0.0
40.8,-117.6,0.0
39.2,-117.6,0.0
39.6,-117.6,0.0
40.0,-117.6,0.0
38.4,-117.6,0.0
38.8,-117.6,0.0
37.2,-117.6,0.0
37.6,-117.6,0.0
38.0,-117.6,0.0
36.8,-117.6,0.0
36.4,-117.6,0.0
36.0,-117.6,0.0
35.6,-117.6,0.0
35.2,-117.6,0.0
34.8,-117.6,0.0
34.4,-117.6,0.0
34.0,-117.6,0.0
33.6,-117.6,0.0
33.2,-117.6,0.0
32.4,-117.6,0.0
32.8,-117.6,0.0
48.8,-100.4,0.0
48.4,-100.4,0.0
48.0,-100.4,0.0
47.6,-100.4,0.0
47.2,-100.4,0.0
46.8,-100.4,0.0
46.4,-100.4,0.0
46.0,-100.4,0.0
45.6,-100.4,0.0
45.2,-100.4,0.0
44.4,-100.4,0.0
44.8,-100.4,0.0
43.2,-100.4,0.0
43.6,-100.4,0.0
44.0,-100.4,0.0
42.4,-100.4,0.0
42.8,-100.4,0.0
41.2,-100.4,0.0
41.6,-100.4,0.0
42.0,-100.4,0.0
40.4,-100.4,0.0
40.8,-100.4,0.0
39.2,-100.4,0.0
39.6,-100.4,0.0
40.0,-100.4,0.0
38.4,-100.4,0.0
38.8,-100.4,0.0
38.0,-100.4,0.0
37.6,-100.4,0.0
37.2,-100.4,0.0
36.8,-100.4,0.0
36.4,-100.4,0.0
36.0,-100.4,0.0
35.6,-100.4,0.0
35.2,-100.4,0.0
34.8,-100.4,0.0
34.4,-100.4,0.0
33.2,-100.4,5.0
33.6,-100.4,5.0
34.0,-100.4,4.477611940298507
32.4,-100.4,5.0
32.8,-100.4,5.0
31.6,-100.4,5.0
31.2,-100.4,2.0588235294117645
32.0,-100.4,5.0
30.8,-100.4,0.0
30.4,-100.4,0.0
30.0,-100.4,0.0
29.2,-100.4,0.0
29.6,-100.4,0.0
28.4,-100.4,0.0
28.8,-100.4,0.0
45.6,-83.2,0.0
45.2,-83.2,0.0
44.4,-83.2,0.0
44.8,-83.2,0.0
43.2,-83.2,0.0
43.6,-83.2,0.0
44.0,-83.2,0.0
42.4,-83.2,0.0
42.8,-83.2,0.0
41.2,-83.2,0.0
41.6,-83.2,0.0
42.0,-83.2,0.0
40.4,-83.2,0.0
40.8,-83.2,0.0
39.2,-83.2,0.0
39.6,-83.2,0.0
40.0,-83.2,0.0
38.4,-83.2,0.15873015873015872
38.8,-83.2,0.0
38.0,-83.2,4.53125
37.6,-83.2,5.0
37.2,-83.2,5.0
36.8,-83.2,5.0
36.4,-83.2,5.0
36.0,-83.2,5.0
35.6,-83.2,5.0
35.2,-83.2,5.0
34.8,-83.2,5.0
34.4,-83.2,3.6363636363636362
33.2,-83.2,0.0
33.6,-83.2,0.0
34.0,-83.2,0.0
32.4,-83.2,0.0
32.8,-83.2,0.0
31.2,-83.2,0.0
31.6,-83.2,0.0
32.0,-83.2,0.0
30.8,-83.2,0.0
30.4,-83.2,0.0
30.0,-83.2,0.0
29.2,-83.2,0.0
29.6,-83.2,0.0
28.4,-83.2,0.0
28.8,-83.2,0.0
28.0,-83.2,0.0
27.6,-83.2,0.0
27.2,-83.2,0.0
49.2,-116.4,0.0
48.8,-116.4,0.0
48.4,-116.4,0.0
48.0,-116.4,0.0
47.6,-116.4,0.0
47.2,-116.4,0.0
46.8,-116.4,0.0
46.4,-116.4,0.0
46.0,-116.4,0.0
45.6,-116.4,0.0
45.2,-116.4,0.0
44.8,-116.4,0.0
44.4,-116.4,0.0
43.2,-116.4,0.0
43.6,-116.4,0.0
44.0,-116.4,0.0
42.4,-116.4,0.0
42.8,-116.4,0.0
41.2,-116.4,0.0
41.6,-116.4,0.0
42.0,-116.4,0.0
40.4,-116.4,0.0
40.8,-116.4,0.0
39.2,-116.4,0.0
39.6,-116.4,0.0
40.0,-116.4,0.0
38.4,-116.4,0.0
38.8,-116.4,0.0
37.2,-116.4,0.0
37.6,-116.4,0.0
38.0,-116.4,0.0
36.8,-116.4,0.0
36.4,-116.4,0.0
36.0,-116.4,0.0
35.6,-116.4,0.0
35.2,-116.4,0.0
34.8,-116.4,0.0
34.4,-116.4,0.0
34.0,-116.4,0.0
33.6,-116.4,0.0
33.2,-116.4,0.0
32.4,-116.4,0.0
32.8,-116.4,0.0
48.8,-99.2,0.0
48.4,-99.2,0.0
48.0,-99.2,0.0
47.6,-99.2,0.0
47.2,-99.2,0.0
46.8,-99.2,0.0
46.4,-99.2,0.0
46.0,-99.2,0.0
45.6,-99.2,0.0
45.2,-99.2,0.0
44.4,-99.2,0.0
44.8,-99.2,0.0
43.2,-99.2,0.0
43.6,-99.2,0.0
44.0,-99.2,0.0
42.4,-99.2,0.0
42.8,-99.2,0.0
41.2,-99.2,0.0
41.6,-99.2,0.0
42.0,-99.2,0.0
40.4,-99.2,0.0
40.8,-99.2,0.0
39.2,-99.2,0.0
39.6,-99.2,0.0
40.0,-99.2,0.0
38.4,-99.2,0.0
38.8,-99.2,0.0
38.0,-99.2,0.0
37.6,-99.2,0.0
37.2,-99.2,0.0
36.8,-99.2,0.0
36.4,-99.2,0.0
36.0,-99.2,0.0
35.6,-99.2,0.0
35.2,-99.2,0.0
34.8,-99.2,0.0
34.4,-99.2,0.0
33.2,-99.2,5.0
33.6,-99.2,4.583333333333333
34.0,-99.2,0.8333333333333334
32.4,-99.2,5.0
32.8,-99.2,5.0
31.6,-99.2,2.380952380952381
31.2,-99.2,0.0
32.0,-99.2,5.0
30.8,-99.2,0.0
30.4,-99.2,0.0
30.0,-99.2,0.0
29.2,-99.2,0.0
29.6,-99.2,0.0
28.4,-99.2,0.0
28.8,-99.2,0.0
28.0,-99.2,0.0
27.6,-99.2,0.0
27.2,-99.2,0.0
26.4,-99.2,0.0
26.8,-99.2,0.0
43.2,-82.0,0.0
43.6,-82.0,0.0
44.0,-82.0,0.0
41.2,-82.0,0.0
41.6,-82.0,0.0
42.0,-82.0,0.0
40.4,-82.0,0.0
40.8,-82.0,0.0
39.2,-82.0,0.0
39.6,-82.0,0.0
40.0,-82.0,0.0
38.4,-82.0,5.0
38.8,-82.0,2.0634920634920637
37.6,-82.0,5.0
37.2,-82.0,5.0
38.0,-82.0,5.0
36.8,-82.0,5.0
36.4,-82.0,5.0
36.0,-82.0,5.0
35.6,-82.0,5.0
35.2,-82.0,5.0
34.8,-82.0,1.1363636363636365
34.4,-82.0,0.0
34.0,-82.0,0.0
33.2,-82.0,0.0
33.6,-82.0,0.0
32.4,-82.0,0.0
32.8,-82.0,0.0
31.2,-82.0,0.0
31.6,-82.0,0.0
32.0,-82.0,0.0
30.8,-82.0,0.0
30.4,-82.0,0.0
30.0,-82.0,0.0
29.6,-82.0,0.0
29.2,-82.0,0.0
28.4,-82.0,0.0
28.8,-82.0,0.0
28.0,-82.0,0.0
27.6,-82.0,0.0
27.2,-82.0,0.0
26.4,-82.0,0.0
26.8,-82.0,0.0
26.0,-82.0,0.0
25.6,-82.0,0.0
24.8,-82.0,0.0
24.4,-82.0,0.0
49.2,-115.2,0.0
48.8,-115.2,0.0
48.4,-115.2,0.0
48.0,-115.2,0.0
47.6,-115.2,0.0
47.2,-115.2,0.0
46.8,-115.2,0.0
46.4,-115.2,0.0
46.0,-115.2,0.0
45.6,-115.2,0.0
45.2,-115.2,0.0
44.8,-115.2,0.0
44.4,-115.2,0.0
43.2,-115.2,0.0
43.6,-115.2,0.0
44.0,-115.2,0.0
42.4,-115.2,0.0
42.8,-115.2,0.0
41.2,-115.2,0.0
41.6,-115.2,0.0
42.0,-115.2,0.0
40.4,-115.2,0.0
40.8,-115.2,0.0
39.2,-115.2,0.0
39.6,-115.2,0.0
40.0,-115.2,0.0
38.4,-115.2,0.0
38.8,-115.2,0.0
37.2,-115.2,0.0
37.6,-115.2,0.0
38.0,-115.2,0.0
36.8,-115.2,0.0
36.4,-115.2,0.0
36.0,-115.2,0.0
35.6,-115.2,0.0
35.2,-115.2,0.0
34.8,-115.2,0.0
34.4,-115.2,0.0
34.0,-115.2,0.0
33.6,-115.2,0.0
33.2,-115.2,0.0
32.8,-115.2,0.0
48.8,-98.0,0.0
48.4,-98.0,0.0
48.0,-98.0,0.0
47.6,-98.0,0.0
47.2,-98.0,0.0
46.8,-98.0,0.0
46.4,-98.0,0.0
46.0,-98.0,0.0
45.6,-98.0,0.0
45.2,-98.0,0.0
44.4,-98.0,0.0
44.8,-98.0,0.0
43.2,-98.0,0.0
43.6,-98.0,0.0
44.0,-98.0,0.0
42.4,-98.0,0.0
42.8,-98.0,0.0
41.2,-98.0,0.0
41.6,-98.0,0.0
42.0,-98.0,0.0
40.4,-98.0,0.0
40.8,-98.0,0.0
39.2,-98.0,0.0
39.6,-98.0,0.0
40.0,-98.0,0.0
38.4,-98.0,0.0
38.8,-98.0,0.0
38.0,-98.0,0.0
37.6,-98.0,0.0
37.2,-98.0,0.0
36.8,-98.0,0.0
36.4,-98.0,0.0
36.0,-98.0,0.0
35.6,-98.0,0.0
35.2,-98.0,0.0
34.8,-98.0,0.0
34.4,-98.0,0.0
33.2,-98.0,0.0
33.6,-98.0,0.0
34.0,-98.0,0.0
32.4,-98.0,1.507936507936508
32.8,-98.0,2.03125
31.6,-98.0,0.0
31.2,-98.0,0.0
32.0,-98.0,0.23076923076923078
30.8,-98.0,0.0
30.4,-98.0,0.0
29.2,-98.0,0.0
29.6,-98.0,0.0
30.0,-98.0,0.0
28.8,-98.0,0.0
28.4,-98.0,0.0
28.0,-98.0,0.0
27.6,-98.0,0.0
27.2,-98.0,0.0
26.4,-98.0,0.0
26.8,-98.0,0.0
26.0,-98.0,0.0
42.4,-80.8,0.0
41.2,-80.8,0.0
41.6,-80.8,0.0
42.0,-80.8,0.0
40.4,-80.8,0.9523809523809523
40.8,-80.8,0.0
39.2,-80.8,5.0
39.6,-80.8,5.0
40.0,-80.8,4.285714285714286
38.4,-80.8,5.0
38.8,-80.8,5.0
37.6,-80.8,15.0
37.2,-80.8,15.0
38.0,-80.8,11.09375
36.8,-80.8,15.0
36.4,-80.8,14.375
36.0,-80.8,5.3125
35.6,-80.8,4.076923076923077
35.2,-80.8,0.0
34.8,-80.8,0.0
34.4,-80.8,0.0
34.0,-80.8,0.0
33.2,-80.8,0.0
33.6,-80.8,0.0
32.4,-80.8,0.0
32.8,-80.8,0.0
31.2,-80.8,0.0
31.6,-80.8,0.0
32.0,-80.8,0.0
30.0,-80.8,0.0
29.6,-80.8,0.0
29.2,-80.8,0.0
28.4,-80.8,0.0
28.8,-80.8,0.0
28.0,-80.8,0.0
27.6,-80.8,0.0
27.2,-80.8,0.0
26.4,-80.8,0.0
26.8,-80.8,0.0
25.6,-80.8,0.0
25.2,-80.8,0.0
26.0,-80.8,0.0
24.8,-80.8,0.0
24.4,-80.8,0.0
49.2,-114.0,0.0
48.8,-114.0,0.0
48.4,-114.0,0.0
48.0,-114.0,0.0
47.6,-114.0,0.0
47.2,-114.0,0.0
46.8,-114.0,0.0
46.4,-114.0,0.0
46.0,-114.0,0.0
45.6,-114.0,0.0
45.2,-114.0,0.0
44.8,-114.0,0.0
44.4,-114.0,0.0
43.2,-114.0,0.0
43.6,-114.0,0.0
44.0,-114.0,0.0
42.4,-114.0,0.0
42.8,-114.0,0.0
41.2,-114.0,0.0
41.6,-114.0,0.0
42.0,-114.0,0.0
40.4,-114.0,0.0
40.8,-114.0,0.0
39.2,-114.0,0.0
39.6,-114.0,0.0
40.0,-114.0,0.0
38.4,-114.0,0.0
38.8,-114.0,0.0
37.2,-114.0,0.0
37.6,-114.0,0.0
38.0,-114.0,0.0
36.8,-114.0,0.0
36.4,-114.0,0.0
36.0,-114.0,0.0
35.6,-114.0,0.0
35.2,-114.0,0.0
34.8,-114.0,0.0
34.4,-114.0,0.0
34.0,-114.0,0.0
33.6,-114.0,0.0
33.2,-114.0,0.0
32.4,-114.0,0.0
32.8,-114.0,0.0
48.8,-96.8,0.0
48.4,-96.8,0.0
48.0,-96.8,0.0
47.6,-96.8,0.0
47.2,-96.8,0.0
46.8,-96.8,0.0
46.4,-96.8,0.0
46.0,-96.8,0.0
45.2,-96.8,0.0
45.6,-96.8,0.0
44.4,-96.8,0.0
44.8,-96.8,0.0
43.2,-96.8,0.0
43.6,-96.8,0.0
44.0,-96.8,0.0
42.4,-96.8,0.0
42.8,-96.8,0.0
41.2,-96.8,0.0
41.6,-96.8,0.0
42.0,-96.8,0.0
40.4,-96.8,0.0
40.8,-96.8,0.0
39.2,-96.8,0.0
39.6,-96.8,0.0
40.0,-96.8,0.0
38.4,-96.8,0.0
38.8,-96.8,0.0
38.0,-96.8,0.0
37.6,-96.8,0.0
37.2,-96.8,0.0
36.8,-96.8,0.0
36.4,-96.8,0.0
36.0,-96.8,0.0
35.6,-96.8,0.0
35.2,-96.8,0.0
34.8,-96.8,0.0
34.4,-96.8,0.0
33.2,-96.8,0.0
33.6,-96.8,0.0
34.0,-96.8,0.0
32.4,-96.8,0.0
32.8,-96.8,0.0
31.6,-96.8,0.0
31.2,-96.8,0.0
32.0,-96.8,0.0
30.8,-96.8,0.0
30.4,-96.8,0.0
29.2,-96.8,0.0
29.6,-96.8,0.0
30.0,-96.8,0.0
28.4,-96.8,0.0
28.8,-96.8,0.0
28.0,-96.8,0.0
27.6,-96.8,0.0
27.2,-96.8,0.0
26.4,-96.8,0.0
26.8,-96.8,0.0
26.0,-96.8,0.0
42.4,-79.6,0.0
42.8,-79.6,0.0
41.2,-79.6,5.0
41.6,-79.6,3.015873015873016
42.0,-79.6,0.08064516129032258
40.4,-79.6,5.0
40.8,-79.6,5.0
39.2,-79.6,15.0
39.6,-79.6,11.666666666666666
40.0,-79.6,6.111111111111111
38.4,-79.6,15.0
38.8,-79.6,15.0
37.6,-79.6,15.0
37.2,-79.6,15.0
38.0,-79.6,15.0
36.8,-79.6,11.5625
36.4,-79.6,5.0
36.0,-79.6,2.769230769230769
35.6,-79.6,0.0
35.2,-79.6,0.0
34.8,-79.6,0.0
34.4,-79.6,0.0
34.0,-79.6,0.0
33.2,-79.6,0.0
33.6,-79.6,0.0
32.4,-79.6,0.0
32.8,-79.6,0.0
27.2,-79.6,0.0
26.8,-79.6,0.0
26.4,-79.6,0.0
49.2,-112.8,0.0
48.8,-112.8,0.0
48.4,-112.8,0.0
48.0,-112.8,0.0
47.6,-112.8,0.0
47.2,-112.8,0.0
46.8,-112.8,0.0
46.4,-112.8,0.0
46.0,-112.8,0.0
45.6,-112.8,0.0
45.2,-112.8,0.0
44.8,-112.8,0.0
44.4,-112.8,0.0
43.2,-112.8,0.0
43.6,-112.8,0.0
44.0,-112.8,0.0
42.4,-112.8,0.0
42.8,-112.8,0.0
41.2,-112.8,0.0
41.6,-112.8,0.0
42.0,-112.8,0.0
40.4,-112.8,0.0
40.8,-112.8,0.0
39.2,-112.8,0.0
39.6,-112.8,0.0
40.0,-112.8,0.0
38.4,-112.8,0.0
38.8,-112.8,0.0
37.2,-112.8,0.0
37.6,-112.8,0.0
38.0,-112.8,0.0
36.8,-112.8,0.0
36.4,-112.8,0.0
36.0,-112.8,0.0
35.6,-112.8,0.0
35.2,-112.8,0.0
34.8,-112.8,0.0
34.4,-112.8,0.0
34.0,-112.8,0.0
33.6,-112.8,0.0
33.2,-112.8,0.0
32.4,-112.8,0.0
32.8,-112.8,0.0
32.0,-112.8,0.0
48.8,-95.6,0.0
48.4,-95.6,0.0
48.0,-95.6,0.0
47.6,-95.6,0.0
47.2,-95.6,0.0
46.8,-95.6,0.0
46.4,-95.6,0.0
46.0,-95.6,0.0
45.2,-95.6,0.0
45.6,-95.6,0.0
44.4,-95.6,0.0
44.8,-95.6,0.0
43.2,-95.6,0.0
43.6,-95.6,0.0
44.0,-95.6,0.0
42.4,-95.6,0.0
42.8,-95.6,0.0
41.2,-95.6,0.0
41.6,-95.6,0.0
42.0,-95.6,0.0
40.4,-95.6,0.0
40.8,-95.6,0.0
39.2,-95.6,0.0
39.6,-95.6,0.0
40.0,-95.6,0.0
38.4,-95.6,0.0
38.8,-95.6,0.0
38.0,-95.6,0.0
37.6,-95.6,0.0
37.2,-95.6,0.0
36.8,-95.6,0.0
36.4,-95.6,0.0
36.0,-95.6,0.0
35.6,-95.6,0.0
35.2,-95.6,0.0
34.8,-95.6,0.0
34.4,-95.6,0.0
33.2,-95.6,0.0
33.6,-95.6,0.0
34.0,-95.6,0.0
32.4,-95.6,0.0
32.8,-95.6,0.0
31.6,-95.6,0.0
31.2,-95.6,0.0
32.0,-95.6,0.0
30.8,-95.6,0.0
30.4,-95.6,0.0
29.2,-95.6,0.0
29.6,-95.6,0.0
30.0,-95.6,0.0
28.8,-95.6,0.0
28.4,-95.6,0.0
43.2,-78.4,0.0
43.6,-78.4,0.0
42.4,-78.4,5.0
42.8,-78.4,2.8225806451612905
41.2,-78.4,13.4375
41.6,-78.4,6.904761904761905
42.0,-78.4,5.0
40.4,-78.4,15.0
40.8,-78.4,15.0
39.2,-78.4,15.0
39.6,-78.4,15.0
40.0,-78.4,15.0
38.4,-78.4,15.0
38.8,-78.4,15.0
37.6,-78.4,15.0
37.2,-78.4,7.698412698412699
38.0,-78.4,15.0
36.8,-78.4,5.0
36.4,-78.4,1.71875
36.0,-78.4,0.0
35.6,-78.4,0.0
35.2,-78.4,0.0
34.8,-78.4,0.0
34.4,-78.4,0.0
34.0,-78.4,0.0
33.6,-78.4,0.0
48.8,-111.6,0.0
48.4,-111.6,0.0
48.0,-111.6,0.0
47.6,-111.6,0.0
47.2,-111.6,0.0
46.8,-111.6,0.0
46.4,-111.6,0.0
46.0,-111.6,0.0
45.6,-111.6,0.0
45.2,-111.6,0.0
44.4,-111.6,0.0
44.8,-111.6,0.0
43.2,-111.6,0.0
43.6,-111.6,0.0
44.0,-111.6,0.0
42.4,-111.6,0.0
42.8,-111.6,0.0
41.2,-111.6,0.0
41.6,-111.6,0.0
42.0,-111.6,0.0
40.4,-111.6,0.0
40.8,-111.6,0.0
39.2,-111.6,0.0
39.6,-111.6,0.0
40.0,-111.6,0.0
38.4,-111.6,0.0
38.8,-111.6,0.0
37.6,-111.6,0.0
37.2,-111.6,0.0
38.0,-111.6,0.0
36.8,-111.6,0.0
36.4,-111.6,0.0
36.0,-111.6,0.0
35.6,-111.6,0.0
35.2,-111.6,0.0
34.8,-111.6,0.0
34.4,-111.6,0.0
34.0,-111.6,0.0
33.2,-111.6,0.0
33.6,-111.6,0.0
32.4,-111.6,0.0
32.8,-111.6,0.0
31.6,-111.6,0.0
32.0,-111.6,0.0
48.8,-94.4,0.0
48.4,-94.4,0.0
48.0,-94.4,0.0
47.6,-94.4,0.0
47.2,-94.4,0.0
46.8,-94.4,0.0
46.4,-94.4,0.0
46.0,-94.4,0.0
45.2,-94.4,0.0
45.6,-94.4,0.0
44.4,-94.4,0.0
44.8,-94.4,0.0
43.2,-94.4,0.0
43.6,-94.4,0.0
44.0,-94.4,0.0
42.4,-94.4,0.0
42.8,-94.4,0.0
41.2,-94.4,0.0
41.6,-94.4,0.0
42.0,-94.4,0.0
40.4,-94.4,0.0
40.8,-94.4,0.0
39.2,-94.4,0.0
39.6,-94.4,0.0
40.0,-94.4,0.0
38.4,-94.4,0.0
38.8,-94.4,0.0
38.0,-94.4,0.0
37.6,-94.4,0.0
37.2,-94.4,0.0
36.8,-94.4,0.0
36.4,-94.4,0.0
36.0,-94.4,0.0
35.6,-94.4,0.0
35.2,-94.4,0.0
34.8,-94.4,0.0
34.4,-94.4,0.0
33.2,-94.4,0.0
33.6,-94.4,0.0
34.0,-94.4,0.0
32.4,-94.4,0.0
32.8,-94.4,0.0
31.6,-94.4,0.0
31.2,-94.4,0.0
32.0,-94.4,0.0
30.8,-94.4,0.0
30.4,-94.4,0.0
29.2,-94.4,0.0
29.6,-94.4,0.0
30.0,-94.4,0.0
43.2,-77.2,5.0
43.6,-77.2,4.857142857142857
42.4,-77.2,13.548387096774194
42.8,-77.2,5.806451612903226
41.2,-77.2,15.0
41.6,-77.2,15.0
42.0,-77.2,15.0
40.4,-77.2,15.0
40.8,-77.2,15.0
39.2,-77.2,15.0
39.6,-77.2,15.0
40.0,-77.2,15.0
38.4,-77.2,15.0
38.8,-77.2,15.0
37.2,-77.2,4.769230769230769
37.6,-77.2,5.158730158730159
38.0,-77.2,13.4375
36.8,-77.2,0.46875
36.4,-77.2,0.0
36.0,-77.2,0.0
35.6,-77.2,0.0
35.2,-77.2,0.0
34.8,-77.2,0.0
34.4,-77.2,0.0
34.0,-77.2,0.0
49.2,-110.4,0.0
48.8,-110.4,0.0
48.4,-110.4,0.0
48.0,-110.4,0.0
47.6,-110.4,0.0
47.2,-110.4,0.0
46.8,-110.4,0.0
46.4,-110.4,0.0
46.0,-110.4,0.0
45.6,-110.4,0.0
45.2,-110.4,0.0
44.4,-110.4,0.0
44.8,-110.4,0.0
43.2,-110.4,0.0
43.6,-110.4,0.0
44.0,-110.4,0.0
42.4,-110.4,0.0
42.8,-110.4,0.0
41.2,-110.4,0.0
41.6,-110.4,0.0
42.0,-110.4,0.0
40.4,-110.4,0.0
40.8,-110.4,0.0
39.2,-110.4,0.0
39.6,-110.4,0.0
40.0,-110.4,0.0
38.4,-110.4,0.0
38.8,-110.4,0.0
37.6,-110.4,0.0
37.2,-110.4,0.0
38.0,-110.4,0.0
36.8,-110.4,0.0
36.4,-110.4,0.0
36.0,-110.4,0.0
35.6,-110.4,0.0
35.2,-110.4,0.0
34.8,-110.4,0.0
34.4,-110.4,0.0
34.0,-110.4,0.0
33.2,-110.4,0.0
33.6,-110.4,0.0
32.4,-110.4,0.0
32.8,-110.4,0.0
31.2,-110.4,0.0
31.6,-110.4,0.0
32.0,-110.4,0.0
48.8,-93.2,0.0
48.4,-93.2,0.0
48.0,-93.2,0.0
47.6,-93.2,0.0
47.2,-93.2,0.0
46.8,-93.2,0.0
46.4,-93.2,0.0
46.0,-93.2,0.0
45.2,-93.2,0.0
45.6,-93.2,0.0
44.4,-93.2,0.0
44.8,-93.2,0.0
43.2,-93.2,0.0
43.6,-93.2,0.0
44.0,-93.2,0.0
42.4,-93.2,0.0
42.8,-93.2,0.0
41.2,-93.2,0.0
41.6,-93.2,0.0
42.0,-93.2,0.0
40.4,-93.2,0.0
40.8,-93.2,0.0
39.2,-93.2,0.0
39.6,-93.2,0.0
40.0,-93.2,0.0
38.4,-93.2,0.0
38.8,-93.2,0.0
38.0,-93.2,0.0
37.6,-93.2,0.0
37.2,-93.2,0.0
36.8,-93.2,0.0
36.4,-93.2,0.0
36.0,-93.2,0.0
35.6,-93.2,0.0
35.2,-93.2,0.0
34.8,-93.2,0.0
34.4,-93.2,0.0
33.2,-93.2,0.0
33.6,-93.2,0.0
34.0,-93.2,0.0
32.4,-93.2,0.0
32.8,-93.2,0.0
31.6,-93.2,0.0
31.2,-93.2,0.0
32.0,-93.2,0.0
30.8,-93.2,0.0
30.4,-93.2,0.0
29.2,-93.2,0.0
29.6,-93.2,0.0
30.0,-93.2,0.0
44.4,-76.0,5.0
43.2,-76.0,14.830508474576272
43.6,-76.0,7.222222222222222
44.0,-76.0,5.0
42.4,-76.0,15.0
42.8,-76.0,15.0
41.2,-76.0,15.0
41.6,-76.0,15.0
42.0,-76.0,15.0
40.4,-76.0,15.0
40.8,-76.0,15.0
39.2,-76.0,15.0
39.6,-76.0,15.0
40.0,-76.0,15.0
38.4,-76.0,5.158730158730159
38.8,-76.0,12.936507936507937
37.2,-76.0,0.0
37.6,-76.0,2.5396825396825395
38.0,-76.0,5.0
36.8,-76.0,0.0
36.4,-76.0,0.0
36.0,-76.0,0.0
35.6,-76.0,0.0
35.2,-76.0,0.0
34.8,-76.0,0.0
34.4,-76.0,0.0
49.2,-109.2,0.0
48.8,-109.2,0.0
48.4,-109.2,0.0
48.0,-109.2,0.0
47.6,-109.2,0.0
47.2,-109.2,0.0
46.8,-109.2,0.0
46.4,-109.2,0.0
46.0,-109.2,0.0
45.6,-109.2,0.0
45.2,-109.2,0.0
44.4,-109.2,0.0
44.8,-109.2,0.0
43.2,-109.2,0.0
43.6,-109.2,0.0
44.0,-109.2,0.0
42.4,-109.2,0.0
42.8,-109.2,0.0
41.2,-109.2,0.0
41.6,-109.2,0.0
42.0,-109.2,0.0
40.4,-109.2,0.0
40.8,-109.2,0.0
39.2,-109.2,0.0
39.6,-109.2,0.0
40.0,-109.2,0.0
38.4,-109.2,0.0
38.8,-109.2,0.0
37.6,-109.2,0.0
37.2,-109.2,0.0
38.0,-109.2,0.0
36.8,-109.2,0.0
36.4,-109.2,0.0
36.0,-109.2,0.0
35.6,-109.2,0.0
35.2,-109.2,0.0
34.8,-109.2,0.0
34.4,-109.2,0.0
34.0,-109.2,0.0
33.2,-109.2,0.0
33.6,-109.2,0.0
32.4,-109.2,0.0
32.8,-109.2,0.0
31.2,-109.2,0.0
31.6,-109.2,0.0
32.0,-109.2,0.0
48.4,-92.0,0.0
48.0,-92.0,0.0
47.6,-92.0,0.0
47.2,-92.0,0.0
46.8,-92.0,0.0
46.4,-92.0,0.0
46.0,-92.0,0.0
45.6,-92.0,0.0
45.2,-92.0,0.0
44.4,-92.0,0.0
44.8,-92.0,0.0
43.2,-92.0,0.0
43.6,-92.0,0.0
44.0,-92.0,0.0
42.4,-92.0,0.0
42.8,-92.0,0.0
41.2,-92.0,0.0
41.6,-92.0,0.0
42.0,-92.0,0.0
40.4,-92.0,0.0
40.8,-92.0,0.0
39.2,-92.0,0.0
39.6,-92.0,0.0
40.0,-92.0,0.0
38.4,-92.0,0.0
38.8,-92.0,0.0
38.0,-92.0,0.0
37.6,-92.0,0.0
37.2,-92.0,0.0
36.8,-92.0,0.0
36.4,-92.0,0.0
36.0,-92.0,0.0
35.6,-92.0,0.0
35.2,-92.0,0.0
34.8,-92.0,0.0
34.4,-92.0,0.0
33.2,-92.0,0.0
33.6,-92.0,0.0
34.0,-92.0,0.0
32.4,-92.0,0.0
32.8,-92.0,0.0
31.6,-92.0,0.0
31.2,-92.0,0.0
32.0,-92.0,0.0
30.8,-92.0,0.0
30.4,-92.0,0.0
29.2,-92.0,0.0
29.6,-92.0,0.0
30.0,-92.0,0.0
45.2,-74.8,5.0
44.8,-74.8,5.7936507936507935
44.4,-74.8,13.387096774193548
43.2,-74.8,15.0
43.6,-74.8,15.0
44.0,-74.8,15.0
42.4,-74.8,15.0
42.8,-74.8,15.0
41.2,-74.8,15.0
41.6,-74.8,15.0
42.0,-74.8,15.0
40.4,-74.8,15.0
40.8,-74.8,15.0
39.2,-74.8,5.0
39.6,-74.8,5.9375
40.0,-74.8,12.580645161290322
38.4,-74.8,0.24390243902439024
38.8,-74.8,4.067796610169491
38.0,-74.8,0.0
